data_type_relate_id,created,last_modified,collection_id,data_type_id
9b1b410c-d0f9-4196-9db7-0c52b9cdd527,2018-07-31 08:11:38.392338,2018-07-31 08:11:38.392341,34e6ffc2-8854-4047-9c3b-498bf10d032c,729fc18f-89bd-4df8-80e2-5b8bab949b38
d073dcc6-5eff-4256-8aed-b91aa00f198a,2018-07-31 08:11:38.392473,2018-07-31 08:11:38.392475,cafa0c1b-5586-49dc-8f6a-cf1fab93362a,729fc18f-89bd-4df8-80e2-5b8bab949b38
e7ba0fc1-921c-452b-9e6f-4fa946e83160,2018-07-31 08:11:38.392586,2018-07-31 08:11:38.392588,2407d7a6-c33a-4095-915d-ac464293ef50,729fc18f-89bd-4df8-80e2-5b8bab949b38
84721b34-15a7-4b49-a7d0-d7b2bb77a3a1,2018-07-31 08:11:38.392670,2018-07-31 08:11:38.392672,9aba8b42-4a55-4687-95aa-5a7cf75c970a,729fc18f-89bd-4df8-80e2-5b8bab949b38
efbc6282-0794-455b-852d-418e51c866c4,2018-07-31 08:11:38.392742,2018-07-31 08:11:38.392743,50c2ade2-9fc4-4664-82dc-4f699b88d5ae,79ac875b-06d6-41bb-805c-60031cb8472f
0d9fcb85-13ec-48a8-bb9a-6d1a38ec6d13,2018-07-31 08:11:38.392816,2018-07-31 08:11:38.392817,10af3c75-0a13-49ab-97b2-c258204f0d57,79ac875b-06d6-41bb-805c-60031cb8472f
61714e34-2561-41ff-b111-781d64810610,2018-07-31 08:11:38.392928,2018-07-31 08:11:38.392930,10f3ccad-c484-474a-a1ac-30d97d2a3239,79ac875b-06d6-41bb-805c-60031cb8472f
757b20ed-5092-4b88-a531-745818d4dc56,2018-07-31 08:11:38.393008,2018-07-31 08:11:38.393010,7a398c54-a7b2-4f67-aa1f-666aebfdfc8f,7b4f9522-8080-422b-912e-a1d289a20dbe
fb08e96b-99c5-4f7e-8139-98c49f3d4b85,2018-07-31 08:11:38.393071,2018-07-31 08:11:38.393072,b6749a2d-9d94-4b37-af5b-9746c165fe46,79ac875b-06d6-41bb-805c-60031cb8472f
6746f17c-4df5-4b4c-a32a-8ec93943d1de,2018-07-31 08:11:38.393138,2018-07-31 08:11:38.393139,f692bfd4-4dea-4c8b-a14d-a5a73660c074,79ac875b-06d6-41bb-805c-60031cb8472f
c8f0b8bf-9b2c-4aa1-885e-97342d9215a0,2018-07-31 08:11:38.393205,2018-07-31 08:11:38.393206,025591d6-dabf-4242-ab6f-b4ec63f49992,7b4f9522-8080-422b-912e-a1d289a20dbe
38432b82-8085-41f1-a164-77e2db4d9e80,2018-07-31 08:11:38.393317,2018-07-31 08:11:38.393319,a50bd3f0-3a73-42f5-b617-ee683bd37f67,7b4f9522-8080-422b-912e-a1d289a20dbe
ab5579b2-3b21-4bae-8606-15f32222e1d1,2018-07-31 08:11:38.393392,2018-07-31 08:11:38.393394,2308a36c-2acb-414a-a603-62e1986734c8,79ac875b-06d6-41bb-805c-60031cb8472f
135cde54-f854-47ba-8c9a-a492c28e6fd1,2018-07-31 08:11:38.393460,2018-07-31 08:11:38.393462,46f82b17-62cc-4e01-8095-f72899ddcae0,7b4f9522-8080-422b-912e-a1d289a20dbe
098b298b-c59b-4167-bc12-cc511c9639fa,2018-07-31 08:11:38.393522,2018-07-31 08:11:38.393523,d4143336-8868-42d5-b2af-f463a38ca0dd,79ac875b-06d6-41bb-805c-60031cb8472f
7d77fe2d-3e43-41d0-937f-2cdca9e9030e,2018-07-31 08:11:38.393640,2018-07-31 08:11:38.393641,18c52542-dc6f-4a12-88b3-59ecc8e6d53d,729fc18f-89bd-4df8-80e2-5b8bab949b38
5d0243c4-1dd0-443a-bfe7-07b1f66ddbed,2018-07-31 08:11:38.393704,2018-07-31 08:11:38.393705,828e2ac2-308b-4db5-9be1-17914f5e56d7,79ac875b-06d6-41bb-805c-60031cb8472f
b293aece-419b-441d-b234-f7a86e943b3f,2018-07-31 08:11:38.393790,2018-07-31 08:11:38.393791,eb61aa80-149f-4381-a9b9-4089a65408d7,7b4f9522-8080-422b-912e-a1d289a20dbe
8ae677ba-22b1-43c4-979a-ca6967bde532,2018-07-31 08:11:38.393853,2018-07-31 08:11:38.393854,bc61656d-dc23-4624-82fd-daeaef06a36e,79ac875b-06d6-41bb-805c-60031cb8472f
f57e8a91-719c-455a-9dcf-a5f94f808f83,2018-07-31 08:11:38.393945,2018-07-31 08:11:38.393947,a0ca4670-a7c5-46b0-86a3-02b493a2b495,79ac875b-06d6-41bb-805c-60031cb8472f
8ce0f0e0-a313-4fea-b653-e82eb383af20,2018-07-31 08:11:38.394017,2018-07-31 08:11:38.394018,7ac77b5e-6127-4db4-8499-fa3020f37ab5,7b4f9522-8080-422b-912e-a1d289a20dbe
970cee8d-3d81-4946-ab12-7f45fcae1469,2018-07-31 08:11:38.394095,2018-07-31 08:11:38.394097,85d8fb09-cc72-442f-9b44-287ed8079dbc,7b4f9522-8080-422b-912e-a1d289a20dbe
ec8e56ec-5d06-4232-a2b3-77e2aa669e3c,2018-07-31 08:11:38.394165,2018-07-31 08:11:38.394167,837f9c46-0a41-4c59-99f9-cdda4ad4c9f1,7b4f9522-8080-422b-912e-a1d289a20dbe
0cf5e6bf-a670-4752-b398-d886376dd475,2018-07-31 08:11:38.394249,2018-07-31 08:11:38.394250,74e51b5d-a77f-42e6-b6ee-9826101afb59,7b4f9522-8080-422b-912e-a1d289a20dbe
3fe8b68f-6d5e-400e-b31a-330f06fc7923,2018-07-31 08:11:38.394336,2018-07-31 08:11:38.394338,466e48ab-0d43-4593-a8b1-27a6021293fe,79ac875b-06d6-41bb-805c-60031cb8472f
87f4cdc2-c7ae-49e5-aadd-64351ab38e0c,2018-07-31 08:11:38.394445,2018-07-31 08:11:38.394447,7684fbd6-fd02-49a2-abfd-1525cbb1f572,7b4f9522-8080-422b-912e-a1d289a20dbe
8d3eef99-8a8c-43cc-920b-795ce5fe20da,2018-07-31 08:11:38.394521,2018-07-31 08:11:38.394522,ccca3364-5df8-45ce-aac6-a429cafc9c65,7b4f9522-8080-422b-912e-a1d289a20dbe
fa64acc2-d189-4111-b8bb-79f23887946a,2018-07-31 08:11:38.394587,2018-07-31 08:11:38.394589,11aef507-0ce2-40aa-a381-aad25c0cda3c,79ac875b-06d6-41bb-805c-60031cb8472f
d2ea6434-06b8-464e-ab82-98606706a573,2018-07-31 08:11:38.394682,2018-07-31 08:11:38.394683,d4c33e51-6871-4395-8eb1-3c752bb51221,7b4f9522-8080-422b-912e-a1d289a20dbe
178c51a6-1ad0-46b6-9deb-964af52013bf,2018-07-31 08:11:38.394757,2018-07-31 08:11:38.394758,d9f379cf-218a-4e0f-9578-e2d82b82b156,7b4f9522-8080-422b-912e-a1d289a20dbe
97b9abcd-0292-4f8f-be78-8f2ff48abc61,2018-07-31 08:11:38.394834,2018-07-31 08:11:38.394835,a665d1fe-47f4-497c-b467-bb1535a02c9d,7b4f9522-8080-422b-912e-a1d289a20dbe
4ff625c2-0963-40a9-bf89-e39b79d45288,2018-07-31 08:11:38.394932,2018-07-31 08:11:38.394933,1baff523-b18d-46b8-81bb-c8153edc8a92,79ac875b-06d6-41bb-805c-60031cb8472f
91ec0551-a447-4ce8-bf7a-76d76c0d3598,2018-07-31 08:11:38.394999,2018-07-31 08:11:38.395000,bf44d22e-8606-466c-8f32-b9561da2ace8,7b4f9522-8080-422b-912e-a1d289a20dbe
c29cd567-1869-41e8-b824-cadc260693f7,2018-07-31 08:11:38.395070,2018-07-31 08:11:38.395071,39ca6940-f55e-4f09-acd1-58db7d56e2af,7b4f9522-8080-422b-912e-a1d289a20dbe
3651f8d1-427e-45a1-8828-875bc942809b,2018-07-31 08:11:38.395136,2018-07-31 08:11:38.395137,6b865af5-7a43-4170-bc02-fc9a542865d5,7b4f9522-8080-422b-912e-a1d289a20dbe
e1a1d8d5-a485-499c-91f8-a5ff96d42fe4,2018-07-31 08:11:38.395202,2018-07-31 08:11:38.395204,a8396e23-0cb6-4d96-8c09-d9d62fd19bf2,79ac875b-06d6-41bb-805c-60031cb8472f
9d7e3abe-dbd2-4741-baff-b114387cbbeb,2018-07-31 08:11:38.395310,2018-07-31 08:11:38.395312,a40c2ff9-ccac-4c76-99a1-2382c09cf716,7b4f9522-8080-422b-912e-a1d289a20dbe
c2f5681d-2696-481b-89b3-bfe5260a8900,2018-07-31 08:11:38.395402,2018-07-31 08:11:38.395403,6a825941-a80b-4a61-a2b2-1da205f2f28b,729fc18f-89bd-4df8-80e2-5b8bab949b38
f66f1ae9-f8fe-476c-b1c7-5f51b7c4914c,2018-07-31 08:11:38.395502,2018-07-31 08:11:38.395503,27f30e8a-115a-4ad5-ace1-5e2aa4a53a70,729fc18f-89bd-4df8-80e2-5b8bab949b38
bdafde05-1bd6-4d56-a9b7-c886c5858441,2018-07-31 08:11:38.395585,2018-07-31 08:11:38.395587,e28d8df6-cd30-4e89-bf0f-833e1ed0e670,7b4f9522-8080-422b-912e-a1d289a20dbe
6259860f-1682-4e90-bea7-b8a81d5199e7,2018-07-31 08:11:38.395676,2018-07-31 08:11:38.395677,6b475ef7-51e7-4e15-b652-4e942eafa85f,729fc18f-89bd-4df8-80e2-5b8bab949b38
e44b4be4-a06e-4c37-9739-96227368f27d,2018-07-31 08:11:38.395736,2018-07-31 08:11:38.395737,b7fd472a-6977-40cf-8ff2-6bb529275a97,79ac875b-06d6-41bb-805c-60031cb8472f
5028701b-2f02-43ff-a619-437636562acf,2018-07-31 08:11:38.395839,2018-07-31 08:11:38.395840,f64af3dc-938b-4c49-a642-31abe902fece,7b4f9522-8080-422b-912e-a1d289a20dbe
a04fd347-84bf-4523-b487-83036773fdd2,2018-07-31 08:11:38.395914,2018-07-31 08:11:38.395915,38f98cad-be45-4f14-9f02-d5a119f7a134,7b4f9522-8080-422b-912e-a1d289a20dbe
f6eba4cc-8095-4b28-9853-b9692b78ea5b,2018-07-31 08:11:38.395999,2018-07-31 08:11:38.396001,3dae45f8-5e54-408d-a522-a18e98fb22c9,7b4f9522-8080-422b-912e-a1d289a20dbe
2fbbc355-3c4f-42ab-84f1-303a43fc1207,2018-07-31 08:11:38.396098,2018-07-31 08:11:38.396099,5bb84939-a204-436c-80a7-ceb96a06f852,79ac875b-06d6-41bb-805c-60031cb8472f
752eef72-0462-4515-a6bb-fc5d782942ab,2018-07-31 08:11:38.396167,2018-07-31 08:11:38.396168,dfe990f8-7033-4bbc-8b22-07fde896cdd0,79ac875b-06d6-41bb-805c-60031cb8472f
d93583d3-36f2-4182-a3e7-c9f745414dd0,2018-07-31 08:11:38.396253,2018-07-31 08:11:38.396254,0b6b75dc-c163-4199-a045-b2e5350c75df,7b4f9522-8080-422b-912e-a1d289a20dbe
76fb0ef1-3146-40fc-8411-865eb99c02a4,2018-07-31 08:11:38.396319,2018-07-31 08:11:38.396320,8f6f47ec-164b-4a81-9545-3c6414caeea9,7b4f9522-8080-422b-912e-a1d289a20dbe
4b7bba12-945a-4e77-9d20-522d16690277,2018-07-31 08:11:38.396467,2018-07-31 08:11:38.396468,dd22dbd6-ae96-4ab3-b84e-2bf6b6f2d1c7,79ac875b-06d6-41bb-805c-60031cb8472f
15f8cbb6-32c8-4726-8d31-68861b79bcfd,2018-07-31 08:11:38.396574,2018-07-31 08:11:38.396575,8ea19b45-7a66-4e95-9833-f9e89611d106,729fc18f-89bd-4df8-80e2-5b8bab949b38
b5be7d64-334a-4a1e-a663-63a55d0cf1a3,2018-07-31 08:11:38.396643,2018-07-31 08:11:38.396644,a7d09cf8-7cc3-4370-952d-fd52cd865676,79ac875b-06d6-41bb-805c-60031cb8472f
8881549c-0fa7-4422-94b1-2e076c490be9,2018-07-31 08:11:38.396725,2018-07-31 08:11:38.396727,7bc5f57d-f679-454f-8fd3-bdffc8d54272,729fc18f-89bd-4df8-80e2-5b8bab949b38
767e70b3-1566-45d5-b389-bad9042b6104,2018-07-31 08:11:38.396823,2018-07-31 08:11:38.396825,bfb21c12-a2e9-4f00-b1e9-3ad71f15f2f6,7b4f9522-8080-422b-912e-a1d289a20dbe
d4d537a7-b06f-43ac-b929-0ba7d221f115,2018-07-31 08:11:38.396896,2018-07-31 08:11:38.396897,dcb83233-2202-4aba-8e57-490c87cf0f28,79ac875b-06d6-41bb-805c-60031cb8472f
157c2444-8ae6-4fee-b579-89327b1676d0,2018-07-31 08:11:38.396968,2018-07-31 08:11:38.396970,d1fde7dc-0b57-4357-b476-8e7f85d75c1b,7b4f9522-8080-422b-912e-a1d289a20dbe
242e2fb8-49eb-4702-92ce-345ca4c4b7fc,2018-07-31 08:11:38.397031,2018-07-31 08:11:38.397032,8375995a-0423-488c-9e3b-5bf76cdccf8f,7b4f9522-8080-422b-912e-a1d289a20dbe
a882ffb4-4410-4dfc-b3fb-62e1021ca885,2018-07-31 08:11:38.397131,2018-07-31 08:11:38.397132,1b7cf97b-1e2f-4a90-935e-982e7aa59e0e,7b4f9522-8080-422b-912e-a1d289a20dbe
ae6812ea-351d-4142-ae82-7c6f0782c4b7,2018-07-31 08:11:38.397200,2018-07-31 08:11:38.397202,cc3d69fa-c8e2-4395-8956-58d035888894,79ac875b-06d6-41bb-805c-60031cb8472f
41e411fe-8576-4244-a2e3-8926573e235a,2018-07-31 08:11:38.397282,2018-07-31 08:11:38.397283,4bd279fc-e358-4cdb-abc0-4e34516b21d3,729fc18f-89bd-4df8-80e2-5b8bab949b38
4f429589-2ec4-425e-aba6-080148d1a66e,2018-07-31 08:11:38.397395,2018-07-31 08:11:38.397397,d9ce5448-30a5-46cf-a246-55ba7c8304f0,729fc18f-89bd-4df8-80e2-5b8bab949b38
890102cd-e5f9-4f93-a532-40ecaac2e559,2018-07-31 08:11:38.397470,2018-07-31 08:11:38.397471,c04085c5-1e1d-43b8-ac4a-6a281fc16317,7b4f9522-8080-422b-912e-a1d289a20dbe
ebd781c3-0e55-44f5-9413-4c6c21ba9b44,2018-07-31 08:11:38.397553,2018-07-31 08:11:38.397554,e334f6b6-8440-43c4-8b2c-17fc713d315c,7b4f9522-8080-422b-912e-a1d289a20dbe
49d8745d-da78-4d6d-b995-601dc6dd0496,2018-07-31 08:11:38.397656,2018-07-31 08:11:38.397658,0549d3ba-3f72-4710-b26c-28c65df9c70d,729fc18f-89bd-4df8-80e2-5b8bab949b38
d96cdb22-cf3d-4898-9853-31bc2019fd9b,2018-07-31 08:11:38.397735,2018-07-31 08:11:38.397737,4dd0d9d0-29c0-4b42-a129-430f653eb8b2,7b4f9522-8080-422b-912e-a1d289a20dbe
2ed8ac26-475d-4425-8b15-c2be68a2ee80,2018-07-31 08:11:38.397800,2018-07-31 08:11:38.397802,6581cda0-0c25-41e7-8e65-861aaea58571,79ac875b-06d6-41bb-805c-60031cb8472f
e6ebe16e-9292-4cd0-989c-7d217f239017,2018-07-31 08:11:38.397874,2018-07-31 08:11:38.397876,e8f9fe46-e21d-4d62-9637-1e386f6e8b78,79ac875b-06d6-41bb-805c-60031cb8472f
ab780e0d-ab3c-49bf-8578-67e86307490a,2018-07-31 08:11:38.397975,2018-07-31 08:11:38.397976,73fcedd4-2cfb-46af-83f0-302fae56edaa,729fc18f-89bd-4df8-80e2-5b8bab949b38
17726d01-74c1-49ef-a0d7-fa5a512c8857,2018-07-31 08:11:38.398056,2018-07-31 08:11:38.398057,9e79c338-3801-498d-b6bf-fd1f3bd785f9,79ac875b-06d6-41bb-805c-60031cb8472f
9f902063-292f-4f88-9422-44da0d74d581,2018-07-31 08:11:38.398126,2018-07-31 08:11:38.398127,67cd14e5-f197-4186-8852-58a93bd96714,79ac875b-06d6-41bb-805c-60031cb8472f
0a4c209a-babb-409e-8ce2-a5a6a99005f7,2018-07-31 08:11:38.398227,2018-07-31 08:11:38.398229,6405ede8-8b03-411f-9544-cd6b3f6fe7fc,729fc18f-89bd-4df8-80e2-5b8bab949b38
3e06c8c7-dd7c-429f-a552-d20e7ee7650d,2018-07-31 08:11:38.398295,2018-07-31 08:11:38.398296,49248d7d-e313-46a8-82ec-88c200b10c55,79ac875b-06d6-41bb-805c-60031cb8472f
afd46b16-5265-4275-baeb-fa294923ec8c,2018-07-31 08:11:38.398368,2018-07-31 08:11:38.398370,20ec43fd-c276-4410-9ab9-e5dc62ff1e83,7b4f9522-8080-422b-912e-a1d289a20dbe
230ef44c-b103-4656-b6f2-5f7dbe78508b,2018-07-31 08:11:38.398438,2018-07-31 08:11:38.398439,cd058f80-7db5-4e5c-8d58-c047598daca2,79ac875b-06d6-41bb-805c-60031cb8472f
c03dfe96-9e21-4c6a-9cf0-2ba49932829e,2018-07-31 08:11:38.398500,2018-07-31 08:11:38.398501,0f903467-f56a-441e-a82a-4614d177552e,79ac875b-06d6-41bb-805c-60031cb8472f
e2193935-bce5-44f1-a7d1-aeccf632bb91,2018-07-31 08:11:38.398589,2018-07-31 08:11:38.398590,d916d57a-9553-4f54-8100-fc9acb8671ac,79ac875b-06d6-41bb-805c-60031cb8472f
e2f5d70a-ce76-4abd-9b2b-043cd50efe4a,2018-07-31 08:11:38.398669,2018-07-31 08:11:38.398670,ac2a7fe9-f778-4716-899f-550adc7afa15,729fc18f-89bd-4df8-80e2-5b8bab949b38
623d0c52-63c2-485d-95c6-bcd7291c1420,2018-07-31 08:11:38.398736,2018-07-31 08:11:38.398737,9e508f50-ced4-4f37-9ec9-18fe2e1ff9b8,7b4f9522-8080-422b-912e-a1d289a20dbe
55efa746-c124-47dd-acdf-967c6d3a9eab,2018-07-31 08:11:38.398811,2018-07-31 08:11:38.398812,8cb0dea3-72c1-4e77-b57b-151b10b07136,7b4f9522-8080-422b-912e-a1d289a20dbe
52c21e5a-d281-47df-a767-c1faccd72a8d,2018-07-31 08:11:38.398920,2018-07-31 08:11:38.398921,3110404a-bdf9-491c-b272-cca7bea69ec8,7b4f9522-8080-422b-912e-a1d289a20dbe
cbfe2f3e-9968-4edc-b4a6-49dac113c9cc,2018-07-31 08:11:38.398997,2018-07-31 08:11:38.398998,28f3ddd4-c6e8-4124-bc16-029a7dbe96e5,7b4f9522-8080-422b-912e-a1d289a20dbe
e64dca65-db20-4a06-8882-6a3c9b0ad1f5,2018-07-31 08:11:38.399079,2018-07-31 08:11:38.399080,812c6179-28d7-4829-b99e-ae15d4a7cf5b,729fc18f-89bd-4df8-80e2-5b8bab949b38
a2b9a017-536b-4868-8a60-1d2b87ffbae8,2018-07-31 08:11:38.399165,2018-07-31 08:11:38.399166,3fc52286-c6af-40b8-949c-59f2eafdd389,79ac875b-06d6-41bb-805c-60031cb8472f
5e9bf213-f901-4f1e-8ca9-c7dbcabe879f,2018-07-31 08:11:38.399249,2018-07-31 08:11:38.399250,e8a9bba2-b219-47a7-be04-ff6493363c27,7b4f9522-8080-422b-912e-a1d289a20dbe
638412c9-c335-497a-84a9-f2bb69f656a1,2018-07-31 08:11:38.399322,2018-07-31 08:11:38.399323,d9de42ae-9f53-43ed-a925-93c7c38237fc,7b4f9522-8080-422b-912e-a1d289a20dbe
2daf3b0d-6dc3-4374-bb4b-1010573e16df,2018-07-31 08:11:38.399433,2018-07-31 08:11:38.399435,fda08eb6-8daa-4daf-bfec-0fb0891cb732,729fc18f-89bd-4df8-80e2-5b8bab949b38
3d602868-d70d-4dd6-930e-1532a8736107,2018-07-31 08:11:38.399523,2018-07-31 08:11:38.399524,0f0d35ea-9593-49ff-a03b-12fa2ca4fee4,7b4f9522-8080-422b-912e-a1d289a20dbe
9d1a4ad3-4d97-486f-a36f-cc482418d21c,2018-07-31 08:11:38.399610,2018-07-31 08:11:38.399611,df508fc6-c18a-4044-b0f7-35f3b9f64c02,7b4f9522-8080-422b-912e-a1d289a20dbe
7c307d41-2448-4e13-bdcc-a5c485b83eff,2018-07-31 08:11:38.399705,2018-07-31 08:11:38.399706,1f1d417a-26f2-41d5-9787-af392d0f09cf,729fc18f-89bd-4df8-80e2-5b8bab949b38
206575f1-dfa3-4e12-93e9-92624c58f574,2018-07-31 08:11:38.399768,2018-07-31 08:11:38.399770,231b486b-7512-4004-869a-0e2e9217d118,79ac875b-06d6-41bb-805c-60031cb8472f
2aa7efbb-ff9a-48c8-b63c-826e4c7aa0ea,2018-07-31 08:11:38.399847,2018-07-31 08:11:38.399848,3ae404a0-f976-4064-9d3e-81e5a719ca3c,7b4f9522-8080-422b-912e-a1d289a20dbe
a5a192c3-78a5-4b6a-95ba-48ca89874318,2018-07-31 08:11:38.399919,2018-07-31 08:11:38.399921,4c81ca86-fc3e-4275-9510-6adaff57f6ed,79ac875b-06d6-41bb-805c-60031cb8472f
f04af879-5aa9-4a32-b96c-eacfa7fcafb5,2018-07-31 08:11:38.400007,2018-07-31 08:11:38.400008,5751f066-28be-46af-b795-08387a27da6e,79ac875b-06d6-41bb-805c-60031cb8472f
d4bae235-00e4-4178-a2ce-9adcba91bd61,2018-07-31 08:11:38.400088,2018-07-31 08:11:38.400089,b133455e-0196-4e5d-b69b-a962847afce3,729fc18f-89bd-4df8-80e2-5b8bab949b38
2b898ff1-9d78-4e95-83b6-a1ecbf18623b,2018-07-31 08:11:38.400150,2018-07-31 08:11:38.400151,52882402-db53-44cd-8c61-5a00a6ecec3d,7b4f9522-8080-422b-912e-a1d289a20dbe
ce06804d-eeda-43cf-8fc1-a280013d8236,2018-07-31 08:11:38.400223,2018-07-31 08:11:38.400224,c2ef5d63-378b-4d5e-a1b6-0b189dc30c5e,79ac875b-06d6-41bb-805c-60031cb8472f
71a23e28-0dcb-4ff3-9b55-a1cba57aa1cf,2018-07-31 08:11:38.400285,2018-07-31 08:11:38.400286,84f48258-fcf2-42a1-bd8b-5ed1f882aebe,79ac875b-06d6-41bb-805c-60031cb8472f
7f255a4f-7e1f-424b-bfd4-d91fe461118f,2018-07-31 08:11:38.400386,2018-07-31 08:11:38.400387,3dbe699f-1ba5-445b-b291-28390ae4f32d,729fc18f-89bd-4df8-80e2-5b8bab949b38
0a03fb02-88a1-44a3-8f5e-1d277e3bda3b,2018-07-31 08:11:38.400466,2018-07-31 08:11:38.400467,bfdb7a76-a36c-4e9b-ba18-e8c8b259ed91,7b4f9522-8080-422b-912e-a1d289a20dbe
f4f3c975-d242-44e1-ac6c-b8bbe8974278,2018-07-31 08:11:38.400590,2018-07-31 08:11:38.400592,a5970f51-1fb6-49f3-8fb0-f862cb255415,7b4f9522-8080-422b-912e-a1d289a20dbe
2a221fe0-19e1-4aa6-8792-bee638890672,2018-07-31 08:11:38.400686,2018-07-31 08:11:38.400688,eb192b73-e92b-4948-a851-f975c86463f6,79ac875b-06d6-41bb-805c-60031cb8472f
26dc775c-0dca-4965-9c40-045adb333445,2018-07-31 08:11:38.400753,2018-07-31 08:11:38.400754,c7aa3dae-3934-4d36-91a3-9f53526c9438,7b4f9522-8080-422b-912e-a1d289a20dbe
e7e22ec5-3235-410a-9106-04dcfe96b239,2018-07-31 08:11:38.400817,2018-07-31 08:11:38.400818,5106093c-226e-4212-83e6-ce8ac8ab693b,79ac875b-06d6-41bb-805c-60031cb8472f
444d3f93-efe0-45f5-9f64-7085c65d584b,2018-07-31 08:11:38.400883,2018-07-31 08:11:38.400884,40959f80-cc22-433a-bc89-1ab6789c750b,7b4f9522-8080-422b-912e-a1d289a20dbe
dbe65617-2345-4081-a59b-48d81d5d55f4,2018-07-31 08:11:38.400946,2018-07-31 08:11:38.400947,deaa1e8e-7233-411f-b77f-b5a16e072e64,79ac875b-06d6-41bb-805c-60031cb8472f
0ccad218-8dc7-43dd-b1c6-0b69afe880ce,2018-07-31 08:11:38.401035,2018-07-31 08:11:38.401036,44f9b291-9903-4dbb-88e7-9d31acd7ff7e,7b4f9522-8080-422b-912e-a1d289a20dbe
c75a35e2-0ced-4f6d-86f7-cbc7808ccf71,2018-07-31 08:11:38.401116,2018-07-31 08:11:38.401118,d03915c3-025d-48ff-8ad8-aeb13ea4b51b,79ac875b-06d6-41bb-805c-60031cb8472f
d9edd020-a1d5-4b98-bf4e-3415d3652021,2018-07-31 08:11:38.401192,2018-07-31 08:11:38.401193,6ab34fe4-90b4-4474-a327-2a7b1cf65923,7b4f9522-8080-422b-912e-a1d289a20dbe
53884d97-631e-4368-b801-edd99e7ea71c,2018-07-31 08:11:38.401263,2018-07-31 08:11:38.401264,9dd28b93-6249-4f55-8116-629d249938c8,79ac875b-06d6-41bb-805c-60031cb8472f
7c2dca2a-b221-4f4e-8409-c7df3490a87a,2018-07-31 08:11:38.401345,2018-07-31 08:11:38.401346,5a40a2fa-b125-4c1e-8100-a19187736cdb,79ac875b-06d6-41bb-805c-60031cb8472f
84f79422-0761-4c32-848d-a0d28ad55999,2018-07-31 08:11:38.401430,2018-07-31 08:11:38.401431,af1ca25e-b38b-4203-90b8-d90f881963ae,79ac875b-06d6-41bb-805c-60031cb8472f
9be7b1f1-099b-4885-a774-2f2781cb3ea3,2018-07-31 08:11:38.401505,2018-07-31 08:11:38.401506,3fbac9d5-d6ec-4201-8261-22d3d0c2684d,729fc18f-89bd-4df8-80e2-5b8bab949b38
45cb5014-82f8-41db-877a-0739c3e82e50,2018-07-31 08:11:38.401581,2018-07-31 08:11:38.401582,a21fdb21-ace9-43b2-97ab-b42abd781c05,79ac875b-06d6-41bb-805c-60031cb8472f
db64e904-ef98-4e93-99b2-146afd08f745,2018-07-31 08:11:38.401669,2018-07-31 08:11:38.401671,c5452b6f-751d-4161-bb40-e51b4abe4ca4,7b4f9522-8080-422b-912e-a1d289a20dbe
cbcbacf1-c5ba-487a-9a23-bcb931f6985b,2018-07-31 08:11:38.401754,2018-07-31 08:11:38.401756,b0d2c140-b848-46d7-87c6-435f625ae8a0,79ac875b-06d6-41bb-805c-60031cb8472f
095785ed-5357-4f11-b091-ad536d56c323,2018-07-31 08:11:38.401781,2018-07-31 08:11:38.401782,b0d2c140-b848-46d7-87c6-435f625ae8a0,7b4f9522-8080-422b-912e-a1d289a20dbe
3647bb76-3132-4e61-8d91-327050657585,2018-07-31 08:11:38.401898,2018-07-31 08:11:38.401899,d69e74b0-9c20-4a7d-9b3d-f251eb318bfe,729fc18f-89bd-4df8-80e2-5b8bab949b38
25334d25-7aaa-427a-a301-035460069f40,2018-07-31 08:11:38.401982,2018-07-31 08:11:38.401983,b7e5b638-99f0-4676-9411-c88d06d49943,7b4f9522-8080-422b-912e-a1d289a20dbe
771f406a-ab5d-45c7-853b-8aad4a910cb4,2018-07-31 08:11:38.402046,2018-07-31 08:11:38.402047,78af4910-3620-479b-a41b-36b0ed655c38,79ac875b-06d6-41bb-805c-60031cb8472f
9d950516-46b0-4b19-aaeb-f06fa5bd40c4,2018-07-31 08:11:38.402152,2018-07-31 08:11:38.402153,924d3c6f-9f74-4147-8044-d4025f12eac3,7b4f9522-8080-422b-912e-a1d289a20dbe
b2218d3c-b7c3-4c13-9e45-3aa812c09bcf,2018-07-31 08:11:38.402224,2018-07-31 08:11:38.402226,1c57b5f0-7544-4eb6-8df1-bcddc92dcd93,79ac875b-06d6-41bb-805c-60031cb8472f
77f11026-e1ac-4b56-8c8c-c703dfd6b101,2018-07-31 08:11:38.402291,2018-07-31 08:11:38.402292,7fb5157d-0fd8-46fa-801d-1e2992aee1de,79ac875b-06d6-41bb-805c-60031cb8472f
a8407d9a-49cf-400b-a6c1-d8867aa40822,2018-07-31 08:11:38.402353,2018-07-31 08:11:38.402354,fab36a85-2785-40dc-978c-fa819b3aafae,79ac875b-06d6-41bb-805c-60031cb8472f
111f91de-920a-4f21-bf2f-1efa6a8ea213,2018-07-31 08:11:38.402428,2018-07-31 08:11:38.402429,c090aa08-f03c-405b-9aae-b1cf4467b4c1,79ac875b-06d6-41bb-805c-60031cb8472f
7adc08d4-d163-4b13-994a-15955f0e6249,2018-07-31 08:11:38.402537,2018-07-31 08:11:38.402538,e0ead9bd-0c01-4716-97e9-808ec330afd2,7b4f9522-8080-422b-912e-a1d289a20dbe
684b00ac-8583-46f0-b333-1d745a1394d7,2018-07-31 08:11:38.402614,2018-07-31 08:11:38.402615,8f1b8540-e68d-4141-baa0-3e5ceeeb54d7,729fc18f-89bd-4df8-80e2-5b8bab949b38
a6e0c65f-d148-435b-8d8b-cd83db6cbd02,2018-07-31 08:11:38.402685,2018-07-31 08:11:38.402687,0ec8bfd4-2c19-458c-a511-8b3d7487ac27,7b4f9522-8080-422b-912e-a1d289a20dbe
50b8ecfd-d934-4c59-a9f5-423cbcbcd336,2018-07-31 08:11:38.402794,2018-07-31 08:11:38.402795,df4303b6-aed5-4075-98df-cadb84990165,7b4f9522-8080-422b-912e-a1d289a20dbe
ad09ed30-d539-453a-9301-84ad00e18b94,2018-07-31 08:11:38.402858,2018-07-31 08:11:38.402859,4ef9121b-1de2-444b-a7c3-9d99e77b9fdd,7b4f9522-8080-422b-912e-a1d289a20dbe
7fc4098e-b5c4-4c83-9422-18d2e97dfef6,2018-07-31 08:11:38.402930,2018-07-31 08:11:38.402931,506b4a6b-a8cf-4b69-9b9f-1d358067ac6a,729fc18f-89bd-4df8-80e2-5b8bab949b38
0b470486-3a5f-4a33-aaa3-5d5dc55ddd4f,2018-07-31 08:11:38.403012,2018-07-31 08:11:38.403013,da097bc5-240e-400e-944f-0e403fbd781f,729fc18f-89bd-4df8-80e2-5b8bab949b38
667aa7a9-4947-4700-b0e0-3933a7a5d159,2018-07-31 08:11:38.403115,2018-07-31 08:11:38.403116,6bb27abd-b30c-4bd0-b429-a570fd999e15,729fc18f-89bd-4df8-80e2-5b8bab949b38
0d295bde-d3b2-4a05-828a-2c06fa37738e,2018-07-31 08:11:38.403186,2018-07-31 08:11:38.403187,1095a856-b1ba-4de4-a747-6c840cf67734,79ac875b-06d6-41bb-805c-60031cb8472f
f87a42c3-17d6-4946-8ad0-8631a90c320b,2018-07-31 08:11:38.403274,2018-07-31 08:11:38.403276,61e8db81-5ca3-4c58-ac7a-3ecf4467894b,7b4f9522-8080-422b-912e-a1d289a20dbe
08413e3a-eb1d-4b72-b64f-20346efe56c3,2018-07-31 08:11:38.403391,2018-07-31 08:11:38.403392,bd48a549-e911-4a43-b78c-815647343fb6,79ac875b-06d6-41bb-805c-60031cb8472f
d9501cca-c22c-447a-b1e6-cb453296a4d6,2018-07-31 08:11:38.403480,2018-07-31 08:11:38.403481,84dc0be9-7ae2-4615-a74f-b276f3beec17,729fc18f-89bd-4df8-80e2-5b8bab949b38
63ea4e3b-0461-4e7c-9291-924e6394f1ee,2018-07-31 08:11:38.403559,2018-07-31 08:11:38.403560,97e5fa3b-8b12-4132-814d-dbb9335c6709,7b4f9522-8080-422b-912e-a1d289a20dbe
6fad8118-edc9-414f-a0d7-1635015138b6,2018-07-31 08:11:38.403649,2018-07-31 08:11:38.403651,4a5b165b-e996-4954-ba66-7c8b6834c403,79ac875b-06d6-41bb-805c-60031cb8472f
680f6a42-64b2-4c47-bb02-43f0420df778,2018-07-31 08:11:38.403789,2018-07-31 08:11:38.403790,a8756dac-62a7-4b51-8d07-ab0cecb6e600,7b4f9522-8080-422b-912e-a1d289a20dbe
297f2811-d6af-415a-aaf0-354fe2e8d2b8,2018-07-31 08:11:38.403860,2018-07-31 08:11:38.403861,e56d2659-7c04-4ed9-a354-75bbe45647c6,7b4f9522-8080-422b-912e-a1d289a20dbe
ac0f4da9-1bbc-44b9-b33c-2586d063b804,2018-07-31 08:11:38.403928,2018-07-31 08:11:38.403929,0bf2bc60-48f4-4b2e-849f-31e25da08c91,7b4f9522-8080-422b-912e-a1d289a20dbe
0f999e98-0fe5-47ba-b8c7-9001669e7c90,2018-07-31 08:11:38.404041,2018-07-31 08:11:38.404043,1849447b-4f62-4318-81d3-9fef9c31482c,7b4f9522-8080-422b-912e-a1d289a20dbe
5c302f1b-7516-4b6c-a680-077af235f63b,2018-07-31 08:11:38.404134,2018-07-31 08:11:38.404135,dec8a962-0b66-48bc-bddc-e14736a9aaec,729fc18f-89bd-4df8-80e2-5b8bab949b38
8584e3e0-017a-425c-828f-8e6a081fb99e,2018-07-31 08:11:38.404217,2018-07-31 08:11:38.404218,c8ff13c0-8b82-4187-b21b-8962ef62cd0e,79ac875b-06d6-41bb-805c-60031cb8472f
435edb49-aed6-444d-b3dd-724fa8262844,2018-07-31 08:11:38.404320,2018-07-31 08:11:38.404321,02a1485c-2c6e-4f4c-9f52-17c1d59dab59,729fc18f-89bd-4df8-80e2-5b8bab949b38
f5659d9a-b3d3-4862-bafd-4e0ac17b2d2c,2018-07-31 08:11:38.404406,2018-07-31 08:11:38.404407,58b8f94e-c1c4-4a8f-bc2b-bd96e35b83fd,7b4f9522-8080-422b-912e-a1d289a20dbe
3c31735d-a35a-4f44-afba-9132f59d4008,2018-07-31 08:11:38.404484,2018-07-31 08:11:38.404485,2032756b-ee41-4782-bbca-59b237fe3d9e,729fc18f-89bd-4df8-80e2-5b8bab949b38
5882d6c0-7510-4891-be14-735cc74f8703,2018-07-31 08:11:38.404571,2018-07-31 08:11:38.404572,cd77e3c0-58b5-4097-860d-81c9865ff0a8,7b4f9522-8080-422b-912e-a1d289a20dbe
7fec7b2b-ee4b-40db-b4b6-7c945b32057f,2018-07-31 08:11:38.404634,2018-07-31 08:11:38.404635,69c829e2-94e2-4190-99a0-b895cd2726e8,79ac875b-06d6-41bb-805c-60031cb8472f
c98823d9-e128-4c6c-88fa-d37ed2abed7d,2018-07-31 08:11:38.404738,2018-07-31 08:11:38.404739,87b28327-55ab-47e2-8bd9-53330ecd1295,79ac875b-06d6-41bb-805c-60031cb8472f
20f2d2af-6224-4151-a55c-6a47173a4adb,2018-07-31 08:11:38.404827,2018-07-31 08:11:38.404828,e7d2ccee-5288-4257-85bc-e4a2babf91ee,7b4f9522-8080-422b-912e-a1d289a20dbe
1a178747-3b5c-4372-b7c4-de00ee86719b,2018-07-31 08:11:38.404919,2018-07-31 08:11:38.404921,2b756f1b-f695-46fe-ab00-c3e390c336a0,7b4f9522-8080-422b-912e-a1d289a20dbe
c719371d-1d02-43bd-b9fa-017ef6b9fec4,2018-07-31 08:11:38.404993,2018-07-31 08:11:38.404994,ef391074-52ab-4a6b-b572-e40d575e3755,79ac875b-06d6-41bb-805c-60031cb8472f
96cc81a0-1bc9-456a-98e9-42ec69f6194b,2018-07-31 08:11:38.405069,2018-07-31 08:11:38.405070,a3246604-801d-438e-a200-f97976a83659,79ac875b-06d6-41bb-805c-60031cb8472f
90f2e3b3-4d7b-4de6-9317-063ef83c4711,2018-07-31 08:11:38.405140,2018-07-31 08:11:38.405141,974853ba-e4e2-463d-8d7d-ff75dbd16797,79ac875b-06d6-41bb-805c-60031cb8472f
72b2ea86-c00e-4ed4-84bd-d6944414884b,2018-07-31 08:11:38.405227,2018-07-31 08:11:38.405228,da8e3105-0b2e-450b-b8c3-59654b663152,7b4f9522-8080-422b-912e-a1d289a20dbe
556b3e25-1734-4f7c-ad9a-802574199f17,2018-07-31 08:11:38.405291,2018-07-31 08:11:38.405293,0c09e269-e0e1-4725-946c-416e3c55614b,7b4f9522-8080-422b-912e-a1d289a20dbe
b52c612d-e9f0-4e03-8397-3939f18a766d,2018-07-31 08:11:38.405359,2018-07-31 08:11:38.405360,9535ee24-610d-4f9e-9a12-a2317628149d,79ac875b-06d6-41bb-805c-60031cb8472f
1f496c7d-287d-4131-aa5c-583e2e61243e,2018-07-31 08:11:38.405437,2018-07-31 08:11:38.405439,8e755f52-4ca9-43dd-860a-ae09ef28305f,729fc18f-89bd-4df8-80e2-5b8bab949b38
714a1ed1-e652-4b56-8cb5-326eda4f0597,2018-07-31 08:11:38.405538,2018-07-31 08:11:38.405540,2645daf3-beb7-4137-98cf-c28b97008d89,729fc18f-89bd-4df8-80e2-5b8bab949b38
06927242-3d4f-435a-aa5f-3c99532e5eed,2018-07-31 08:11:38.405609,2018-07-31 08:11:38.405610,64bdb745-2bbb-49af-837b-6f3f98cd941a,79ac875b-06d6-41bb-805c-60031cb8472f
8a186718-f3cf-4f6e-9961-8f3151917bbb,2018-07-31 08:11:38.405679,2018-07-31 08:11:38.405680,c4236326-e557-4e99-bea8-55838fc9bb0f,79ac875b-06d6-41bb-805c-60031cb8472f
50b17353-094e-4d81-b2a5-57d703a19902,2018-07-31 08:11:38.405740,2018-07-31 08:11:38.405741,933f49f3-d6c8-4632-8633-e7447a09ff55,79ac875b-06d6-41bb-805c-60031cb8472f
6ced29ec-f54a-47a1-9f9e-afddd9fd8e9b,2018-07-31 08:11:38.405842,2018-07-31 08:11:38.405843,4e306d96-e77f-4794-b818-eba5c85140de,729fc18f-89bd-4df8-80e2-5b8bab949b38
85e88127-6a7b-48eb-b3dd-dbd972bcac93,2018-07-31 08:11:38.405908,2018-07-31 08:11:38.405909,79a18636-3419-4e22-92a3-d40c92eced14,79ac875b-06d6-41bb-805c-60031cb8472f
68960340-51ce-4181-9822-5e7b60e0e3a0,2018-07-31 08:11:38.405990,2018-07-31 08:11:38.405991,09f32e91-6579-4db1-91e4-4a0655af51ac,7b4f9522-8080-422b-912e-a1d289a20dbe
90fa375a-8764-4a20-a6da-6992e68de337,2018-07-31 08:11:38.406053,2018-07-31 08:11:38.406054,fc5457f9-30bd-403e-b3d7-778bcb8ed826,79ac875b-06d6-41bb-805c-60031cb8472f
b24bb02f-b57f-4d2a-aa71-df1af1b2d375,2018-07-31 08:11:38.406145,2018-07-31 08:11:38.406147,73eaebe0-1dd7-461d-8d79-5687b4465c7b,7b4f9522-8080-422b-912e-a1d289a20dbe
7e8e509d-70b6-4b3a-b3eb-387efe27e0bf,2018-07-31 08:11:38.406222,2018-07-31 08:11:38.406223,8136c798-e67d-4339-8b5e-e52897e70d1f,729fc18f-89bd-4df8-80e2-5b8bab949b38
699ccda5-7d02-4731-99ab-8fb524e9b2eb,2018-07-31 08:11:38.406305,2018-07-31 08:11:38.406306,d28415b0-e933-4395-a66b-7d983a63abec,7b4f9522-8080-422b-912e-a1d289a20dbe
a8380dbe-deb6-4413-b289-06a691325776,2018-07-31 08:11:38.406379,2018-07-31 08:11:38.406380,b768dbb0-9840-4a7a-9ac7-c3aeae0ec16c,79ac875b-06d6-41bb-805c-60031cb8472f
42096dd9-4204-470c-bf9f-0dd9eb9a7573,2018-07-31 08:11:38.406483,2018-07-31 08:11:38.406484,48ce46cb-7aba-406c-8330-f6c5b43389c1,729fc18f-89bd-4df8-80e2-5b8bab949b38
66f873db-2ea1-4c2f-978a-89b30fa6c43b,2018-07-31 08:11:38.406557,2018-07-31 08:11:38.406559,4fe0ec12-331f-470d-abb2-5401bcf53714,7b4f9522-8080-422b-912e-a1d289a20dbe
6aabc943-73a7-463d-ae6a-ce2f8b3b2851,2018-07-31 08:11:38.406631,2018-07-31 08:11:38.406632,0e7f4f25-44eb-42f8-af11-da0b70a1f956,7b4f9522-8080-422b-912e-a1d289a20dbe
77b4a48f-e298-4dbd-808b-88260b48fd95,2018-07-31 08:11:38.406724,2018-07-31 08:11:38.406725,72aac46c-bf78-4357-bdd4-26212e8df890,7b4f9522-8080-422b-912e-a1d289a20dbe
8133b3d8-e8a7-4445-9d31-3750b188270c,2018-07-31 08:11:38.406800,2018-07-31 08:11:38.406801,5182824e-5801-42d6-bfe8-28cdb279afc9,729fc18f-89bd-4df8-80e2-5b8bab949b38
53127f81-8ccb-4b17-ad31-f5aba17dfb59,2018-07-31 08:11:38.406888,2018-07-31 08:11:38.406890,49c7fa9b-ab48-4c17-8f19-27253f7cfd08,7b4f9522-8080-422b-912e-a1d289a20dbe
c15a0fc2-3c67-4431-a9eb-f8700ae86359,2018-07-31 08:11:38.406952,2018-07-31 08:11:38.406953,1c29056b-92f2-4c34-9c3c-6f05f3f178e5,79ac875b-06d6-41bb-805c-60031cb8472f
682569a5-8a24-4a1d-838d-12995f80ca30,2018-07-31 08:11:38.407073,2018-07-31 08:11:38.407075,5cb58401-99b5-4bf4-b01a-5ca970be1d44,7b4f9522-8080-422b-912e-a1d289a20dbe
42c39f06-3c9b-443a-884f-6480878ac54b,2018-07-31 08:11:38.407163,2018-07-31 08:11:38.407165,477953c1-ea26-4b01-9c6f-a87c310fe136,79ac875b-06d6-41bb-805c-60031cb8472f
bb2e0750-1375-4a54-9cd8-8403224529e0,2018-07-31 08:11:38.407303,2018-07-31 08:11:38.407306,a169c018-0b18-411a-97b8-66c45bea8a87,7b4f9522-8080-422b-912e-a1d289a20dbe
3b3a282e-4f1d-4e7f-b2f1-175234c886c6,2018-07-31 08:11:38.407479,2018-07-31 08:11:38.407482,ab743202-206c-4c37-99b1-9a46db93bd4c,729fc18f-89bd-4df8-80e2-5b8bab949b38
5c7a2869-451f-47c5-9e01-6ea9e8399d9b,2018-07-31 08:11:38.407594,2018-07-31 08:11:38.407596,0aa0823d-83c0-4c69-a332-88284c527b76,79ac875b-06d6-41bb-805c-60031cb8472f
a94ca12f-d052-4c56-8cf1-5a723028b38f,2018-07-31 08:11:38.407711,2018-07-31 08:11:38.407713,f4766ad6-2e10-4571-aa0c-c353b96d4d90,7b4f9522-8080-422b-912e-a1d289a20dbe
27947aa4-6eca-4ec7-8e02-0c586f5ba2c7,2018-07-31 08:11:38.407813,2018-07-31 08:11:38.407814,471e9d12-1ff3-493d-a0d3-ab8ffa6842c0,79ac875b-06d6-41bb-805c-60031cb8472f
703bc28f-2443-49ac-a602-27963970606b,2018-07-31 08:11:38.407890,2018-07-31 08:11:38.407891,6a9bb8e9-ce6f-4e48-8c57-5a7d62770771,79ac875b-06d6-41bb-805c-60031cb8472f
3560f1f0-31a6-4998-8a76-66eca00f7344,2018-07-31 08:11:38.407981,2018-07-31 08:11:38.407982,43c56651-c2da-4e66-a8fe-23915734fabd,7b4f9522-8080-422b-912e-a1d289a20dbe
ee52e874-40c5-45d2-a0d9-14a29b322e84,2018-07-31 08:11:38.408058,2018-07-31 08:11:38.408060,41bf20d7-7741-4347-ade3-915cee799e88,729fc18f-89bd-4df8-80e2-5b8bab949b38
a515c848-1268-45c1-a534-c3ca3dcd5c51,2018-07-31 08:11:38.408128,2018-07-31 08:11:38.408130,ef43182c-e253-4ce6-a1c5-5c7b62f720bf,79ac875b-06d6-41bb-805c-60031cb8472f
b4778a2e-3def-43a1-b7bd-b030cd1bb851,2018-07-31 08:11:38.408198,2018-07-31 08:11:38.408199,40a08efe-4d7c-4aec-905f-ba47597ecc96,79ac875b-06d6-41bb-805c-60031cb8472f
06f83611-344f-48a4-aa71-e385991cef9d,2018-07-31 08:11:38.408302,2018-07-31 08:11:38.408303,760f9068-426e-4c30-9829-177259d1da0f,729fc18f-89bd-4df8-80e2-5b8bab949b38
ae17a6cb-0ece-45bd-8b90-3953db42d05e,2018-07-31 08:11:38.408395,2018-07-31 08:11:38.408396,12342f12-2d74-44c4-9f00-a5c12ac2659c,729fc18f-89bd-4df8-80e2-5b8bab949b38
34ed4b3a-1b37-4867-b331-513f4e3d0e8e,2018-07-31 08:11:38.408461,2018-07-31 08:11:38.408462,13e878bc-bd88-4900-85bf-34b7cdac3c00,79ac875b-06d6-41bb-805c-60031cb8472f
07fdf516-49ec-49fb-8f91-7724666adf20,2018-07-31 08:11:38.408570,2018-07-31 08:11:38.408572,21130f88-dac2-4c36-9d9b-1fd9dc07750e,729fc18f-89bd-4df8-80e2-5b8bab949b38
4703f538-d49d-4a5a-80d6-c79b9c5ead61,2018-07-31 08:11:38.408641,2018-07-31 08:11:38.408643,99dc55a0-49f4-464d-910b-99a46c5fac77,79ac875b-06d6-41bb-805c-60031cb8472f
f9e3f754-3816-40d5-81ed-c12a4ff4276a,2018-07-31 08:11:38.408703,2018-07-31 08:11:38.408704,5b926143-7916-446c-aefb-806585afe2dc,79ac875b-06d6-41bb-805c-60031cb8472f
6a63f5ee-49c4-4c97-a77c-555552df8598,2018-07-31 08:11:38.408805,2018-07-31 08:11:38.408806,04f42cd7-bd81-42d2-bf9e-eca1d04e1936,729fc18f-89bd-4df8-80e2-5b8bab949b38
f007eac0-8d23-4f0a-a426-c6eefae26cf4,2018-07-31 08:11:38.408897,2018-07-31 08:11:38.408899,ac303b30-c98f-4b8a-a044-d90aaaa69093,7b4f9522-8080-422b-912e-a1d289a20dbe
9ffd228b-e70d-415e-bc6c-6d08625e3f0c,2018-07-31 08:11:38.408977,2018-07-31 08:11:38.408979,9d0966f6-2a89-4734-a406-2fd112831a3e,729fc18f-89bd-4df8-80e2-5b8bab949b38
ea4735c4-84b1-4893-a0f7-cc0847e335ec,2018-07-31 08:11:38.409094,2018-07-31 08:11:38.409096,09205f28-289b-42b0-926b-dc6b4c214393,7b4f9522-8080-422b-912e-a1d289a20dbe
f26628d8-359a-4e56-a713-09ba04546a19,2018-07-31 08:11:38.409186,2018-07-31 08:11:38.409187,23c917dd-86d4-4f27-94ab-cf7ec3e1d541,79ac875b-06d6-41bb-805c-60031cb8472f
b3008139-0077-4d98-a3b4-07befa81f15a,2018-07-31 08:11:38.409275,2018-07-31 08:11:38.409276,9dabb50e-00a1-46e5-8966-8a54ac424de6,729fc18f-89bd-4df8-80e2-5b8bab949b38
f78f9fd3-21b9-491e-87cc-c189a22bd4b4,2018-07-31 08:11:38.409352,2018-07-31 08:11:38.409353,aae4c148-6fe6-4179-b5b8-4d19c0686d17,79ac875b-06d6-41bb-805c-60031cb8472f
fe3015b3-928b-4b53-8f21-c9646edc96e7,2018-07-31 08:11:38.409449,2018-07-31 08:11:38.409451,833d5567-69bc-4132-85f2-cbd7b5d8796d,79ac875b-06d6-41bb-805c-60031cb8472f
70e06e56-28d0-4a60-941a-43838d3a925d,2018-07-31 08:11:38.409513,2018-07-31 08:11:38.409514,a17ebc94-b167-4784-89a1-698f8964e8d8,79ac875b-06d6-41bb-805c-60031cb8472f
5c799a76-bb7f-4083-bfc8-25f16ab84f03,2018-07-31 08:11:38.409594,2018-07-31 08:11:38.409595,1d69eeb7-d3ab-48d9-8899-2d54476832ba,7b4f9522-8080-422b-912e-a1d289a20dbe
4a250e22-098a-454d-b739-aa52d4f0b02d,2018-07-31 08:11:38.409662,2018-07-31 08:11:38.409663,338b3ade-2807-4a28-bbaf-73b50cecca7f,7b4f9522-8080-422b-912e-a1d289a20dbe
bcda4b5f-2ce9-4c16-9d5f-78bc17f60e3c,2018-07-31 08:11:38.409752,2018-07-31 08:11:38.409754,0317aedf-574f-4655-a956-f47109da49ca,7b4f9522-8080-422b-912e-a1d289a20dbe
aca55411-c0e4-4eba-8a69-d8df5722b350,2018-07-31 08:11:38.409817,2018-07-31 08:11:38.409818,7a9bfc3e-0573-4e26-aed7-6a1f766fa437,79ac875b-06d6-41bb-805c-60031cb8472f
9b2f593f-9b63-44a2-b4a6-4f03e20bbea1,2018-07-31 08:11:38.409899,2018-07-31 08:11:38.409900,4ac74b28-e989-46f8-aedf-1c833378357d,7b4f9522-8080-422b-912e-a1d289a20dbe
5c011e52-7964-4fec-aae5-a662c530d0aa,2018-07-31 08:11:38.409979,2018-07-31 08:11:38.409981,7c41cd9d-fea3-484b-9e76-e0561fb01556,7b4f9522-8080-422b-912e-a1d289a20dbe
3095f0f2-c411-4a98-97b1-5edfc8a2616f,2018-07-31 08:11:38.410053,2018-07-31 08:11:38.410054,b861bf31-866f-4b60-b153-bfd64ebe83db,7b4f9522-8080-422b-912e-a1d289a20dbe
efaeb8db-f689-4745-adbf-1e7a5aa2f388,2018-07-31 08:11:38.410143,2018-07-31 08:11:38.410145,694e05e7-3284-4eeb-a88f-3b50ee50f8ed,7b4f9522-8080-422b-912e-a1d289a20dbe
89834ddb-1970-4d76-9c40-6c56602b4b30,2018-07-31 08:11:38.410213,2018-07-31 08:11:38.410215,d7be0ac1-af83-4982-9740-e49bcc7ad17a,7b4f9522-8080-422b-912e-a1d289a20dbe
875ff394-84f8-49e1-9b7d-c4215765c6ed,2018-07-31 08:11:38.410287,2018-07-31 08:11:38.410288,8f8e27bf-799d-408d-8eec-ea11b05d2668,7b4f9522-8080-422b-912e-a1d289a20dbe
f614144a-41a5-4eda-a551-cc38e0730998,2018-07-31 08:11:38.410349,2018-07-31 08:11:38.410350,7f275eb2-2fcd-4f4b-8396-cc0a3e7001f2,79ac875b-06d6-41bb-805c-60031cb8472f
e7d8feb4-6a2d-442e-abbd-32fdc9f29864,2018-07-31 08:11:38.410469,2018-07-31 08:11:38.410471,f41593e7-de21-4e4b-a9f7-59df9e0e11dc,7b4f9522-8080-422b-912e-a1d289a20dbe
fbaedb8d-b3eb-437c-ab2f-18228f5c9363,2018-07-31 08:11:38.410536,2018-07-31 08:11:38.410537,99a7ed26-3b91-4550-8262-d4196fcae9bd,79ac875b-06d6-41bb-805c-60031cb8472f
578cf842-63e2-4e3e-9fd9-4dbc2da9ed66,2018-07-31 08:11:38.410596,2018-07-31 08:11:38.410597,8abbe0ce-e1d1-4a90-9989-295637374d02,79ac875b-06d6-41bb-805c-60031cb8472f
6d5b5e46-5a9c-4621-8757-79cda012e4ce,2018-07-31 08:11:38.410663,2018-07-31 08:11:38.410664,8fe992d8-1019-492a-b36b-9cfc3293ac6b,79ac875b-06d6-41bb-805c-60031cb8472f
07c47c0e-6f18-4f7f-9b5b-abbf0719605e,2018-07-31 08:11:38.410689,2018-07-31 08:11:38.410690,8fe992d8-1019-492a-b36b-9cfc3293ac6b,7b4f9522-8080-422b-912e-a1d289a20dbe
2eaca8e0-c101-4935-9329-ad0e85760f4c,2018-07-31 08:11:38.410772,2018-07-31 08:11:38.410773,3c8b4908-ed9e-43ea-a720-c690221857a6,79ac875b-06d6-41bb-805c-60031cb8472f
4112bfa7-bb5a-4335-969b-001828f3c5b9,2018-07-31 08:11:38.410877,2018-07-31 08:11:38.410878,f09f36b9-12b1-4c88-bccb-017afa9bc3d8,729fc18f-89bd-4df8-80e2-5b8bab949b38
eecc5ba2-870d-4ba2-9254-15495658e2bd,2018-07-31 08:11:38.410943,2018-07-31 08:11:38.410944,02322201-e2e3-4e4a-b4d3-8121ade4c987,79ac875b-06d6-41bb-805c-60031cb8472f
2cf29f12-e3c3-4001-bd39-69242fe45526,2018-07-31 08:11:38.411026,2018-07-31 08:11:38.411027,b2a7314a-7861-410b-b551-480c61ff582f,7b4f9522-8080-422b-912e-a1d289a20dbe
e5753f13-cd64-465f-bf24-2c4b111520b0,2018-07-31 08:11:38.411093,2018-07-31 08:11:38.411094,1da95422-d6b9-470c-9078-05f899b1d8d4,79ac875b-06d6-41bb-805c-60031cb8472f
3dcc8a1a-edfd-411a-9dbe-d389a6cf986c,2018-07-31 08:11:38.411174,2018-07-31 08:11:38.411175,28c30f70-e4a8-4f69-9b40-b6ca8b2d32b7,79ac875b-06d6-41bb-805c-60031cb8472f
5b1445d7-c19e-4dce-b2a0-79e1dccadfcd,2018-07-31 08:11:38.411237,2018-07-31 08:11:38.411239,763aee4e-2d3c-4ca5-a34a-0825e8c75889,79ac875b-06d6-41bb-805c-60031cb8472f
