category_relate_id,created,last_modified,category_type_id,collection_id
272c694b-811d-4585-8031-8de7c566f0e5,2018-07-31 09:47:05.976624,2018-07-31 09:47:05.976634,ac9bdad4-39ec-48e8-9de4-35b96dbccf08,34e6ffc2-8854-4047-9c3b-498bf10d032c
c2ea2b87-4873-4818-93d8-b340a316cf31,2018-07-31 09:47:05.976737,2018-07-31 09:47:05.976744,ac9bdad4-39ec-48e8-9de4-35b96dbccf08,cafa0c1b-5586-49dc-8f6a-cf1fab93362a
01bacbca-de03-4fdc-86cf-9c83d06c4d0b,2018-07-31 09:47:05.976858,2018-07-31 09:47:05.976865,ac9bdad4-39ec-48e8-9de4-35b96dbccf08,2407d7a6-c33a-4095-915d-ac464293ef50
f8e88874-1da2-4e0e-91f1-abd8e751fb16,2018-07-31 09:47:05.976960,2018-07-31 09:47:05.976967,ac9bdad4-39ec-48e8-9de4-35b96dbccf08,9aba8b42-4a55-4687-95aa-5a7cf75c970a
038e10d0-2ef6-4e4b-80a4-7964d828553f,2018-07-31 09:47:05.977043,2018-07-31 09:47:05.977049,4c0b549c-9409-4093-80a9-ae166a899645,50c2ade2-9fc4-4664-82dc-4f699b88d5ae
45eb504a-9100-442c-8ff1-168759965efa,2018-07-31 09:47:05.977148,2018-07-31 09:47:05.977162,e3f23c9f-b2ef-4956-aba7-b1af77a7dd39,10af3c75-0a13-49ab-97b2-c258204f0d57
480d2f56-13f4-4a65-8bd2-97664571beb4,2018-07-31 09:47:05.977299,2018-07-31 09:47:05.977306,5dbbdf04-8f63-4cec-b1f5-00bf00ac9f19,10f3ccad-c484-474a-a1ac-30d97d2a3239
6d06c302-9e24-4a35-91a0-a98145806237,2018-07-31 09:47:05.977386,2018-07-31 09:47:05.977392,a77f0e4b-1703-4c7c-a8ea-b0ab73f6b0cf,7a398c54-a7b2-4f67-aa1f-666aebfdfc8f
9b1bd7d4-b16d-4804-907d-32ebef807f74,2018-07-31 09:47:05.977451,2018-07-31 09:47:05.977457,5d1b4f08-a934-46bf-9d6c-05ef9dba4f68,b6749a2d-9d94-4b37-af5b-9746c165fe46
e41a92d2-3d56-416d-8e45-0f8fda2b7ff1,2018-07-31 09:47:05.977522,2018-07-31 09:47:05.977528,9aa3b308-c419-4597-b455-a08c929d3225,f692bfd4-4dea-4c8b-a14d-a5a73660c074
ac2640b3-7a62-45d6-a883-6c561fbb0fe4,2018-07-31 09:47:05.977593,2018-07-31 09:47:05.977599,a77f0e4b-1703-4c7c-a8ea-b0ab73f6b0cf,025591d6-dabf-4242-ab6f-b4ec63f49992
157752c6-5d25-4499-95f9-0dc87ca7ec8f,2018-07-31 09:47:05.977698,2018-07-31 09:47:05.977704,965d75a1-a4f1-40e4-ab93-725a5700d7c5,a50bd3f0-3a73-42f5-b617-ee683bd37f67
dc2cd89d-cd1f-4903-b3fe-3e179b2e23ae,2018-07-31 09:47:05.977765,2018-07-31 09:47:05.977771,6695100b-dfe0-4e0d-9f63-f4bff3c6fd93,2308a36c-2acb-414a-a603-62e1986734c8
54e5183a-cb24-40b6-8cb3-973128885f66,2018-07-31 09:47:05.977835,2018-07-31 09:47:05.977841,a77f0e4b-1703-4c7c-a8ea-b0ab73f6b0cf,46f82b17-62cc-4e01-8095-f72899ddcae0
d5ef938b-4897-490c-9da1-af9506394852,2018-07-31 09:47:05.977899,2018-07-31 09:47:05.977905,e10bd935-4122-4a9b-89c2-333a0039759e,d4143336-8868-42d5-b2af-f463a38ca0dd
46e4076b-9ee5-4eb8-a3ec-50f5beecdf42,2018-07-31 09:47:05.978026,2018-07-31 09:47:05.978032,ac9bdad4-39ec-48e8-9de4-35b96dbccf08,18c52542-dc6f-4a12-88b3-59ecc8e6d53d
9d97377b-241d-4949-9727-d128c09ab8fe,2018-07-31 09:47:05.978092,2018-07-31 09:47:05.978098,e10bd935-4122-4a9b-89c2-333a0039759e,828e2ac2-308b-4db5-9be1-17914f5e56d7
5fc68624-1bce-4d55-85f7-16b35ddc002e,2018-07-31 09:47:05.978185,2018-07-31 09:47:05.978191,a77f0e4b-1703-4c7c-a8ea-b0ab73f6b0cf,eb61aa80-149f-4381-a9b9-4089a65408d7
3e2a1cc6-8777-4069-98c5-5c7ee03775f2,2018-07-31 09:47:05.978251,2018-07-31 09:47:05.978257,4c0b549c-9409-4093-80a9-ae166a899645,bc61656d-dc23-4624-82fd-daeaef06a36e
2f5e361f-bb89-4949-b698-a819ed4377bb,2018-07-31 09:47:05.978349,2018-07-31 09:47:05.978356,965d75a1-a4f1-40e4-ab93-725a5700d7c5,a0ca4670-a7c5-46b0-86a3-02b493a2b495
18e9369e-88f6-416a-a9b9-f82b0e4a239e,2018-07-31 09:47:05.978421,2018-07-31 09:47:05.978427,a77f0e4b-1703-4c7c-a8ea-b0ab73f6b0cf,7ac77b5e-6127-4db4-8499-fa3020f37ab5
feebb23e-8f5b-482f-98b4-a787b7f7c1c1,2018-07-31 09:47:05.978516,2018-07-31 09:47:05.978522,a77f0e4b-1703-4c7c-a8ea-b0ab73f6b0cf,85d8fb09-cc72-442f-9b44-287ed8079dbc
d0faac5e-4515-4649-b0b9-f0212d19daea,2018-07-31 09:47:05.978592,2018-07-31 09:47:05.978598,a77f0e4b-1703-4c7c-a8ea-b0ab73f6b0cf,837f9c46-0a41-4c59-99f9-cdda4ad4c9f1
de82dab7-7540-4588-b3ae-8fc5d1d2a6a5,2018-07-31 09:47:05.978680,2018-07-31 09:47:05.978687,a77f0e4b-1703-4c7c-a8ea-b0ab73f6b0cf,74e51b5d-a77f-42e6-b6ee-9826101afb59
53dd649d-fd5b-44ce-a818-b56ca8ad75a6,2018-07-31 09:47:05.978753,2018-07-31 09:47:05.978759,6695100b-dfe0-4e0d-9f63-f4bff3c6fd93,466e48ab-0d43-4593-a8b1-27a6021293fe
979f0578-d02e-49e2-a411-7d875e6b567f,2018-07-31 09:47:05.978829,2018-07-31 09:47:05.978835,965d75a1-a4f1-40e4-ab93-725a5700d7c5,7684fbd6-fd02-49a2-abfd-1525cbb1f572
985608ad-3e2b-418b-a2f6-730186109eff,2018-07-31 09:47:05.978905,2018-07-31 09:47:05.978911,b4b0411f-5dcb-47ba-b16a-ac90a44b5f36,ccca3364-5df8-45ce-aac6-a429cafc9c65
fe8174d1-1d55-4a8d-938d-f5b7da146678,2018-07-31 09:47:05.978968,2018-07-31 09:47:05.978974,5d1b4f08-a934-46bf-9d6c-05ef9dba4f68,11aef507-0ce2-40aa-a381-aad25c0cda3c
487110d3-534a-4c81-8d32-1c23a96becd3,2018-07-31 09:47:05.979068,2018-07-31 09:47:05.979074,a77f0e4b-1703-4c7c-a8ea-b0ab73f6b0cf,d4c33e51-6871-4395-8eb1-3c752bb51221
1a917c0b-875c-4681-b906-736ab3165ad7,2018-07-31 09:47:05.979147,2018-07-31 09:47:05.979153,a77f0e4b-1703-4c7c-a8ea-b0ab73f6b0cf,d9f379cf-218a-4e0f-9578-e2d82b82b156
4ab72758-30bc-4606-af81-26cc361c2c0a,2018-07-31 09:47:05.979228,2018-07-31 09:47:05.979234,a77f0e4b-1703-4c7c-a8ea-b0ab73f6b0cf,a665d1fe-47f4-497c-b467-bb1535a02c9d
aff5582f-9644-4f5d-98c7-0c4667be3e8a,2018-07-31 09:47:05.979341,2018-07-31 09:47:05.979348,e10bd935-4122-4a9b-89c2-333a0039759e,1baff523-b18d-46b8-81bb-c8153edc8a92
3c7ab758-cc4d-46a2-b9eb-dbaa4763447f,2018-07-31 09:47:05.979413,2018-07-31 09:47:05.979419,a77f0e4b-1703-4c7c-a8ea-b0ab73f6b0cf,bf44d22e-8606-466c-8f32-b9561da2ace8
ba622b75-a9d9-469a-ab17-09b60f0f1c7f,2018-07-31 09:47:05.979487,2018-07-31 09:47:05.979493,a77f0e4b-1703-4c7c-a8ea-b0ab73f6b0cf,39ca6940-f55e-4f09-acd1-58db7d56e2af
b8b9ac5f-4e73-4ce7-b888-8b7f576d45de,2018-07-31 09:47:05.979557,2018-07-31 09:47:05.979563,a77f0e4b-1703-4c7c-a8ea-b0ab73f6b0cf,6b865af5-7a43-4170-bc02-fc9a542865d5
6ca0c1ef-e2ac-4e12-811c-5b668fc8dee5,2018-07-31 09:47:05.979628,2018-07-31 09:47:05.979633,6695100b-dfe0-4e0d-9f63-f4bff3c6fd93,a8396e23-0cb6-4d96-8c09-d9d62fd19bf2
7a19cffb-1d9e-40bf-ba36-d582ddc7dc86,2018-07-31 09:47:05.979747,2018-07-31 09:47:05.979754,a77f0e4b-1703-4c7c-a8ea-b0ab73f6b0cf,a40c2ff9-ccac-4c76-99a1-2382c09cf716
aa34f40c-c7c2-476d-b11e-bb6b16b3e13f,2018-07-31 09:47:05.979839,2018-07-31 09:47:05.979844,ac9bdad4-39ec-48e8-9de4-35b96dbccf08,6a825941-a80b-4a61-a2b2-1da205f2f28b
61730fab-65b4-4689-8684-6201be1bf09b,2018-07-31 09:47:05.979946,2018-07-31 09:47:05.979952,ac9bdad4-39ec-48e8-9de4-35b96dbccf08,27f30e8a-115a-4ad5-ace1-5e2aa4a53a70
2290909d-9b6a-433a-a6a5-342642e6891c,2018-07-31 09:47:05.980020,2018-07-31 09:47:05.980026,7b5b09a2-4de1-4774-8f9d-382fcd9eae82,e28d8df6-cd30-4e89-bf0f-833e1ed0e670
5350c62e-a85e-4a6e-ae5b-5e0cf81912cb,2018-07-31 09:47:05.980117,2018-07-31 09:47:05.980123,ac9bdad4-39ec-48e8-9de4-35b96dbccf08,6b475ef7-51e7-4e15-b652-4e942eafa85f
c7a74959-e8a8-4831-b14f-cf5df705ef36,2018-07-31 09:47:05.980180,2018-07-31 09:47:05.980186,379edcc0-5867-41bd-b383-075baa830d59,b7fd472a-6977-40cf-8ff2-6bb529275a97
b43e2e11-4f00-4c6b-8810-79abe2c9600e,2018-07-31 09:47:05.980282,2018-07-31 09:47:05.980288,9ad48d76-6d9a-4df0-8455-313e7eee1385,f64af3dc-938b-4c49-a642-31abe902fece
1495cacd-2efe-4fcb-9713-18f0bd894e49,2018-07-31 09:47:05.980362,2018-07-31 09:47:05.980368,a77f0e4b-1703-4c7c-a8ea-b0ab73f6b0cf,38f98cad-be45-4f14-9f02-d5a119f7a134
31a3e23b-5d19-4430-acdc-d89c1bc6fb89,2018-07-31 09:47:05.980455,2018-07-31 09:47:05.980461,a77f0e4b-1703-4c7c-a8ea-b0ab73f6b0cf,3dae45f8-5e54-408d-a522-a18e98fb22c9
810d2a9a-b1de-4ac9-8122-374a53854eaa,2018-07-31 09:47:05.980559,2018-07-31 09:47:05.980565,9aa3b308-c419-4597-b455-a08c929d3225,5bb84939-a204-436c-80a7-ceb96a06f852
547578b2-6a46-4c5b-a1c4-0769f69d3321,2018-07-31 09:47:05.980631,2018-07-31 09:47:05.980637,e10bd935-4122-4a9b-89c2-333a0039759e,dfe990f8-7033-4bbc-8b22-07fde896cdd0
65186555-661e-47dc-82aa-a1990d64d237,2018-07-31 09:47:05.980708,2018-07-31 09:47:05.980714,965d75a1-a4f1-40e4-ab93-725a5700d7c5,0b6b75dc-c163-4199-a045-b2e5350c75df
ae4b693a-9fa6-447a-8384-0dcf742a15e2,2018-07-31 09:47:05.980775,2018-07-31 09:47:05.980781,a77f0e4b-1703-4c7c-a8ea-b0ab73f6b0cf,8f6f47ec-164b-4a81-9545-3c6414caeea9
52f375a2-abdd-47fe-bbd8-6e12232458b1,2018-07-31 09:47:05.980917,2018-07-31 09:47:05.980925,e10bd935-4122-4a9b-89c2-333a0039759e,dd22dbd6-ae96-4ab3-b84e-2bf6b6f2d1c7
22e3e151-4409-462c-91d2-a785f1670c2b,2018-07-31 09:47:05.981034,2018-07-31 09:47:05.981041,ac9bdad4-39ec-48e8-9de4-35b96dbccf08,8ea19b45-7a66-4e95-9833-f9e89611d106
c5c8e0f8-2b94-4844-b06e-b1084ba415b4,2018-07-31 09:47:05.981106,2018-07-31 09:47:05.981112,a12c269c-da39-4fb7-ac0e-cb8c21f345b7,a7d09cf8-7cc3-4370-952d-fd52cd865676
5069517e-ea4a-46ef-92e4-a554e534590a,2018-07-31 09:47:05.981196,2018-07-31 09:47:05.981202,ac9bdad4-39ec-48e8-9de4-35b96dbccf08,7bc5f57d-f679-454f-8fd3-bdffc8d54272
6f13b7f3-a527-456b-8c42-cf010769da82,2018-07-31 09:47:05.981303,2018-07-31 09:47:05.981309,a77f0e4b-1703-4c7c-a8ea-b0ab73f6b0cf,bfb21c12-a2e9-4f00-b1e9-3ad71f15f2f6
28e4c480-09bc-4b6e-a3a9-121faa2cf69f,2018-07-31 09:47:05.981380,2018-07-31 09:47:05.981386,6695100b-dfe0-4e0d-9f63-f4bff3c6fd93,dcb83233-2202-4aba-8e57-490c87cf0f28
910abc6c-cf5c-4d0e-a487-ab809bc33dfe,2018-07-31 09:47:05.981459,2018-07-31 09:47:05.981465,a77f0e4b-1703-4c7c-a8ea-b0ab73f6b0cf,d1fde7dc-0b57-4357-b476-8e7f85d75c1b
d6a4e3fc-1c63-4080-885f-a85f1ffb43e3,2018-07-31 09:47:05.981525,2018-07-31 09:47:05.981531,a77f0e4b-1703-4c7c-a8ea-b0ab73f6b0cf,8375995a-0423-488c-9e3b-5bf76cdccf8f
2c075c5c-9882-4e03-bf19-ea3f418e8f3c,2018-07-31 09:47:05.981624,2018-07-31 09:47:05.981630,a77f0e4b-1703-4c7c-a8ea-b0ab73f6b0cf,1b7cf97b-1e2f-4a90-935e-982e7aa59e0e
4bf678ad-ee32-4421-b96a-d638dbc2c54d,2018-07-31 09:47:05.981695,2018-07-31 09:47:05.981701,379edcc0-5867-41bd-b383-075baa830d59,cc3d69fa-c8e2-4395-8956-58d035888894
79c5b0cd-2a4a-45fe-a743-4d68ee12318c,2018-07-31 09:47:05.981780,2018-07-31 09:47:05.981785,ac9bdad4-39ec-48e8-9de4-35b96dbccf08,4bd279fc-e358-4cdb-abc0-4e34516b21d3
2cfa5b2d-79e6-4b6f-8da5-6da06478807b,2018-07-31 09:47:05.981895,2018-07-31 09:47:05.981902,ac9bdad4-39ec-48e8-9de4-35b96dbccf08,d9ce5448-30a5-46cf-a246-55ba7c8304f0
7b4199b7-ebff-4edb-9b49-03f8900609f9,2018-07-31 09:47:05.981976,2018-07-31 09:47:05.981982,a77f0e4b-1703-4c7c-a8ea-b0ab73f6b0cf,c04085c5-1e1d-43b8-ac4a-6a281fc16317
110f017d-7088-4600-a210-805f2f984a8f,2018-07-31 09:47:05.982067,2018-07-31 09:47:05.982073,a77f0e4b-1703-4c7c-a8ea-b0ab73f6b0cf,e334f6b6-8440-43c4-8b2c-17fc713d315c
19e2c395-161e-4a17-941d-f39abc4818df,2018-07-31 09:47:05.982188,2018-07-31 09:47:05.982195,ac9bdad4-39ec-48e8-9de4-35b96dbccf08,0549d3ba-3f72-4710-b26c-28c65df9c70d
25dc81a6-aa14-4a1e-a1f4-092dcc89d90f,2018-07-31 09:47:05.982257,2018-07-31 09:47:05.982263,9aa3b308-c419-4597-b455-a08c929d3225,4dd0d9d0-29c0-4b42-a129-430f653eb8b2
34d04187-deb7-4f0a-8727-bc04167adfc1,2018-07-31 09:47:05.982321,2018-07-31 09:47:05.982327,379edcc0-5867-41bd-b383-075baa830d59,6581cda0-0c25-41e7-8e65-861aaea58571
1039f033-6301-4be6-9023-4f03cdd35a3a,2018-07-31 09:47:05.982401,2018-07-31 09:47:05.982407,6695100b-dfe0-4e0d-9f63-f4bff3c6fd93,e8f9fe46-e21d-4d62-9637-1e386f6e8b78
3ab709a7-aa0e-4bd4-b322-f31258487d1b,2018-07-31 09:47:05.982519,2018-07-31 09:47:05.982525,ac9bdad4-39ec-48e8-9de4-35b96dbccf08,73fcedd4-2cfb-46af-83f0-302fae56edaa
60709260-200e-42aa-8aa1-64c0b6ecdf58,2018-07-31 09:47:05.982662,2018-07-31 09:47:05.982669,6695100b-dfe0-4e0d-9f63-f4bff3c6fd93,9e79c338-3801-498d-b6bf-fd1f3bd785f9
2645e3be-e924-4311-b0da-2352e495293e,2018-07-31 09:47:05.982741,2018-07-31 09:47:05.982747,6695100b-dfe0-4e0d-9f63-f4bff3c6fd93,67cd14e5-f197-4186-8852-58a93bd96714
9f505ebe-589a-411e-b93e-7fe728f02c77,2018-07-31 09:47:05.982853,2018-07-31 09:47:05.982860,ac9bdad4-39ec-48e8-9de4-35b96dbccf08,6405ede8-8b03-411f-9544-cd6b3f6fe7fc
a62430b9-45e6-42ad-8667-682b7675cc87,2018-07-31 09:47:05.982926,2018-07-31 09:47:05.982931,6695100b-dfe0-4e0d-9f63-f4bff3c6fd93,49248d7d-e313-46a8-82ec-88c200b10c55
3352240b-b10a-4c8b-a0e9-df128370e40b,2018-07-31 09:47:05.982998,2018-07-31 09:47:05.983004,a77f0e4b-1703-4c7c-a8ea-b0ab73f6b0cf,20ec43fd-c276-4410-9ab9-e5dc62ff1e83
a9e4d2c9-7371-48e4-b800-4f2bcae7739a,2018-07-31 09:47:05.983069,2018-07-31 09:47:05.983075,e059472d-4e36-4013-95f3-dd10b8a92d42,cd058f80-7db5-4e5c-8d58-c047598daca2
ec75527e-8a7e-4f5e-8e3c-c791ed6ea221,2018-07-31 09:47:05.983134,2018-07-31 09:47:05.983140,e3f23c9f-b2ef-4956-aba7-b1af77a7dd39,0f903467-f56a-441e-a82a-4614d177552e
a4c78e91-3473-48fa-b57e-23042da6163e,2018-07-31 09:47:05.983230,2018-07-31 09:47:05.983236,6695100b-dfe0-4e0d-9f63-f4bff3c6fd93,d916d57a-9553-4f54-8100-fc9acb8671ac
e978710d-08e2-429a-b476-f86a609df1c8,2018-07-31 09:47:05.983318,2018-07-31 09:47:05.983324,ac9bdad4-39ec-48e8-9de4-35b96dbccf08,ac2a7fe9-f778-4716-899f-550adc7afa15
57ff3780-c721-4dd3-bd81-d3da829d1b71,2018-07-31 09:47:05.983389,2018-07-31 09:47:05.983395,a77f0e4b-1703-4c7c-a8ea-b0ab73f6b0cf,9e508f50-ced4-4f37-9ec9-18fe2e1ff9b8
4bc57f60-1c1b-4d3a-9999-f4c2bbd1db07,2018-07-31 09:47:05.983470,2018-07-31 09:47:05.983476,a77f0e4b-1703-4c7c-a8ea-b0ab73f6b0cf,8cb0dea3-72c1-4e77-b57b-151b10b07136
73a9cf8f-e7ac-4be4-bc6e-0c87da8f9c5e,2018-07-31 09:47:05.983573,2018-07-31 09:47:05.983579,6695100b-dfe0-4e0d-9f63-f4bff3c6fd93,3110404a-bdf9-491c-b272-cca7bea69ec8
ebb8a645-b872-4928-89c8-49c5593eead4,2018-07-31 09:47:05.983652,2018-07-31 09:47:05.983658,a77f0e4b-1703-4c7c-a8ea-b0ab73f6b0cf,28f3ddd4-c6e8-4124-bc16-029a7dbe96e5
f2469b8a-df9e-4f03-93d1-ead21599ad4c,2018-07-31 09:47:05.983740,2018-07-31 09:47:05.983746,ac9bdad4-39ec-48e8-9de4-35b96dbccf08,812c6179-28d7-4829-b99e-ae15d4a7cf5b
5f8ba916-b0a8-4192-b2fd-7fcca0531e10,2018-07-31 09:47:05.983832,2018-07-31 09:47:05.983838,e5b98127-64f0-4e21-8a19-2d279dfc134a,3fc52286-c6af-40b8-949c-59f2eafdd389
c4b1ee95-f655-4b5d-8360-fe36fda37aa2,2018-07-31 09:47:05.983924,2018-07-31 09:47:05.983930,a77f0e4b-1703-4c7c-a8ea-b0ab73f6b0cf,e8a9bba2-b219-47a7-be04-ff6493363c27
a4a4ceeb-65cd-41d3-badf-f1e0f3ec9b2b,2018-07-31 09:47:05.984002,2018-07-31 09:47:05.984008,9ad48d76-6d9a-4df0-8455-313e7eee1385,d9de42ae-9f53-43ed-a925-93c7c38237fc
f6f0704e-9173-4a01-8d30-666394780a00,2018-07-31 09:47:05.984115,2018-07-31 09:47:05.984122,ac9bdad4-39ec-48e8-9de4-35b96dbccf08,fda08eb6-8daa-4daf-bfec-0fb0891cb732
395b5415-b29d-4128-b109-3aea55d0a156,2018-07-31 09:47:05.984195,2018-07-31 09:47:05.984201,6695100b-dfe0-4e0d-9f63-f4bff3c6fd93,0f0d35ea-9593-49ff-a03b-12fa2ca4fee4
51aa3f9e-2412-4678-a33a-6b843913aa0b,2018-07-31 09:47:05.984285,2018-07-31 09:47:05.984291,a77f0e4b-1703-4c7c-a8ea-b0ab73f6b0cf,df508fc6-c18a-4044-b0f7-35f3b9f64c02
301b8645-b2f7-4d7b-b347-31c164b240ce,2018-07-31 09:47:05.984387,2018-07-31 09:47:05.984393,ac9bdad4-39ec-48e8-9de4-35b96dbccf08,1f1d417a-26f2-41d5-9787-af392d0f09cf
3c152da2-94c0-4624-83ae-44ce103c2d2c,2018-07-31 09:47:05.984453,2018-07-31 09:47:05.984459,379edcc0-5867-41bd-b383-075baa830d59,231b486b-7512-4004-869a-0e2e9217d118
33f17faa-439f-4b14-b60f-4334cc79c91b,2018-07-31 09:47:05.984536,2018-07-31 09:47:05.984542,a77f0e4b-1703-4c7c-a8ea-b0ab73f6b0cf,3ae404a0-f976-4064-9d3e-81e5a719ca3c
24642ea2-e103-48c1-bb28-34dfc1c780b2,2018-07-31 09:47:05.984615,2018-07-31 09:47:05.984621,4c0b549c-9409-4093-80a9-ae166a899645,4c81ca86-fc3e-4275-9510-6adaff57f6ed
318e636d-f43c-443f-bf15-7fb2658cb03f,2018-07-31 09:47:05.984703,2018-07-31 09:47:05.984709,379edcc0-5867-41bd-b383-075baa830d59,5751f066-28be-46af-b795-08387a27da6e
25fa9431-8b31-4496-b746-bac185eaf634,2018-07-31 09:47:05.984790,2018-07-31 09:47:05.984796,ac9bdad4-39ec-48e8-9de4-35b96dbccf08,b133455e-0196-4e5d-b69b-a962847afce3
f1615daa-0614-42a3-bcce-9997049a7bd5,2018-07-31 09:47:05.984854,2018-07-31 09:47:05.984860,a77f0e4b-1703-4c7c-a8ea-b0ab73f6b0cf,52882402-db53-44cd-8c61-5a00a6ecec3d
d33b8320-7228-4459-a357-e5194a253f0e,2018-07-31 09:47:05.984933,2018-07-31 09:47:05.984939,6695100b-dfe0-4e0d-9f63-f4bff3c6fd93,c2ef5d63-378b-4d5e-a1b6-0b189dc30c5e
d8a0f2bc-2ed6-4e92-8e72-8a64e8a84b26,2018-07-31 09:47:05.984997,2018-07-31 09:47:05.985003,379edcc0-5867-41bd-b383-075baa830d59,84f48258-fcf2-42a1-bd8b-5ed1f882aebe
e7f1b0b9-9386-448a-b118-9061d424a940,2018-07-31 09:47:05.985095,2018-07-31 09:47:05.985101,ac9bdad4-39ec-48e8-9de4-35b96dbccf08,3dbe699f-1ba5-445b-b291-28390ae4f32d
276664b0-0d76-433e-aa2a-857a061016d2,2018-07-31 09:47:05.985178,2018-07-31 09:47:05.985184,a77f0e4b-1703-4c7c-a8ea-b0ab73f6b0cf,bfdb7a76-a36c-4e9b-ba18-e8c8b259ed91
3f3c42fc-0d28-4838-9b6f-ed4d8cd891d6,2018-07-31 09:47:05.985302,2018-07-31 09:47:05.985309,a77f0e4b-1703-4c7c-a8ea-b0ab73f6b0cf,a5970f51-1fb6-49f3-8fb0-f862cb255415
8dcfcdf8-a84e-4560-a226-f0bc606bfcbd,2018-07-31 09:47:05.985403,2018-07-31 09:47:05.985410,965d75a1-a4f1-40e4-ab93-725a5700d7c5,eb192b73-e92b-4948-a851-f975c86463f6
5ba7d390-9037-4abf-ba29-0d6ae905ec47,2018-07-31 09:47:05.985475,2018-07-31 09:47:05.985481,a77f0e4b-1703-4c7c-a8ea-b0ab73f6b0cf,c7aa3dae-3934-4d36-91a3-9f53526c9438
79f4c1e0-109e-48de-a62c-509d82c138f5,2018-07-31 09:47:05.985542,2018-07-31 09:47:05.985548,379edcc0-5867-41bd-b383-075baa830d59,5106093c-226e-4212-83e6-ce8ac8ab693b
10ce0b62-f5aa-427b-a0a2-0c2c171c9c39,2018-07-31 09:47:05.985612,2018-07-31 09:47:05.985618,a77f0e4b-1703-4c7c-a8ea-b0ab73f6b0cf,40959f80-cc22-433a-bc89-1ab6789c750b
c9012659-54ba-4347-a229-a9e8df1f47f4,2018-07-31 09:47:05.985679,2018-07-31 09:47:05.985685,e10bd935-4122-4a9b-89c2-333a0039759e,deaa1e8e-7233-411f-b77f-b5a16e072e64
28f9ab3c-33f9-40a1-b54a-e28e449bca38,2018-07-31 09:47:05.985774,2018-07-31 09:47:05.985781,9ad48d76-6d9a-4df0-8455-313e7eee1385,44f9b291-9903-4dbb-88e7-9d31acd7ff7e
47640998-3e70-4375-bc58-88cf5e10701d,2018-07-31 09:47:05.985860,2018-07-31 09:47:05.985866,6695100b-dfe0-4e0d-9f63-f4bff3c6fd93,d03915c3-025d-48ff-8ad8-aeb13ea4b51b
08c7e2e6-3918-45b9-9805-ea7858dffe39,2018-07-31 09:47:05.985943,2018-07-31 09:47:05.985949,a77f0e4b-1703-4c7c-a8ea-b0ab73f6b0cf,6ab34fe4-90b4-4474-a327-2a7b1cf65923
3db1cb83-be61-490b-8b8b-679fd4fa7449,2018-07-31 09:47:05.986017,2018-07-31 09:47:05.986023,e5b98127-64f0-4e21-8a19-2d279dfc134a,9dd28b93-6249-4f55-8116-629d249938c8
25951cac-b09f-4aa3-8f04-4a2f9fc9ab27,2018-07-31 09:47:05.986103,2018-07-31 09:47:05.986109,a5ba4241-894d-4e77-9fcc-9c3d89a93892,5a40a2fa-b125-4c1e-8100-a19187736cdb
1d95c2c5-b660-4ccd-8fd4-6b0790a26a36,2018-07-31 09:47:05.986182,2018-07-31 09:47:05.986188,6695100b-dfe0-4e0d-9f63-f4bff3c6fd93,af1ca25e-b38b-4203-90b8-d90f881963ae
327d78be-a695-474d-925c-8e73dbea97be,2018-07-31 09:47:05.986262,2018-07-31 09:47:05.986268,ac9bdad4-39ec-48e8-9de4-35b96dbccf08,3fbac9d5-d6ec-4201-8261-22d3d0c2684d
86f2032b-200c-4923-9ca4-34cf2979593b,2018-07-31 09:47:05.986353,2018-07-31 09:47:05.986359,6695100b-dfe0-4e0d-9f63-f4bff3c6fd93,a21fdb21-ace9-43b2-97ab-b42abd781c05
6bdd58dc-b963-474d-9d49-2a4d3bd82015,2018-07-31 09:47:05.986472,2018-07-31 09:47:05.986479,a77f0e4b-1703-4c7c-a8ea-b0ab73f6b0cf,c5452b6f-751d-4161-bb40-e51b4abe4ca4
b9c8b6d8-82b8-4276-8ef4-9f342a161880,2018-07-31 09:47:05.986566,2018-07-31 09:47:05.986573,965d75a1-a4f1-40e4-ab93-725a5700d7c5,b0d2c140-b848-46d7-87c6-435f625ae8a0
d17f70f5-deb4-4821-b503-bd66cec1b348,2018-07-31 09:47:05.986682,2018-07-31 09:47:05.986688,ac9bdad4-39ec-48e8-9de4-35b96dbccf08,d69e74b0-9c20-4a7d-9b3d-f251eb318bfe
4e88f78d-da45-4d6a-8c99-0e4ed83ad6e9,2018-07-31 09:47:05.986773,2018-07-31 09:47:05.986778,a77f0e4b-1703-4c7c-a8ea-b0ab73f6b0cf,b7e5b638-99f0-4676-9411-c88d06d49943
f71b323a-cdbf-4c1f-be55-9d3ae1b6d2db,2018-07-31 09:47:05.986839,2018-07-31 09:47:05.986845,379edcc0-5867-41bd-b383-075baa830d59,78af4910-3620-479b-a41b-36b0ed655c38
7f0c2f5d-c264-434e-9b1a-68e58b2a176e,2018-07-31 09:47:05.986955,2018-07-31 09:47:05.986961,a77f0e4b-1703-4c7c-a8ea-b0ab73f6b0cf,924d3c6f-9f74-4147-8044-d4025f12eac3
c7146a45-ffc8-44a3-9c03-ad1a5c7e1b8a,2018-07-31 09:47:05.987034,2018-07-31 09:47:05.987040,379edcc0-5867-41bd-b383-075baa830d59,1c57b5f0-7544-4eb6-8df1-bcddc92dcd93
c4aa1529-49a9-4c79-bd61-3edcb4be1412,2018-07-31 09:47:05.987103,2018-07-31 09:47:05.987109,379edcc0-5867-41bd-b383-075baa830d59,7fb5157d-0fd8-46fa-801d-1e2992aee1de
6e1b1081-9c05-43de-bd32-72479d54bfd2,2018-07-31 09:47:05.987167,2018-07-31 09:47:05.987173,e10bd935-4122-4a9b-89c2-333a0039759e,fab36a85-2785-40dc-978c-fa819b3aafae
eb3b866a-abc1-4cb0-a992-078d32b955be,2018-07-31 09:47:05.987236,2018-07-31 09:47:05.987242,379edcc0-5867-41bd-b383-075baa830d59,c090aa08-f03c-405b-9aae-b1cf4467b4c1
86e908c4-064c-4c85-8c8b-998e1d77e1de,2018-07-31 09:47:05.987339,2018-07-31 09:47:05.987345,e5b98127-64f0-4e21-8a19-2d279dfc134a,e0ead9bd-0c01-4716-97e9-808ec330afd2
1570ea87-fca7-411f-b03c-a5894708be93,2018-07-31 09:47:05.987419,2018-07-31 09:47:05.987425,ac9bdad4-39ec-48e8-9de4-35b96dbccf08,8f1b8540-e68d-4141-baa0-3e5ceeeb54d7
84fc8c6d-9ed6-4fb8-9dda-bef473ba4de9,2018-07-31 09:47:05.987495,2018-07-31 09:47:05.987501,a77f0e4b-1703-4c7c-a8ea-b0ab73f6b0cf,0ec8bfd4-2c19-458c-a511-8b3d7487ac27
65494a26-c83e-4088-8296-8fbd22a17852,2018-07-31 09:47:05.987612,2018-07-31 09:47:05.987618,a77f0e4b-1703-4c7c-a8ea-b0ab73f6b0cf,df4303b6-aed5-4075-98df-cadb84990165
0861cd84-77a6-45de-ac10-3fb5e2c69623,2018-07-31 09:47:05.987679,2018-07-31 09:47:05.987685,a77f0e4b-1703-4c7c-a8ea-b0ab73f6b0cf,4ef9121b-1de2-444b-a7c3-9d99e77b9fdd
345b1961-5cba-42ff-90df-b8b4b7529959,2018-07-31 09:47:05.987755,2018-07-31 09:47:05.987761,ac9bdad4-39ec-48e8-9de4-35b96dbccf08,506b4a6b-a8cf-4b69-9b9f-1d358067ac6a
d45fa699-7f11-4bfb-9c45-b3503a91d9c0,2018-07-31 09:47:05.987844,2018-07-31 09:47:05.987850,ac9bdad4-39ec-48e8-9de4-35b96dbccf08,da097bc5-240e-400e-944f-0e403fbd781f
7c85350a-c69e-498d-bb82-b4fe0226489d,2018-07-31 09:47:05.987956,2018-07-31 09:47:05.987963,ac9bdad4-39ec-48e8-9de4-35b96dbccf08,6bb27abd-b30c-4bd0-b429-a570fd999e15
8b65fd66-246b-4409-8772-1bb63e52a178,2018-07-31 09:47:05.988031,2018-07-31 09:47:05.988037,a5ba4241-894d-4e77-9fcc-9c3d89a93892,1095a856-b1ba-4de4-a747-6c840cf67734
41aad32a-5086-4bd5-9a94-32f03da9423c,2018-07-31 09:47:05.988110,2018-07-31 09:47:05.988116,6695100b-dfe0-4e0d-9f63-f4bff3c6fd93,61e8db81-5ca3-4c58-ac7a-3ecf4467894b
10801f08-1bd5-4184-bf70-f52de8767be3,2018-07-31 09:47:05.988205,2018-07-31 09:47:05.988212,965d75a1-a4f1-40e4-ab93-725a5700d7c5,bd48a549-e911-4a43-b78c-815647343fb6
dd472d03-953d-419e-b6d2-dab7d64f0f1a,2018-07-31 09:47:05.988290,2018-07-31 09:47:05.988296,ac9bdad4-39ec-48e8-9de4-35b96dbccf08,84dc0be9-7ae2-4615-a74f-b276f3beec17
34f1ba96-a1c9-4f33-8832-8d8c5a908821,2018-07-31 09:47:05.988375,2018-07-31 09:47:05.988381,a77f0e4b-1703-4c7c-a8ea-b0ab73f6b0cf,97e5fa3b-8b12-4132-814d-dbb9335c6709
da6dedad-ff2a-487c-8ace-f3ba8ecd70a4,2018-07-31 09:47:05.988449,2018-07-31 09:47:05.988455,379edcc0-5867-41bd-b383-075baa830d59,4a5b165b-e996-4954-ba66-7c8b6834c403
fb7237fb-4447-4142-a26d-8df8202d5c6a,2018-07-31 09:47:05.988566,2018-07-31 09:47:05.988572,a77f0e4b-1703-4c7c-a8ea-b0ab73f6b0cf,a8756dac-62a7-4b51-8d07-ab0cecb6e600
842b8f6b-84de-4c90-bbb5-70c1ed6703b9,2018-07-31 09:47:05.988639,2018-07-31 09:47:05.988644,a77f0e4b-1703-4c7c-a8ea-b0ab73f6b0cf,e56d2659-7c04-4ed9-a354-75bbe45647c6
3a9a0874-70d9-45ca-9725-96457cacb61c,2018-07-31 09:47:05.988711,2018-07-31 09:47:05.988717,a77f0e4b-1703-4c7c-a8ea-b0ab73f6b0cf,0bf2bc60-48f4-4b2e-849f-31e25da08c91
607c57ab-3095-4f74-9110-0c1aff558173,2018-07-31 09:47:05.988831,2018-07-31 09:47:05.988837,a77f0e4b-1703-4c7c-a8ea-b0ab73f6b0cf,1849447b-4f62-4318-81d3-9fef9c31482c
4afef700-13b6-4a7e-b3db-f21e647fce2f,2018-07-31 09:47:05.988932,2018-07-31 09:47:05.988939,ac9bdad4-39ec-48e8-9de4-35b96dbccf08,dec8a962-0b66-48bc-bddc-e14736a9aaec
8f1913a3-e0f6-4c7e-8e1a-74a711a4d433,2018-07-31 09:47:05.989018,2018-07-31 09:47:05.989024,379edcc0-5867-41bd-b383-075baa830d59,c8ff13c0-8b82-4187-b21b-8962ef62cd0e
0067f3d9-749e-4930-a56f-7b70594e25ae,2018-07-31 09:47:05.989132,2018-07-31 09:47:05.989138,ac9bdad4-39ec-48e8-9de4-35b96dbccf08,02a1485c-2c6e-4f4c-9f52-17c1d59dab59
b7a60b7b-7c2b-409d-8d0f-dac808eb24bf,2018-07-31 09:47:05.989212,2018-07-31 09:47:05.989218,a77f0e4b-1703-4c7c-a8ea-b0ab73f6b0cf,58b8f94e-c1c4-4a8f-bc2b-bd96e35b83fd
8827418b-67ea-469d-b906-1e8cda4628d7,2018-07-31 09:47:05.989316,2018-07-31 09:47:05.989323,ac9bdad4-39ec-48e8-9de4-35b96dbccf08,2032756b-ee41-4782-bbca-59b237fe3d9e
b60f5e05-1d89-423e-9566-0bd6728ff737,2018-07-31 09:47:05.989434,2018-07-31 09:47:05.989441,a77f0e4b-1703-4c7c-a8ea-b0ab73f6b0cf,cd77e3c0-58b5-4097-860d-81c9865ff0a8
1a099ce4-ce6a-430c-83cc-f21204609539,2018-07-31 09:47:05.989502,2018-07-31 09:47:05.989508,e10bd935-4122-4a9b-89c2-333a0039759e,69c829e2-94e2-4190-99a0-b895cd2726e8
c37b218d-4161-4de7-9419-2deed9a97fd9,2018-07-31 09:47:05.989568,2018-07-31 09:47:05.989574,6695100b-dfe0-4e0d-9f63-f4bff3c6fd93,87b28327-55ab-47e2-8bd9-53330ecd1295
bf7c0c1c-630f-4131-83eb-3bec83f3266d,2018-07-31 09:47:05.989704,2018-07-31 09:47:05.989711,a77f0e4b-1703-4c7c-a8ea-b0ab73f6b0cf,e7d2ccee-5288-4257-85bc-e4a2babf91ee
92e2662c-21bf-4b39-a247-001cbe8d5fa6,2018-07-31 09:47:05.989806,2018-07-31 09:47:05.989812,a77f0e4b-1703-4c7c-a8ea-b0ab73f6b0cf,2b756f1b-f695-46fe-ab00-c3e390c336a0
c0e1344b-7c3d-425e-adb1-5142a05a6e93,2018-07-31 09:47:05.989883,2018-07-31 09:47:05.989889,379edcc0-5867-41bd-b383-075baa830d59,ef391074-52ab-4a6b-b572-e40d575e3755
597a965b-ae88-4c96-a4c9-3326e4e556f6,2018-07-31 09:47:05.989964,2018-07-31 09:47:05.989970,6695100b-dfe0-4e0d-9f63-f4bff3c6fd93,a3246604-801d-438e-a200-f97976a83659
93998b4d-be17-404b-abb5-5bac6d11e031,2018-07-31 09:47:05.990040,2018-07-31 09:47:05.990046,e3f23c9f-b2ef-4956-aba7-b1af77a7dd39,974853ba-e4e2-463d-8d7d-ff75dbd16797
5ba43aa1-30c6-4af7-9730-50256e6a93b4,2018-07-31 09:47:05.990134,2018-07-31 09:47:05.990141,a77f0e4b-1703-4c7c-a8ea-b0ab73f6b0cf,da8e3105-0b2e-450b-b8c3-59654b663152
7bbb1124-4896-42a8-b7f8-088619c81c08,2018-07-31 09:47:05.990203,2018-07-31 09:47:05.990209,a77f0e4b-1703-4c7c-a8ea-b0ab73f6b0cf,0c09e269-e0e1-4725-946c-416e3c55614b
6b28d97b-a435-4e89-8ab5-e8f3cbadc1e7,2018-07-31 09:47:05.990275,2018-07-31 09:47:05.990281,6695100b-dfe0-4e0d-9f63-f4bff3c6fd93,9535ee24-610d-4f9e-9a12-a2317628149d
49d00822-b5b3-413a-ab07-a17fdd45d744,2018-07-31 09:47:05.990346,2018-07-31 09:47:05.990352,ac9bdad4-39ec-48e8-9de4-35b96dbccf08,8e755f52-4ca9-43dd-860a-ae09ef28305f
a0a4b96e-40f5-42a8-bffe-89ee975e7c96,2018-07-31 09:47:05.990463,2018-07-31 09:47:05.990470,ac9bdad4-39ec-48e8-9de4-35b96dbccf08,2645daf3-beb7-4137-98cf-c28b97008d89
3e9615f6-480d-48b7-a481-0f30aadb947a,2018-07-31 09:47:05.990540,2018-07-31 09:47:05.990546,965d75a1-a4f1-40e4-ab93-725a5700d7c5,64bdb745-2bbb-49af-837b-6f3f98cd941a
f5a1cb45-1552-4b51-bc14-a955b200dfb1,2018-07-31 09:47:05.990615,2018-07-31 09:47:05.990620,5dbbdf04-8f63-4cec-b1f5-00bf00ac9f19,c4236326-e557-4e99-bea8-55838fc9bb0f
29afb8d5-e60d-468a-bed9-79a8642cce75,2018-07-31 09:47:05.990679,2018-07-31 09:47:05.990685,6695100b-dfe0-4e0d-9f63-f4bff3c6fd93,933f49f3-d6c8-4632-8633-e7447a09ff55
c3401a23-5707-44c7-b877-24dcbb215f77,2018-07-31 09:47:05.990799,2018-07-31 09:47:05.990805,ac9bdad4-39ec-48e8-9de4-35b96dbccf08,4e306d96-e77f-4794-b818-eba5c85140de
3b900e92-4694-4782-90c0-3c80065dd79c,2018-07-31 09:47:05.990868,2018-07-31 09:47:05.990874,7b5b09a2-4de1-4774-8f9d-382fcd9eae82,79a18636-3419-4e22-92a3-d40c92eced14
ce2d4cb2-59a0-44b1-ba6e-62fa04a450ba,2018-07-31 09:47:05.990959,2018-07-31 09:47:05.990965,a77f0e4b-1703-4c7c-a8ea-b0ab73f6b0cf,09f32e91-6579-4db1-91e4-4a0655af51ac
1f2a8b0a-ecd6-42bb-aef2-0f2cd272e9a6,2018-07-31 09:47:05.991023,2018-07-31 09:47:05.991029,e10bd935-4122-4a9b-89c2-333a0039759e,fc5457f9-30bd-403e-b3d7-778bcb8ed826
da97d34e-f983-4dc3-88d2-f631ddbd0d47,2018-07-31 09:47:05.991124,2018-07-31 09:47:05.991131,a77f0e4b-1703-4c7c-a8ea-b0ab73f6b0cf,73eaebe0-1dd7-461d-8d79-5687b4465c7b
d0f7edbb-8a3e-4ee6-809d-469d0c057a6d,2018-07-31 09:47:05.991207,2018-07-31 09:47:05.991213,ac9bdad4-39ec-48e8-9de4-35b96dbccf08,8136c798-e67d-4339-8b5e-e52897e70d1f
7e2c3e59-168b-47fa-8ac1-bfd8e6fe7e19,2018-07-31 09:47:05.991296,2018-07-31 09:47:05.991302,a77f0e4b-1703-4c7c-a8ea-b0ab73f6b0cf,d28415b0-e933-4395-a66b-7d983a63abec
d14a5ce6-fa5e-477a-9c1e-f825475e3559,2018-07-31 09:47:05.991363,2018-07-31 09:47:05.991369,e10bd935-4122-4a9b-89c2-333a0039759e,b768dbb0-9840-4a7a-9ac7-c3aeae0ec16c
03caa039-c044-4370-ac87-501f224a18e5,2018-07-31 09:47:05.991473,2018-07-31 09:47:05.991480,ac9bdad4-39ec-48e8-9de4-35b96dbccf08,48ce46cb-7aba-406c-8330-f6c5b43389c1
3f9165c5-e35a-4d91-ab59-f710978fda59,2018-07-31 09:47:05.991553,2018-07-31 09:47:05.991559,a77f0e4b-1703-4c7c-a8ea-b0ab73f6b0cf,4fe0ec12-331f-470d-abb2-5401bcf53714
6b5e99d0-b84d-4c97-9424-22e3c954f153,2018-07-31 09:47:05.991632,2018-07-31 09:47:05.991638,9ad48d76-6d9a-4df0-8455-313e7eee1385,0e7f4f25-44eb-42f8-af11-da0b70a1f956
9eb15ee2-d0d0-4acc-8f4b-aee9cbbc255d,2018-07-31 09:47:05.991731,2018-07-31 09:47:05.991738,a77f0e4b-1703-4c7c-a8ea-b0ab73f6b0cf,72aac46c-bf78-4357-bdd4-26212e8df890
020ab6b4-516a-490d-8bef-c103a8899bf5,2018-07-31 09:47:05.991812,2018-07-31 09:47:05.991818,ac9bdad4-39ec-48e8-9de4-35b96dbccf08,5182824e-5801-42d6-bfe8-28cdb279afc9
26024378-12c7-47a7-8d1b-d9c696541d93,2018-07-31 09:47:05.991891,2018-07-31 09:47:05.991897,e5b98127-64f0-4e21-8a19-2d279dfc134a,49c7fa9b-ab48-4c17-8f19-27253f7cfd08
366330c4-ab97-4db6-8975-237b5105d340,2018-07-31 09:47:05.991954,2018-07-31 09:47:05.991960,379edcc0-5867-41bd-b383-075baa830d59,1c29056b-92f2-4c34-9c3c-6f05f3f178e5
0ae2f563-061c-48ca-ad4c-0cb71e5ecbea,2018-07-31 09:47:05.992078,2018-07-31 09:47:05.992084,b4b0411f-5dcb-47ba-b16a-ac90a44b5f36,5cb58401-99b5-4bf4-b01a-5ca970be1d44
30c2e8ab-1477-4aec-965c-308e885aeb91,2018-07-31 09:47:05.992157,2018-07-31 09:47:05.992163,379edcc0-5867-41bd-b383-075baa830d59,477953c1-ea26-4b01-9c6f-a87c310fe136
a84dfee2-8cf1-466a-961e-9a8b0f3160ab,2018-07-31 09:47:05.992241,2018-07-31 09:47:05.992247,a77f0e4b-1703-4c7c-a8ea-b0ab73f6b0cf,a169c018-0b18-411a-97b8-66c45bea8a87
954641bf-80b3-4b90-af4c-5d21917f2efe,2018-07-31 09:47:05.992349,2018-07-31 09:47:05.992356,ac9bdad4-39ec-48e8-9de4-35b96dbccf08,ab743202-206c-4c37-99b1-9a46db93bd4c
6db4be7f-fb2e-4963-8026-d837abdba686,2018-07-31 09:47:05.992416,2018-07-31 09:47:05.992422,e10bd935-4122-4a9b-89c2-333a0039759e,0aa0823d-83c0-4c69-a332-88284c527b76
31ee0576-7e01-421b-8de4-918cb29e5edd,2018-07-31 09:47:05.992537,2018-07-31 09:47:05.992544,a77f0e4b-1703-4c7c-a8ea-b0ab73f6b0cf,f4766ad6-2e10-4571-aa0c-c353b96d4d90
c6adf3be-d75d-4877-8ee4-7d433cec72db,2018-07-31 09:47:05.992608,2018-07-31 09:47:05.992614,379edcc0-5867-41bd-b383-075baa830d59,471e9d12-1ff3-493d-a0d3-ab8ffa6842c0
1e93ecd3-29a4-4ad2-94b5-019e7b4f140f,2018-07-31 09:47:05.992686,2018-07-31 09:47:05.992692,6695100b-dfe0-4e0d-9f63-f4bff3c6fd93,6a9bb8e9-ce6f-4e48-8c57-5a7d62770771
d0d53b5f-a02c-414d-99b2-8442cdd9f520,2018-07-31 09:47:05.992783,2018-07-31 09:47:05.992790,a77f0e4b-1703-4c7c-a8ea-b0ab73f6b0cf,43c56651-c2da-4e66-a8fe-23915734fabd
d992df8c-b996-4491-ad23-fb3c058d2c13,2018-07-31 09:47:05.992867,2018-07-31 09:47:05.992873,ac9bdad4-39ec-48e8-9de4-35b96dbccf08,41bf20d7-7741-4347-ade3-915cee799e88
623c5b28-a5bf-4f7f-9168-758bc405df0c,2018-07-31 09:47:05.992941,2018-07-31 09:47:05.992947,9aa3b308-c419-4597-b455-a08c929d3225,ef43182c-e253-4ce6-a1c5-5c7b62f720bf
45056e74-9708-4948-b662-c25461224fa6,2018-07-31 09:47:05.993016,2018-07-31 09:47:05.993022,379edcc0-5867-41bd-b383-075baa830d59,40a08efe-4d7c-4aec-905f-ba47597ecc96
c7e53564-154a-4977-b7ba-904c912ddaee,2018-07-31 09:47:05.993130,2018-07-31 09:47:05.993136,ac9bdad4-39ec-48e8-9de4-35b96dbccf08,760f9068-426e-4c30-9829-177259d1da0f
7b4d84ee-089f-4aec-b067-1c5262e23159,2018-07-31 09:47:05.993222,2018-07-31 09:47:05.993228,ac9bdad4-39ec-48e8-9de4-35b96dbccf08,12342f12-2d74-44c4-9f00-a5c12ac2659c
7d3fa059-9aa4-4697-ae45-6904575a25a3,2018-07-31 09:47:05.993290,2018-07-31 09:47:05.993296,379edcc0-5867-41bd-b383-075baa830d59,13e878bc-bd88-4900-85bf-34b7cdac3c00
ff230876-fa2b-47cf-b00c-f6ee5a0844d2,2018-07-31 09:47:05.993410,2018-07-31 09:47:05.993416,ac9bdad4-39ec-48e8-9de4-35b96dbccf08,21130f88-dac2-4c36-9d9b-1fd9dc07750e
ec987a66-5c08-466b-adbb-04cfc81ce38f,2018-07-31 09:47:05.993484,2018-07-31 09:47:05.993490,379edcc0-5867-41bd-b383-075baa830d59,99dc55a0-49f4-464d-910b-99a46c5fac77
705efb67-4c73-4720-ac9a-5d30d5e238a3,2018-07-31 09:47:05.993547,2018-07-31 09:47:05.993553,6695100b-dfe0-4e0d-9f63-f4bff3c6fd93,5b926143-7916-446c-aefb-806585afe2dc
a57accdd-f82e-4af2-a683-93b1636ada2e,2018-07-31 09:47:05.993660,2018-07-31 09:47:05.993667,ac9bdad4-39ec-48e8-9de4-35b96dbccf08,04f42cd7-bd81-42d2-bf9e-eca1d04e1936
cac0876d-188a-4f08-b62b-3d213fdeac35,2018-07-31 09:47:05.993740,2018-07-31 09:47:05.993746,e5b98127-64f0-4e21-8a19-2d279dfc134a,ac303b30-c98f-4b8a-a044-d90aaaa69093
e81c6685-0982-4bb5-a1c3-983ab6fd02f3,2018-07-31 09:47:05.993822,2018-07-31 09:47:05.993828,ac9bdad4-39ec-48e8-9de4-35b96dbccf08,9d0966f6-2a89-4734-a406-2fd112831a3e
26f9dea5-7d16-4a3f-9cca-b238dd67c52a,2018-07-31 09:47:05.993892,2018-07-31 09:47:05.993898,a77f0e4b-1703-4c7c-a8ea-b0ab73f6b0cf,09205f28-289b-42b0-926b-dc6b4c214393
023b9a8e-0265-43c6-8484-2536a786bc33,2018-07-31 09:47:05.994022,2018-07-31 09:47:05.994029,5dbbdf04-8f63-4cec-b1f5-00bf00ac9f19,23c917dd-86d4-4f27-94ab-cf7ec3e1d541
e155323d-90af-49f9-9481-a12afe08b56d,2018-07-31 09:47:05.994123,2018-07-31 09:47:05.994129,ac9bdad4-39ec-48e8-9de4-35b96dbccf08,9dabb50e-00a1-46e5-8966-8a54ac424de6
8a89a9c9-2b5c-439d-9b52-bb9f8a00dc52,2018-07-31 09:47:05.994205,2018-07-31 09:47:05.994211,e10bd935-4122-4a9b-89c2-333a0039759e,aae4c148-6fe6-4179-b5b8-4d19c0686d17
2f9aaae9-7816-47ee-aa18-55dfde15be4d,2018-07-31 09:47:05.994300,2018-07-31 09:47:05.994306,379edcc0-5867-41bd-b383-075baa830d59,833d5567-69bc-4132-85f2-cbd7b5d8796d
686dad62-5c51-4440-9c8c-e1e63f2a5f5e,2018-07-31 09:47:05.994364,2018-07-31 09:47:05.994370,379edcc0-5867-41bd-b383-075baa830d59,a17ebc94-b167-4784-89a1-698f8964e8d8
e465824b-167f-4797-87c7-199f55a178b3,2018-07-31 09:47:05.994462,2018-07-31 09:47:05.994468,a77f0e4b-1703-4c7c-a8ea-b0ab73f6b0cf,1d69eeb7-d3ab-48d9-8899-2d54476832ba
ab6dfe2f-3524-43b0-9226-bd34f0bd1e7a,2018-07-31 09:47:05.994535,2018-07-31 09:47:05.994541,a77f0e4b-1703-4c7c-a8ea-b0ab73f6b0cf,338b3ade-2807-4a28-bbaf-73b50cecca7f
8998c4e3-7a6f-40d7-b7a9-389a6f83bb43,2018-07-31 09:47:05.994631,2018-07-31 09:47:05.994638,a77f0e4b-1703-4c7c-a8ea-b0ab73f6b0cf,0317aedf-574f-4655-a956-f47109da49ca
8442eff6-79af-433a-959b-88e375938ca2,2018-07-31 09:47:05.994697,2018-07-31 09:47:05.994703,379edcc0-5867-41bd-b383-075baa830d59,7a9bfc3e-0573-4e26-aed7-6a1f766fa437
c93a39a3-7ccc-4e8d-ac5b-65b036c18f56,2018-07-31 09:47:05.994765,2018-07-31 09:47:05.994771,e5b98127-64f0-4e21-8a19-2d279dfc134a,4ac74b28-e989-46f8-aedf-1c833378357d
1fa3ecc4-9a25-4c89-95a0-4a6d0a6df21b,2018-07-31 09:47:05.994848,2018-07-31 09:47:05.994854,a77f0e4b-1703-4c7c-a8ea-b0ab73f6b0cf,7c41cd9d-fea3-484b-9e76-e0561fb01556
0b180f05-9942-4551-8e31-f9fc458b5670,2018-07-31 09:47:05.994926,2018-07-31 09:47:05.994932,a77f0e4b-1703-4c7c-a8ea-b0ab73f6b0cf,b861bf31-866f-4b60-b153-bfd64ebe83db
d392f6d6-c7fc-4c30-a2aa-b759a5821532,2018-07-31 09:47:05.995021,2018-07-31 09:47:05.995028,a77f0e4b-1703-4c7c-a8ea-b0ab73f6b0cf,694e05e7-3284-4eeb-a88f-3b50ee50f8ed
98f08827-0791-4b46-bd27-8002ab0a73da,2018-07-31 09:47:05.995101,2018-07-31 09:47:05.995108,9ad48d76-6d9a-4df0-8455-313e7eee1385,d7be0ac1-af83-4982-9740-e49bcc7ad17a
5b5792dc-8992-499d-87b6-8e7a5a066bcc,2018-07-31 09:47:05.995181,2018-07-31 09:47:05.995188,a77f0e4b-1703-4c7c-a8ea-b0ab73f6b0cf,8f8e27bf-799d-408d-8eec-ea11b05d2668
0fa9bec5-9c01-4227-9c70-0a6df63d39df,2018-07-31 09:47:05.995246,2018-07-31 09:47:05.995252,e10bd935-4122-4a9b-89c2-333a0039759e,7f275eb2-2fcd-4f4b-8396-cc0a3e7001f2
f57a0bf2-6800-4de7-aa50-bf613ca3e217,2018-07-31 09:47:05.995353,2018-07-31 09:47:05.995359,965d75a1-a4f1-40e4-ab93-725a5700d7c5,f41593e7-de21-4e4b-a9f7-59df9e0e11dc
d4d7b44a-e7a1-46d8-8ff6-1155bd708fe4,2018-07-31 09:47:05.995420,2018-07-31 09:47:05.995426,5dbbdf04-8f63-4cec-b1f5-00bf00ac9f19,99a7ed26-3b91-4550-8262-d4196fcae9bd
5b802a52-1fa8-428c-ad9f-37bf0dbf79bf,2018-07-31 09:47:05.995482,2018-07-31 09:47:05.995488,379edcc0-5867-41bd-b383-075baa830d59,8abbe0ce-e1d1-4a90-9989-295637374d02
c95f2a55-f9d0-4317-b9cc-007872c34316,2018-07-31 09:47:05.995552,2018-07-31 09:47:05.995558,a12c269c-da39-4fb7-ac0e-cb8c21f345b7,8fe992d8-1019-492a-b36b-9cfc3293ac6b
dc469101-ee96-4575-91a1-59532c5fdc4d,2018-07-31 09:47:05.995621,2018-07-31 09:47:05.995627,5dbbdf04-8f63-4cec-b1f5-00bf00ac9f19,3c8b4908-ed9e-43ea-a720-c690221857a6
5a06e95c-3706-49d4-8884-7af0352351b7,2018-07-31 09:47:05.995733,2018-07-31 09:47:05.995740,ac9bdad4-39ec-48e8-9de4-35b96dbccf08,f09f36b9-12b1-4c88-bccb-017afa9bc3d8
4aafff90-d7fa-4aae-bf32-d2bfe71cde0c,2018-07-31 09:47:05.995803,2018-07-31 09:47:05.995809,379edcc0-5867-41bd-b383-075baa830d59,02322201-e2e3-4e4a-b4d3-8121ade4c987
15e43e43-0a03-44b2-83c9-d17c41911236,2018-07-31 09:47:05.995893,2018-07-31 09:47:05.995899,a77f0e4b-1703-4c7c-a8ea-b0ab73f6b0cf,b2a7314a-7861-410b-b551-480c61ff582f
ff89aa3f-837d-417c-8e3c-44d0fa436d97,2018-07-31 09:47:05.995963,2018-07-31 09:47:05.995969,9aa3b308-c419-4597-b455-a08c929d3225,1da95422-d6b9-470c-9078-05f899b1d8d4
3473198c-10fd-42a2-a1b0-68aa8e915a07,2018-07-31 09:47:05.996047,2018-07-31 09:47:05.996053,e3f23c9f-b2ef-4956-aba7-b1af77a7dd39,28c30f70-e4a8-4f69-9b40-b6ca8b2d32b7
f60197ca-ab2a-457f-b894-9810427376a7,2018-07-31 09:47:05.996113,2018-07-31 09:47:05.996119,a5ba4241-894d-4e77-9fcc-9c3d89a93892,763aee4e-2d3c-4ca5-a34a-0825e8c75889
