epsg_relate_id,created,last_modified,collection_id,epsg_type_id
25f0628f-a5d2-4c9c-9347-001e197d9602,2018-07-31 10:25:49.944852,2018-07-31 10:25:49.944855,cafa0c1b-5586-49dc-8f6a-cf1fab93362a,b53e7baa-96a1-44ac-8ed2-e569861e3ce2
4df00737-1878-4ab2-bb5f-8e6388e12ef3,2018-07-31 10:25:49.944998,2018-07-31 10:25:49.945000,2407d7a6-c33a-4095-915d-ac464293ef50,d68af081-c8cb-4289-9a54-cb66b3c80d4e
85d61568-134c-44e2-bac4-ef3f7d264424,2018-07-31 10:25:49.945110,2018-07-31 10:25:49.945112,9aba8b42-4a55-4687-95aa-5a7cf75c970a,b53e7baa-96a1-44ac-8ed2-e569861e3ce2
443d9819-994f-4d87-83fb-39146bfbed90,2018-07-31 10:25:49.945220,2018-07-31 10:25:49.945222,50c2ade2-9fc4-4664-82dc-4f699b88d5ae,18cbe740-02b9-465c-b39c-5613f035ab1e
11d2e59c-602d-4a62-96d0-5868a9b2766e,2018-07-31 10:25:49.945322,2018-07-31 10:25:49.945324,10af3c75-0a13-49ab-97b2-c258204f0d57,18cbe740-02b9-465c-b39c-5613f035ab1e
d0ea3582-2ac4-403c-b9d7-29b176068216,2018-07-31 10:25:49.945476,2018-07-31 10:25:49.945477,10f3ccad-c484-474a-a1ac-30d97d2a3239,18cbe740-02b9-465c-b39c-5613f035ab1e
c044f916-fefc-4a37-823e-5c133e6fb5fa,2018-07-31 10:25:49.945606,2018-07-31 10:25:49.945607,7a398c54-a7b2-4f67-aa1f-666aebfdfc8f,b53e7baa-96a1-44ac-8ed2-e569861e3ce2
a5df0762-08a7-4125-a23c-c1398360b140,2018-07-31 10:25:49.945696,2018-07-31 10:25:49.945698,b6749a2d-9d94-4b37-af5b-9746c165fe46,18cbe740-02b9-465c-b39c-5613f035ab1e
3bebb2af-9f95-4364-a6b7-c561f878f483,2018-07-31 10:25:49.945788,2018-07-31 10:25:49.945790,f692bfd4-4dea-4c8b-a14d-a5a73660c074,18cbe740-02b9-465c-b39c-5613f035ab1e
4f82338d-3d60-433f-9789-8aecf31a4e20,2018-07-31 10:25:49.945881,2018-07-31 10:25:49.945883,025591d6-dabf-4242-ab6f-b4ec63f49992,b53e7baa-96a1-44ac-8ed2-e569861e3ce2
4d7be5a1-2b02-4cb7-8d3a-71cf2a3498f6,2018-07-31 10:25:49.946004,2018-07-31 10:25:49.946005,a50bd3f0-3a73-42f5-b617-ee683bd37f67,4e3a2703-0aea-44f2-b1f6-1031be1eb037
0a2a92ac-9875-4c23-bdc5-9aea8aa939ac,2018-07-31 10:25:49.946124,2018-07-31 10:25:49.946125,46f82b17-62cc-4e01-8095-f72899ddcae0,a3fc3a87-78a0-43f2-ad5b-5dcf890587e3
264f9e0d-d23b-4f84-8c45-f57b9c9b3116,2018-07-31 10:25:49.946208,2018-07-31 10:25:49.946210,d4143336-8868-42d5-b2af-f463a38ca0dd,18cbe740-02b9-465c-b39c-5613f035ab1e
d15ece17-0e0c-4a6b-9e33-8fe6c78a41da,2018-07-31 10:25:49.946345,2018-07-31 10:25:49.946346,18c52542-dc6f-4a12-88b3-59ecc8e6d53d,b53e7baa-96a1-44ac-8ed2-e569861e3ce2
d15e5faa-db60-4dc0-9dac-d20b530f79ce,2018-07-31 10:25:49.946439,2018-07-31 10:25:49.946440,828e2ac2-308b-4db5-9be1-17914f5e56d7,4d8bd1fa-668c-4f7d-af5f-a26259675231
a3bf1e66-6e90-4aa9-9cca-8260df0c0452,2018-07-31 10:25:49.946551,2018-07-31 10:25:49.946553,eb61aa80-149f-4381-a9b9-4089a65408d7,176945a4-aae8-480c-b8d3-f439fa4803b6
88868454-6bc8-4467-856d-0c76a5e0445d,2018-07-31 10:25:49.946589,2018-07-31 10:25:49.946590,eb61aa80-149f-4381-a9b9-4089a65408d7,b53e7baa-96a1-44ac-8ed2-e569861e3ce2
3c510697-4815-40bf-9c5b-1dfe515b03d6,2018-07-31 10:25:49.946624,2018-07-31 10:25:49.946625,eb61aa80-149f-4381-a9b9-4089a65408d7,d68af081-c8cb-4289-9a54-cb66b3c80d4e
6de92faa-32a3-4472-afc8-0b900cc05ae6,2018-07-31 10:25:49.946710,2018-07-31 10:25:49.946712,bc61656d-dc23-4624-82fd-daeaef06a36e,18cbe740-02b9-465c-b39c-5613f035ab1e
f60ebec5-e481-4d43-ad2f-5b751638cc16,2018-07-31 10:25:49.946825,2018-07-31 10:25:49.946827,a0ca4670-a7c5-46b0-86a3-02b493a2b495,2c46cfc7-34b3-4874-a74e-540aabc9f029
53476350-9b9a-430a-90c1-d7ec0c8b54dd,2018-07-31 10:25:49.946911,2018-07-31 10:25:49.946913,7ac77b5e-6127-4db4-8499-fa3020f37ab5,2615acb1-ad3e-4b28-a2a0-50dabc46c3b6
a4be5056-8f3f-45f4-825f-faba5083253e,2018-07-31 10:25:49.947014,2018-07-31 10:25:49.947015,85d8fb09-cc72-442f-9b44-287ed8079dbc,176945a4-aae8-480c-b8d3-f439fa4803b6
8ac317ce-0029-4491-8508-6ae13d83c183,2018-07-31 10:25:49.947051,2018-07-31 10:25:49.947052,85d8fb09-cc72-442f-9b44-287ed8079dbc,b53e7baa-96a1-44ac-8ed2-e569861e3ce2
d45ac8d3-d693-490d-b62d-dcb3f07a51c9,2018-07-31 10:25:49.947085,2018-07-31 10:25:49.947087,85d8fb09-cc72-442f-9b44-287ed8079dbc,d68af081-c8cb-4289-9a54-cb66b3c80d4e
1002f125-456c-49e3-983f-4c4dc2bd9f3a,2018-07-31 10:25:49.947179,2018-07-31 10:25:49.947181,837f9c46-0a41-4c59-99f9-cdda4ad4c9f1,b53e7baa-96a1-44ac-8ed2-e569861e3ce2
afd2dee0-e95a-4959-b8cb-2c2b686a18c2,2018-07-31 10:25:49.947285,2018-07-31 10:25:49.947287,74e51b5d-a77f-42e6-b6ee-9826101afb59,2615acb1-ad3e-4b28-a2a0-50dabc46c3b6
507aa51f-54a5-471f-91e7-81c146f5a328,2018-07-31 10:25:49.947386,2018-07-31 10:25:49.947387,466e48ab-0d43-4593-a8b1-27a6021293fe,18cbe740-02b9-465c-b39c-5613f035ab1e
033244e4-b2e4-4a29-b847-589a6901cc6e,2018-07-31 10:25:49.947480,2018-07-31 10:25:49.947481,7684fbd6-fd02-49a2-abfd-1525cbb1f572,4e3a2703-0aea-44f2-b1f6-1031be1eb037
81620fab-0fcf-425e-9061-fa2076f93088,2018-07-31 10:25:49.947609,2018-07-31 10:25:49.947610,11aef507-0ce2-40aa-a381-aad25c0cda3c,18cbe740-02b9-465c-b39c-5613f035ab1e
7495e915-b6a9-4476-87b3-0bdc9d4f31fd,2018-07-31 10:25:49.947726,2018-07-31 10:25:49.947727,d4c33e51-6871-4395-8eb1-3c752bb51221,b53e7baa-96a1-44ac-8ed2-e569861e3ce2
efba5e0e-da3d-4c6f-8633-8a40a0af389e,2018-07-31 10:25:49.947823,2018-07-31 10:25:49.947824,d9f379cf-218a-4e0f-9578-e2d82b82b156,d68af081-c8cb-4289-9a54-cb66b3c80d4e
de57bd9b-6430-4e5a-a1b8-f20c27c7df93,2018-07-31 10:25:49.947922,2018-07-31 10:25:49.947923,a665d1fe-47f4-497c-b467-bb1535a02c9d,a3fc3a87-78a0-43f2-ad5b-5dcf890587e3
358221f4-9a6a-44ec-b439-23a48d93d14f,2018-07-31 10:25:49.948040,2018-07-31 10:25:49.948042,1baff523-b18d-46b8-81bb-c8153edc8a92,18cbe740-02b9-465c-b39c-5613f035ab1e
15e27efa-69be-4fb3-b594-6996bf46d731,2018-07-31 10:25:49.948129,2018-07-31 10:25:49.948131,bf44d22e-8606-466c-8f32-b9561da2ace8,a3fc3a87-78a0-43f2-ad5b-5dcf890587e3
c30171b0-c40b-4cc4-a4be-faf72538def1,2018-07-31 10:25:49.948226,2018-07-31 10:25:49.948227,39ca6940-f55e-4f09-acd1-58db7d56e2af,a3fc3a87-78a0-43f2-ad5b-5dcf890587e3
16b4a663-6f6c-4b74-a76e-84820a7c4e66,2018-07-31 10:25:49.948317,2018-07-31 10:25:49.948318,6b865af5-7a43-4170-bc02-fc9a542865d5,2615acb1-ad3e-4b28-a2a0-50dabc46c3b6
08b70910-3d88-4bbc-9c0a-b2d1fe92fce4,2018-07-31 10:25:49.948495,2018-07-31 10:25:49.948496,a40c2ff9-ccac-4c76-99a1-2382c09cf716,176945a4-aae8-480c-b8d3-f439fa4803b6
0c396fa8-fb35-4a2f-a251-6e1f39a506b2,2018-07-31 10:25:49.948533,2018-07-31 10:25:49.948534,a40c2ff9-ccac-4c76-99a1-2382c09cf716,b53e7baa-96a1-44ac-8ed2-e569861e3ce2
249b4c22-80ce-4df5-8993-f630fe60c919,2018-07-31 10:25:49.948568,2018-07-31 10:25:49.948570,a40c2ff9-ccac-4c76-99a1-2382c09cf716,d68af081-c8cb-4289-9a54-cb66b3c80d4e
d489111e-0d72-42d5-94a4-7eb965a86e0e,2018-07-31 10:25:49.948675,2018-07-31 10:25:49.948676,6a825941-a80b-4a61-a2b2-1da205f2f28b,b53e7baa-96a1-44ac-8ed2-e569861e3ce2
231d95bb-d88e-44aa-ac23-b3bf45e806b6,2018-07-31 10:25:49.948800,2018-07-31 10:25:49.948801,27f30e8a-115a-4ad5-ace1-5e2aa4a53a70,176945a4-aae8-480c-b8d3-f439fa4803b6
26e5996f-3f5e-4d7a-be52-cf6d8c16b9c5,2018-07-31 10:25:49.948837,2018-07-31 10:25:49.948838,27f30e8a-115a-4ad5-ace1-5e2aa4a53a70,b53e7baa-96a1-44ac-8ed2-e569861e3ce2
f073d71b-f1b3-42c5-9214-848305eca778,2018-07-31 10:25:49.948929,2018-07-31 10:25:49.948930,e28d8df6-cd30-4e89-bf0f-833e1ed0e670,4842b079-737d-40cb-86af-01437694a048
10b28ec8-c9f1-47a5-ab97-ee845d2c2e85,2018-07-31 10:25:49.949061,2018-07-31 10:25:49.949063,6b475ef7-51e7-4e15-b652-4e942eafa85f,b53e7baa-96a1-44ac-8ed2-e569861e3ce2
5c008a2b-5470-46e0-aacc-439e8f3deb56,2018-07-31 10:25:49.949148,2018-07-31 10:25:49.949149,b7fd472a-6977-40cf-8ff2-6bb529275a97,18cbe740-02b9-465c-b39c-5613f035ab1e
86841abd-3d9b-491f-b557-1e9a339a32cd,2018-07-31 10:25:49.949277,2018-07-31 10:25:49.949279,f64af3dc-938b-4c49-a642-31abe902fece,176945a4-aae8-480c-b8d3-f439fa4803b6
49789e9a-ecdf-4c97-b4d6-92f3864b338c,2018-07-31 10:25:49.949315,2018-07-31 10:25:49.949316,f64af3dc-938b-4c49-a642-31abe902fece,b53e7baa-96a1-44ac-8ed2-e569861e3ce2
02a2c5aa-84e4-4526-aeed-9731038f2939,2018-07-31 10:25:49.949350,2018-07-31 10:25:49.949351,f64af3dc-938b-4c49-a642-31abe902fece,d68af081-c8cb-4289-9a54-cb66b3c80d4e
45a41314-34f8-43d8-88c9-4cc645c33698,2018-07-31 10:25:49.949459,2018-07-31 10:25:49.949460,38f98cad-be45-4f14-9f02-d5a119f7a134,ba163cfa-61be-414b-b4b2-97fbd2a86a91
a37ff796-69cc-4e33-83a2-7e0a3e6bdc7b,2018-07-31 10:25:49.949642,2018-07-31 10:25:49.949644,3dae45f8-5e54-408d-a522-a18e98fb22c9,176945a4-aae8-480c-b8d3-f439fa4803b6
50530e90-e73d-4235-bfbf-99c5d42f428b,2018-07-31 10:25:49.949684,2018-07-31 10:25:49.949686,3dae45f8-5e54-408d-a522-a18e98fb22c9,b53e7baa-96a1-44ac-8ed2-e569861e3ce2
513ca13f-d927-4843-adef-16543cd0b047,2018-07-31 10:25:49.949720,2018-07-31 10:25:49.949721,3dae45f8-5e54-408d-a522-a18e98fb22c9,d68af081-c8cb-4289-9a54-cb66b3c80d4e
fcdcef8e-ecff-4edf-9346-ca7cef433ddd,2018-07-31 10:25:49.949843,2018-07-31 10:25:49.949844,5bb84939-a204-436c-80a7-ceb96a06f852,18cbe740-02b9-465c-b39c-5613f035ab1e
c6b74126-2e3d-4518-931c-9de262b91013,2018-07-31 10:25:49.949965,2018-07-31 10:25:49.949966,dfe990f8-7033-4bbc-8b22-07fde896cdd0,18cbe740-02b9-465c-b39c-5613f035ab1e
66dd1380-1a76-41b3-93a9-1f492889ec4e,2018-07-31 10:25:49.950064,2018-07-31 10:25:49.950065,0b6b75dc-c163-4199-a045-b2e5350c75df,4e3a2703-0aea-44f2-b1f6-1031be1eb037
8c9cb90a-b1d5-4707-abc1-95a3573f95f1,2018-07-31 10:25:49.950152,2018-07-31 10:25:49.950153,8f6f47ec-164b-4a81-9545-3c6414caeea9,ba163cfa-61be-414b-b4b2-97fbd2a86a91
e00cfdb6-f6c4-4872-841a-62466fba5a8a,2018-07-31 10:25:49.950247,2018-07-31 10:25:49.950248,dd22dbd6-ae96-4ab3-b84e-2bf6b6f2d1c7,18cbe740-02b9-465c-b39c-5613f035ab1e
eea74ccb-37c8-4ace-8c8f-70293eb22bb1,2018-07-31 10:25:49.950380,2018-07-31 10:25:49.950382,8ea19b45-7a66-4e95-9833-f9e89611d106,b53e7baa-96a1-44ac-8ed2-e569861e3ce2
cb5e1bab-8c0f-48c6-a30d-bd6aa40cc95f,2018-07-31 10:25:49.950418,2018-07-31 10:25:49.950419,8ea19b45-7a66-4e95-9833-f9e89611d106,d68af081-c8cb-4289-9a54-cb66b3c80d4e
5c704923-8f6a-4518-bbb3-3729ccac7b12,2018-07-31 10:25:49.950510,2018-07-31 10:25:49.950511,a7d09cf8-7cc3-4370-952d-fd52cd865676,4842b079-737d-40cb-86af-01437694a048
e73fbf9d-2e53-4724-9bf1-f3bdcb75f249,2018-07-31 10:25:49.950618,2018-07-31 10:25:49.950619,7bc5f57d-f679-454f-8fd3-bdffc8d54272,b53e7baa-96a1-44ac-8ed2-e569861e3ce2
b0054897-323a-4ce8-a2fa-2ca0173e6980,2018-07-31 10:25:49.950755,2018-07-31 10:25:49.950756,bfb21c12-a2e9-4f00-b1e9-3ad71f15f2f6,2615acb1-ad3e-4b28-a2a0-50dabc46c3b6
13fe81c1-c3cd-4667-8014-bf63a2831df3,2018-07-31 10:25:49.950854,2018-07-31 10:25:49.950856,dcb83233-2202-4aba-8e57-490c87cf0f28,18cbe740-02b9-465c-b39c-5613f035ab1e
8a587e22-31eb-4178-aab1-1272bcd0f7e7,2018-07-31 10:25:49.950952,2018-07-31 10:25:49.950953,d1fde7dc-0b57-4357-b476-8e7f85d75c1b,ba163cfa-61be-414b-b4b2-97fbd2a86a91
22ff0a8e-9daa-45a9-a8e5-6e9a589eb518,2018-07-31 10:25:49.951040,2018-07-31 10:25:49.951041,8375995a-0423-488c-9e3b-5bf76cdccf8f,a3fc3a87-78a0-43f2-ad5b-5dcf890587e3
52993609-3c27-458c-a8c1-568793c14d7b,2018-07-31 10:25:49.951170,2018-07-31 10:25:49.951172,1b7cf97b-1e2f-4a90-935e-982e7aa59e0e,2615acb1-ad3e-4b28-a2a0-50dabc46c3b6
e4131a19-72b4-4117-bfbc-1f5c78256678,2018-07-31 10:25:49.951396,2018-07-31 10:25:49.951398,d9ce5448-30a5-46cf-a246-55ba7c8304f0,b53e7baa-96a1-44ac-8ed2-e569861e3ce2
41e68ce9-a0e1-4543-bee2-9cd7ec272217,2018-07-31 10:25:49.951496,2018-07-31 10:25:49.951498,c04085c5-1e1d-43b8-ac4a-6a281fc16317,2615acb1-ad3e-4b28-a2a0-50dabc46c3b6
212ea5af-7fa8-475c-bccf-7d49b265dc98,2018-07-31 10:25:49.951607,2018-07-31 10:25:49.951609,e334f6b6-8440-43c4-8b2c-17fc713d315c,176945a4-aae8-480c-b8d3-f439fa4803b6
e5989ba3-f648-4f7e-b07f-029ebd1177b4,2018-07-31 10:25:49.951644,2018-07-31 10:25:49.951645,e334f6b6-8440-43c4-8b2c-17fc713d315c,b53e7baa-96a1-44ac-8ed2-e569861e3ce2
c48c319f-107a-4e94-bd7e-6cd3b76bfa1c,2018-07-31 10:25:49.951679,2018-07-31 10:25:49.951680,e334f6b6-8440-43c4-8b2c-17fc713d315c,d68af081-c8cb-4289-9a54-cb66b3c80d4e
e30291e3-b46f-479d-8dc3-443c544df8c4,2018-07-31 10:25:49.951806,2018-07-31 10:25:49.951807,0549d3ba-3f72-4710-b26c-28c65df9c70d,b53e7baa-96a1-44ac-8ed2-e569861e3ce2
18a5c92a-54cf-499f-aca4-411f89e52aa8,2018-07-31 10:25:49.951924,2018-07-31 10:25:49.951925,6581cda0-0c25-41e7-8e65-861aaea58571,4d8bd1fa-668c-4f7d-af5f-a26259675231
a145de29-7a0b-4947-b7b7-8f32a0991e06,2018-07-31 10:25:49.952023,2018-07-31 10:25:49.952025,e8f9fe46-e21d-4d62-9637-1e386f6e8b78,18cbe740-02b9-465c-b39c-5613f035ab1e
53f7d8ff-5e14-4c03-a803-37fee210a4c8,2018-07-31 10:25:49.952148,2018-07-31 10:25:49.952149,73fcedd4-2cfb-46af-83f0-302fae56edaa,b53e7baa-96a1-44ac-8ed2-e569861e3ce2
8cbf8dc4-fb5c-4b07-a484-7ae316c279f4,2018-07-31 10:25:49.952254,2018-07-31 10:25:49.952255,9e79c338-3801-498d-b6bf-fd1f3bd785f9,18cbe740-02b9-465c-b39c-5613f035ab1e
7652ae6c-33c0-4e50-814e-9db6265e117d,2018-07-31 10:25:49.952348,2018-07-31 10:25:49.952350,67cd14e5-f197-4186-8852-58a93bd96714,18cbe740-02b9-465c-b39c-5613f035ab1e
bea79599-3586-471b-9476-880b718146d3,2018-07-31 10:25:49.952514,2018-07-31 10:25:49.952515,49248d7d-e313-46a8-82ec-88c200b10c55,18cbe740-02b9-465c-b39c-5613f035ab1e
b251b700-57c2-48de-ac34-1f2678423a87,2018-07-31 10:25:49.952607,2018-07-31 10:25:49.952609,20ec43fd-c276-4410-9ab9-e5dc62ff1e83,ba163cfa-61be-414b-b4b2-97fbd2a86a91
eaba998e-3d9d-4ae3-8280-26111b473a56,2018-07-31 10:25:49.952698,2018-07-31 10:25:49.952700,cd058f80-7db5-4e5c-8d58-c047598daca2,18cbe740-02b9-465c-b39c-5613f035ab1e
f779c7b5-eef5-42f9-a379-01bf569ed2eb,2018-07-31 10:25:49.952843,2018-07-31 10:25:49.952845,d916d57a-9553-4f54-8100-fc9acb8671ac,18cbe740-02b9-465c-b39c-5613f035ab1e
70eb3825-bd6f-4757-8f66-e6556be10c38,2018-07-31 10:25:49.952947,2018-07-31 10:25:49.952949,ac2a7fe9-f778-4716-899f-550adc7afa15,a3fc3a87-78a0-43f2-ad5b-5dcf890587e3
1636e823-1216-4548-b9f3-5dda1af05975,2018-07-31 10:25:49.953043,2018-07-31 10:25:49.953044,9e508f50-ced4-4f37-9ec9-18fe2e1ff9b8,176945a4-aae8-480c-b8d3-f439fa4803b6
1dc7efcf-a966-40d8-b6d7-3e0aeffadc63,2018-07-31 10:25:49.953079,2018-07-31 10:25:49.953081,9e508f50-ced4-4f37-9ec9-18fe2e1ff9b8,b53e7baa-96a1-44ac-8ed2-e569861e3ce2
63a121f6-0f87-4f91-b81e-2e591d95cafa,2018-07-31 10:25:49.953178,2018-07-31 10:25:49.953179,8cb0dea3-72c1-4e77-b57b-151b10b07136,b53e7baa-96a1-44ac-8ed2-e569861e3ce2
1a8e0435-bafe-43c6-9dd6-72c5d62495a0,2018-07-31 10:25:49.953300,2018-07-31 10:25:49.953301,3110404a-bdf9-491c-b272-cca7bea69ec8,176945a4-aae8-480c-b8d3-f439fa4803b6
3491228e-6af4-4c99-8015-36cc6d53ccf6,2018-07-31 10:25:49.953337,2018-07-31 10:25:49.953338,3110404a-bdf9-491c-b272-cca7bea69ec8,b53e7baa-96a1-44ac-8ed2-e569861e3ce2
8e8b3684-1b79-489d-acb2-9c917ff93cb0,2018-07-31 10:25:49.953381,2018-07-31 10:25:49.953382,3110404a-bdf9-491c-b272-cca7bea69ec8,d68af081-c8cb-4289-9a54-cb66b3c80d4e
4ad54544-f38a-4c5a-8d86-382547c98c79,2018-07-31 10:25:49.953480,2018-07-31 10:25:49.953481,28f3ddd4-c6e8-4124-bc16-029a7dbe96e5,d68af081-c8cb-4289-9a54-cb66b3c80d4e
b467c13a-c18f-432e-bd4c-881e9e103ded,2018-07-31 10:25:49.953587,2018-07-31 10:25:49.953589,812c6179-28d7-4829-b99e-ae15d4a7cf5b,b53e7baa-96a1-44ac-8ed2-e569861e3ce2
ae33153f-10a0-426f-b009-64ce1236b98b,2018-07-31 10:25:49.953696,2018-07-31 10:25:49.953698,3fc52286-c6af-40b8-949c-59f2eafdd389,18cbe740-02b9-465c-b39c-5613f035ab1e
723cc30e-9173-455e-a4ef-c2e2b08d8ec0,2018-07-31 10:25:49.953807,2018-07-31 10:25:49.953809,e8a9bba2-b219-47a7-be04-ff6493363c27,176945a4-aae8-480c-b8d3-f439fa4803b6
1ed7d0b8-cce3-47f7-9769-f244e099bd4a,2018-07-31 10:25:49.953844,2018-07-31 10:25:49.953846,e8a9bba2-b219-47a7-be04-ff6493363c27,b53e7baa-96a1-44ac-8ed2-e569861e3ce2
a4ef3986-f7b5-499c-991e-b12944bc2dca,2018-07-31 10:25:49.953879,2018-07-31 10:25:49.953880,e8a9bba2-b219-47a7-be04-ff6493363c27,d68af081-c8cb-4289-9a54-cb66b3c80d4e
ac255862-64d4-4537-9a12-fb99cfa2d196,2018-07-31 10:25:49.953977,2018-07-31 10:25:49.953978,d9de42ae-9f53-43ed-a925-93c7c38237fc,176945a4-aae8-480c-b8d3-f439fa4803b6
616d60c1-e2f3-4bbf-b6b3-d6ff0dfe14f9,2018-07-31 10:25:49.954014,2018-07-31 10:25:49.954015,d9de42ae-9f53-43ed-a925-93c7c38237fc,b53e7baa-96a1-44ac-8ed2-e569861e3ce2
8af4044b-126c-4310-9b77-9dac8140ee47,2018-07-31 10:25:49.954048,2018-07-31 10:25:49.954049,d9de42ae-9f53-43ed-a925-93c7c38237fc,d68af081-c8cb-4289-9a54-cb66b3c80d4e
0df3f41e-fd91-4fbb-97fb-3e5976a8807d,2018-07-31 10:25:49.954175,2018-07-31 10:25:49.954177,fda08eb6-8daa-4daf-bfec-0fb0891cb732,b53e7baa-96a1-44ac-8ed2-e569861e3ce2
c984631c-86d5-4386-b09b-75ea280b0cb7,2018-07-31 10:25:49.954278,2018-07-31 10:25:49.954279,0f0d35ea-9593-49ff-a03b-12fa2ca4fee4,176945a4-aae8-480c-b8d3-f439fa4803b6
a49b36a0-3c13-4f77-8276-9eb8074f9ffa,2018-07-31 10:25:49.954347,2018-07-31 10:25:49.954349,0f0d35ea-9593-49ff-a03b-12fa2ca4fee4,b53e7baa-96a1-44ac-8ed2-e569861e3ce2
542ca88d-6c14-41b5-a58d-80db10d2159a,2018-07-31 10:25:49.954393,2018-07-31 10:25:49.954394,0f0d35ea-9593-49ff-a03b-12fa2ca4fee4,d68af081-c8cb-4289-9a54-cb66b3c80d4e
73fefb41-95ff-47d7-97ef-5b02e2941cd5,2018-07-31 10:25:49.954504,2018-07-31 10:25:49.954505,df508fc6-c18a-4044-b0f7-35f3b9f64c02,176945a4-aae8-480c-b8d3-f439fa4803b6
8d0b2214-1791-4b7a-9777-9ecb42075bd8,2018-07-31 10:25:49.954541,2018-07-31 10:25:49.954542,df508fc6-c18a-4044-b0f7-35f3b9f64c02,b53e7baa-96a1-44ac-8ed2-e569861e3ce2
d5c84b0f-f0fe-4ce0-aa1a-4bde3a77c847,2018-07-31 10:25:49.954575,2018-07-31 10:25:49.954576,df508fc6-c18a-4044-b0f7-35f3b9f64c02,d68af081-c8cb-4289-9a54-cb66b3c80d4e
50484dc4-4308-4ecf-9ab8-b6362a1f1361,2018-07-31 10:25:49.954693,2018-07-31 10:25:49.954695,1f1d417a-26f2-41d5-9787-af392d0f09cf,a3fc3a87-78a0-43f2-ad5b-5dcf890587e3
f07995a0-d42d-46eb-b411-7f6bae735214,2018-07-31 10:25:49.954780,2018-07-31 10:25:49.954782,231b486b-7512-4004-869a-0e2e9217d118,4d8bd1fa-668c-4f7d-af5f-a26259675231
daf557ae-335c-424f-a535-9ef7196e869d,2018-07-31 10:25:49.954885,2018-07-31 10:25:49.954886,3ae404a0-f976-4064-9d3e-81e5a719ca3c,a3fc3a87-78a0-43f2-ad5b-5dcf890587e3
2aa514ee-8984-434c-9347-1193604e0053,2018-07-31 10:25:49.954922,2018-07-31 10:25:49.954923,3ae404a0-f976-4064-9d3e-81e5a719ca3c,2615acb1-ad3e-4b28-a2a0-50dabc46c3b6
18a275af-c6e0-4fc7-b5cf-e551db48d29a,2018-07-31 10:25:49.955040,2018-07-31 10:25:49.955041,4c81ca86-fc3e-4275-9510-6adaff57f6ed,176945a4-aae8-480c-b8d3-f439fa4803b6
4867a98e-6ec9-43fa-ad1a-07e668a3d58e,2018-07-31 10:25:49.955078,2018-07-31 10:25:49.955079,4c81ca86-fc3e-4275-9510-6adaff57f6ed,b53e7baa-96a1-44ac-8ed2-e569861e3ce2
c4138ccf-76dc-4c77-a8ea-0ae265dcf4bf,2018-07-31 10:25:49.955113,2018-07-31 10:25:49.955114,4c81ca86-fc3e-4275-9510-6adaff57f6ed,d68af081-c8cb-4289-9a54-cb66b3c80d4e
fb6c0ce8-0393-4c3f-8d1d-7cb2b0bd8e27,2018-07-31 10:25:49.955220,2018-07-31 10:25:49.955222,5751f066-28be-46af-b795-08387a27da6e,4d8bd1fa-668c-4f7d-af5f-a26259675231
c72ebf0f-e2b2-4b82-a7b5-f430d4d615c5,2018-07-31 10:25:49.955326,2018-07-31 10:25:49.955327,b133455e-0196-4e5d-b69b-a962847afce3,b53e7baa-96a1-44ac-8ed2-e569861e3ce2
08792b5c-4eb8-4c98-ac83-b54a1f16b446,2018-07-31 10:25:49.955422,2018-07-31 10:25:49.955424,52882402-db53-44cd-8c61-5a00a6ecec3d,176945a4-aae8-480c-b8d3-f439fa4803b6
5e659be4-2b61-4fce-9c65-a476f930da74,2018-07-31 10:25:49.955521,2018-07-31 10:25:49.955522,c2ef5d63-378b-4d5e-a1b6-0b189dc30c5e,18cbe740-02b9-465c-b39c-5613f035ab1e
4e357a99-ab0d-452a-b547-9e511e20fb4f,2018-07-31 10:25:49.955608,2018-07-31 10:25:49.955609,84f48258-fcf2-42a1-bd8b-5ed1f882aebe,4d8bd1fa-668c-4f7d-af5f-a26259675231
62402a40-0649-43aa-84e2-0c2d9f437011,2018-07-31 10:25:49.955723,2018-07-31 10:25:49.955725,3dbe699f-1ba5-445b-b291-28390ae4f32d,2615acb1-ad3e-4b28-a2a0-50dabc46c3b6
9c9ab993-64db-4e0e-9351-549e3627bb35,2018-07-31 10:25:49.955826,2018-07-31 10:25:49.955827,bfdb7a76-a36c-4e9b-ba18-e8c8b259ed91,2615acb1-ad3e-4b28-a2a0-50dabc46c3b6
f0c807a9-6ae8-4378-984f-1f5367782e98,2018-07-31 10:25:49.955925,2018-07-31 10:25:49.955926,a5970f51-1fb6-49f3-8fb0-f862cb255415,a3fc3a87-78a0-43f2-ad5b-5dcf890587e3
01b6b00d-0002-4aaa-a0e9-19a1c0d72fed,2018-07-31 10:25:49.956058,2018-07-31 10:25:49.956060,eb192b73-e92b-4948-a851-f975c86463f6,2c46cfc7-34b3-4874-a74e-540aabc9f029
a04936c9-a21b-45f3-acae-bfc245e7fcfb,2018-07-31 10:25:49.956206,2018-07-31 10:25:49.956208,c7aa3dae-3934-4d36-91a3-9f53526c9438,2615acb1-ad3e-4b28-a2a0-50dabc46c3b6
77ae0290-759c-4ff5-88d5-39b452c304cc,2018-07-31 10:25:49.956355,2018-07-31 10:25:49.956357,5106093c-226e-4212-83e6-ce8ac8ab693b,4d8bd1fa-668c-4f7d-af5f-a26259675231
b4fd6e0f-1e28-4e29-92a8-666ba04e60bb,2018-07-31 10:25:49.956516,2018-07-31 10:25:49.956519,40959f80-cc22-433a-bc89-1ab6789c750b,a3fc3a87-78a0-43f2-ad5b-5dcf890587e3
2afa281d-2a75-401f-a741-846e3cfb531d,2018-07-31 10:25:49.956669,2018-07-31 10:25:49.956671,deaa1e8e-7233-411f-b77f-b5a16e072e64,4d8bd1fa-668c-4f7d-af5f-a26259675231
0c406fd5-ea48-46b8-9e58-e7a7f172abfe,2018-07-31 10:25:49.956828,2018-07-31 10:25:49.956831,44f9b291-9903-4dbb-88e7-9d31acd7ff7e,176945a4-aae8-480c-b8d3-f439fa4803b6
8afb4a15-bbf8-4676-a84f-a7d75e0e05a4,2018-07-31 10:25:49.956888,2018-07-31 10:25:49.956889,44f9b291-9903-4dbb-88e7-9d31acd7ff7e,b53e7baa-96a1-44ac-8ed2-e569861e3ce2
22a22853-346a-430f-8241-409926432533,2018-07-31 10:25:49.956925,2018-07-31 10:25:49.956926,44f9b291-9903-4dbb-88e7-9d31acd7ff7e,d68af081-c8cb-4289-9a54-cb66b3c80d4e
5aec774b-0822-4f90-95fc-0098848b651e,2018-07-31 10:25:49.957077,2018-07-31 10:25:49.957079,d03915c3-025d-48ff-8ad8-aeb13ea4b51b,18cbe740-02b9-465c-b39c-5613f035ab1e
5ccb957f-366e-45fa-95db-4d7408bd7120,2018-07-31 10:25:49.957211,2018-07-31 10:25:49.957214,6ab34fe4-90b4-4474-a327-2a7b1cf65923,176945a4-aae8-480c-b8d3-f439fa4803b6
f3f5b2b1-0669-455e-ae83-f58aab8c5263,2018-07-31 10:25:49.957271,2018-07-31 10:25:49.957273,6ab34fe4-90b4-4474-a327-2a7b1cf65923,b53e7baa-96a1-44ac-8ed2-e569861e3ce2
d18f9c60-0e0a-484e-8c8d-ba32529893c1,2018-07-31 10:25:49.957309,2018-07-31 10:25:49.957310,6ab34fe4-90b4-4474-a327-2a7b1cf65923,d68af081-c8cb-4289-9a54-cb66b3c80d4e
e19df74a-d6f8-4711-81b7-d55329eb8e0e,2018-07-31 10:25:49.957460,2018-07-31 10:25:49.957461,9dd28b93-6249-4f55-8116-629d249938c8,4842b079-737d-40cb-86af-01437694a048
4cb1a21d-b849-4790-a78d-98241a535880,2018-07-31 10:25:49.957662,2018-07-31 10:25:49.957663,af1ca25e-b38b-4203-90b8-d90f881963ae,18cbe740-02b9-465c-b39c-5613f035ab1e
d04d7d99-0386-4e08-8d7b-fa94053e437b,2018-07-31 10:25:49.957806,2018-07-31 10:25:49.957807,3fbac9d5-d6ec-4201-8261-22d3d0c2684d,b53e7baa-96a1-44ac-8ed2-e569861e3ce2
5cf713b1-0bdc-4356-ad0d-4227a9652051,2018-07-31 10:25:49.957950,2018-07-31 10:25:49.957951,a21fdb21-ace9-43b2-97ab-b42abd781c05,18cbe740-02b9-465c-b39c-5613f035ab1e
b9cfea84-9128-491c-bb18-96dfe51b85bf,2018-07-31 10:25:49.958119,2018-07-31 10:25:49.958121,c5452b6f-751d-4161-bb40-e51b4abe4ca4,ba163cfa-61be-414b-b4b2-97fbd2a86a91
f88349c7-8536-48a5-ba6a-de818a440a51,2018-07-31 10:25:49.958430,2018-07-31 10:25:49.958432,d69e74b0-9c20-4a7d-9b3d-f251eb318bfe,b53e7baa-96a1-44ac-8ed2-e569861e3ce2
55ca37e5-544b-496d-ac0f-96e4973ee9af,2018-07-31 10:25:49.958602,2018-07-31 10:25:49.958604,b7e5b638-99f0-4676-9411-c88d06d49943,176945a4-aae8-480c-b8d3-f439fa4803b6
ffbd0cc3-0c69-48d7-85b6-e215161de451,2018-07-31 10:25:49.958667,2018-07-31 10:25:49.958669,b7e5b638-99f0-4676-9411-c88d06d49943,b53e7baa-96a1-44ac-8ed2-e569861e3ce2
12e6659d-5f66-4291-a6da-ec1d67a74324,2018-07-31 10:25:49.958729,2018-07-31 10:25:49.958732,b7e5b638-99f0-4676-9411-c88d06d49943,d68af081-c8cb-4289-9a54-cb66b3c80d4e
82e242a3-abc0-42ae-b042-44b6b38d95e8,2018-07-31 10:25:49.958878,2018-07-31 10:25:49.958880,78af4910-3620-479b-a41b-36b0ed655c38,4d8bd1fa-668c-4f7d-af5f-a26259675231
2d4e51e0-06a8-4d52-bbf6-a6681637e8ae,2018-07-31 10:25:49.959068,2018-07-31 10:25:49.959070,924d3c6f-9f74-4147-8044-d4025f12eac3,176945a4-aae8-480c-b8d3-f439fa4803b6
28c51407-3097-40ed-aab7-a2cf2d232cd4,2018-07-31 10:25:49.959138,2018-07-31 10:25:49.959139,924d3c6f-9f74-4147-8044-d4025f12eac3,b53e7baa-96a1-44ac-8ed2-e569861e3ce2
c9b53303-d626-4cb5-b196-1e75b2559309,2018-07-31 10:25:49.959184,2018-07-31 10:25:49.959186,924d3c6f-9f74-4147-8044-d4025f12eac3,d68af081-c8cb-4289-9a54-cb66b3c80d4e
faecfe96-e615-41c4-821c-3af1d35c94ad,2018-07-31 10:25:49.959343,2018-07-31 10:25:49.959346,1c57b5f0-7544-4eb6-8df1-bcddc92dcd93,18cbe740-02b9-465c-b39c-5613f035ab1e
674b76f4-191a-48dd-a08b-5a335322406c,2018-07-31 10:25:49.959556,2018-07-31 10:25:49.959558,fab36a85-2785-40dc-978c-fa819b3aafae,18cbe740-02b9-465c-b39c-5613f035ab1e
abc69920-a74d-4ad9-87c3-c9d2a40bf601,2018-07-31 10:25:49.959656,2018-07-31 10:25:49.959657,c090aa08-f03c-405b-9aae-b1cf4467b4c1,e2e07ba9-fe5b-43e9-9dd3-721e1d324c87
92a453a1-906b-4d5b-b963-90c869f9ab39,2018-07-31 10:25:49.959780,2018-07-31 10:25:49.959781,e0ead9bd-0c01-4716-97e9-808ec330afd2,4842b079-737d-40cb-86af-01437694a048
a53d2cd4-1b18-45d1-9048-0835563fe4a1,2018-07-31 10:25:49.959896,2018-07-31 10:25:49.959898,8f1b8540-e68d-4141-baa0-3e5ceeeb54d7,a3fc3a87-78a0-43f2-ad5b-5dcf890587e3
00f03004-9e16-43c1-bf25-4750bcb5e33b,2018-07-31 10:25:49.960038,2018-07-31 10:25:49.960040,0ec8bfd4-2c19-458c-a511-8b3d7487ac27,176945a4-aae8-480c-b8d3-f439fa4803b6
46d58380-666a-4d69-b7fc-1658733eaeb1,2018-07-31 10:25:49.960260,2018-07-31 10:25:49.960263,df4303b6-aed5-4075-98df-cadb84990165,a3fc3a87-78a0-43f2-ad5b-5dcf890587e3
24c79f7f-6e32-4c01-bf76-caed83a0ddf3,2018-07-31 10:25:49.960421,2018-07-31 10:25:49.960423,4ef9121b-1de2-444b-a7c3-9d99e77b9fdd,176945a4-aae8-480c-b8d3-f439fa4803b6
79ba3a6e-b4fa-4ec5-95a1-0fefc7c50437,2018-07-31 10:25:49.960595,2018-07-31 10:25:49.960597,506b4a6b-a8cf-4b69-9b9f-1d358067ac6a,b53e7baa-96a1-44ac-8ed2-e569861e3ce2
6d227fc4-4fd5-411d-be7d-4232289f6f5b,2018-07-31 10:25:49.960785,2018-07-31 10:25:49.960788,da097bc5-240e-400e-944f-0e403fbd781f,8facce08-0b55-4b9d-8b13-2664fac1f507
245e02a0-32d8-42be-b82e-2abedc9bd75d,2018-07-31 10:25:49.961005,2018-07-31 10:25:49.961007,6bb27abd-b30c-4bd0-b429-a570fd999e15,b53e7baa-96a1-44ac-8ed2-e569861e3ce2
c56ceb10-78dc-4e75-bc58-adaf984f179f,2018-07-31 10:25:49.961138,2018-07-31 10:25:49.961139,1095a856-b1ba-4de4-a747-6c840cf67734,18cbe740-02b9-465c-b39c-5613f035ab1e
2082fe37-d374-4bed-b079-a6507a600b98,2018-07-31 10:25:49.961243,2018-07-31 10:25:49.961244,61e8db81-5ca3-4c58-ac7a-3ecf4467894b,176945a4-aae8-480c-b8d3-f439fa4803b6
8f5097a4-823e-4460-a713-d8b3f783330b,2018-07-31 10:25:49.961280,2018-07-31 10:25:49.961281,61e8db81-5ca3-4c58-ac7a-3ecf4467894b,b53e7baa-96a1-44ac-8ed2-e569861e3ce2
47e5c783-2065-4d59-bd22-8aa2f96fec2b,2018-07-31 10:25:49.961315,2018-07-31 10:25:49.961316,61e8db81-5ca3-4c58-ac7a-3ecf4467894b,d68af081-c8cb-4289-9a54-cb66b3c80d4e
c3b35f88-f724-461a-97be-ef671a9ae45d,2018-07-31 10:25:49.961455,2018-07-31 10:25:49.961456,bd48a549-e911-4a43-b78c-815647343fb6,4d8bd1fa-668c-4f7d-af5f-a26259675231
e229049a-a117-4e53-ac48-e6a6fba78e61,2018-07-31 10:25:49.961586,2018-07-31 10:25:49.961587,84dc0be9-7ae2-4615-a74f-b276f3beec17,2615acb1-ad3e-4b28-a2a0-50dabc46c3b6
d057ca05-567a-4ec9-afaa-51d9f36fe5c0,2018-07-31 10:25:49.961692,2018-07-31 10:25:49.961693,97e5fa3b-8b12-4132-814d-dbb9335c6709,b53e7baa-96a1-44ac-8ed2-e569861e3ce2
66db7667-6332-44ee-b13b-51d7ecb5e3d5,2018-07-31 10:25:49.961787,2018-07-31 10:25:49.961789,4a5b165b-e996-4954-ba66-7c8b6834c403,18cbe740-02b9-465c-b39c-5613f035ab1e
c063b921-c5e8-4979-99cd-f613481e5170,2018-07-31 10:25:49.961923,2018-07-31 10:25:49.961924,a8756dac-62a7-4b51-8d07-ab0cecb6e600,176945a4-aae8-480c-b8d3-f439fa4803b6
231dc92b-dcfb-4dd5-804b-a7d949536a61,2018-07-31 10:25:49.961960,2018-07-31 10:25:49.961962,a8756dac-62a7-4b51-8d07-ab0cecb6e600,b53e7baa-96a1-44ac-8ed2-e569861e3ce2
4a242c0e-89a5-4324-b80e-d412511aeb0b,2018-07-31 10:25:49.961995,2018-07-31 10:25:49.961996,a8756dac-62a7-4b51-8d07-ab0cecb6e600,d68af081-c8cb-4289-9a54-cb66b3c80d4e
fafca44f-edce-4a93-81c0-1e3072c06b85,2018-07-31 10:25:49.962088,2018-07-31 10:25:49.962089,e56d2659-7c04-4ed9-a354-75bbe45647c6,ba163cfa-61be-414b-b4b2-97fbd2a86a91
bf4fd442-4238-472f-809b-d11e2670c1e2,2018-07-31 10:25:49.962182,2018-07-31 10:25:49.962184,0bf2bc60-48f4-4b2e-849f-31e25da08c91,2615acb1-ad3e-4b28-a2a0-50dabc46c3b6
cf49e1fc-446d-46f2-b4b2-c0a4e3c41e48,2018-07-31 10:25:49.962330,2018-07-31 10:25:49.962331,1849447b-4f62-4318-81d3-9fef9c31482c,b9e14716-d743-4b6e-9df8-fcff626cc643
20bee46a-066e-4813-9a9c-74868e94b4db,2018-07-31 10:25:49.962456,2018-07-31 10:25:49.962457,dec8a962-0b66-48bc-bddc-e14736a9aaec,8afc240b-dcea-4e06-9dbc-a773d2fe0dcc
1207f6c4-0b28-4ac2-a889-f37d0875ee81,2018-07-31 10:25:49.962565,2018-07-31 10:25:49.962566,c8ff13c0-8b82-4187-b21b-8962ef62cd0e,18cbe740-02b9-465c-b39c-5613f035ab1e
20b370a3-49c9-4e6d-816a-46a08d5bf1c0,2018-07-31 10:25:49.962738,2018-07-31 10:25:49.962740,02a1485c-2c6e-4f4c-9f52-17c1d59dab59,b53e7baa-96a1-44ac-8ed2-e569861e3ce2
42761b81-3be3-4967-93f7-a19ebcc5f5b8,2018-07-31 10:25:49.962841,2018-07-31 10:25:49.962842,58b8f94e-c1c4-4a8f-bc2b-bd96e35b83fd,2615acb1-ad3e-4b28-a2a0-50dabc46c3b6
937a562c-98c0-46d8-8530-b0238b34f453,2018-07-31 10:25:49.962944,2018-07-31 10:25:49.962946,2032756b-ee41-4782-bbca-59b237fe3d9e,b53e7baa-96a1-44ac-8ed2-e569861e3ce2
1876d6c9-6896-4f3d-a615-7542aa7a2d26,2018-07-31 10:25:49.963059,2018-07-31 10:25:49.963060,cd77e3c0-58b5-4097-860d-81c9865ff0a8,2615acb1-ad3e-4b28-a2a0-50dabc46c3b6
5b3386e6-4ed9-4ac1-90fa-7cfd45d8d449,2018-07-31 10:25:49.963146,2018-07-31 10:25:49.963148,69c829e2-94e2-4190-99a0-b895cd2726e8,4d8bd1fa-668c-4f7d-af5f-a26259675231
b5bdea9b-c1c3-4e1b-b6c9-e75025521ef4,2018-07-31 10:25:49.963293,2018-07-31 10:25:49.963294,e7d2ccee-5288-4257-85bc-e4a2babf91ee,176945a4-aae8-480c-b8d3-f439fa4803b6
c1ee3c4e-28dc-440c-8f22-7593c49d05d9,2018-07-31 10:25:49.963330,2018-07-31 10:25:49.963331,e7d2ccee-5288-4257-85bc-e4a2babf91ee,b53e7baa-96a1-44ac-8ed2-e569861e3ce2
0b96d299-68b3-46b3-81f1-ca8094de10b4,2018-07-31 10:25:49.963371,2018-07-31 10:25:49.963372,e7d2ccee-5288-4257-85bc-e4a2babf91ee,d68af081-c8cb-4289-9a54-cb66b3c80d4e
a5db6c21-b40b-4347-87a1-366d41d71c85,2018-07-31 10:25:49.963490,2018-07-31 10:25:49.963491,2b756f1b-f695-46fe-ab00-c3e390c336a0,2615acb1-ad3e-4b28-a2a0-50dabc46c3b6
df8c0922-e27c-4003-b975-8e1baa35072a,2018-07-31 10:25:49.963588,2018-07-31 10:25:49.963589,ef391074-52ab-4a6b-b572-e40d575e3755,18cbe740-02b9-465c-b39c-5613f035ab1e
fe489fb6-daed-4c89-bb7a-606447d64f11,2018-07-31 10:25:49.963688,2018-07-31 10:25:49.963690,a3246604-801d-438e-a200-f97976a83659,18cbe740-02b9-465c-b39c-5613f035ab1e
a370e3b7-e611-4b33-bd79-5591217dd003,2018-07-31 10:25:49.963841,2018-07-31 10:25:49.963842,da8e3105-0b2e-450b-b8c3-59654b663152,b53e7baa-96a1-44ac-8ed2-e569861e3ce2
88e4a377-4511-4c6a-ae38-06006af4adeb,2018-07-31 10:25:49.963930,2018-07-31 10:25:49.963931,0c09e269-e0e1-4725-946c-416e3c55614b,2615acb1-ad3e-4b28-a2a0-50dabc46c3b6
f93dae75-fbb7-44f0-9ec6-cadbe48d01be,2018-07-31 10:25:49.964022,2018-07-31 10:25:49.964024,9535ee24-610d-4f9e-9a12-a2317628149d,18cbe740-02b9-465c-b39c-5613f035ab1e
70e56864-a250-40a8-beb7-613614e576f7,2018-07-31 10:25:49.964115,2018-07-31 10:25:49.964116,8e755f52-4ca9-43dd-860a-ae09ef28305f,bd7c7cb9-0299-4f9d-8503-b1b597e28c8c
6616b1cf-2845-49e6-b590-f8efe2480e55,2018-07-31 10:25:49.964241,2018-07-31 10:25:49.964242,2645daf3-beb7-4137-98cf-c28b97008d89,b53e7baa-96a1-44ac-8ed2-e569861e3ce2
6a6840bd-da6c-4f83-b287-974075f5027f,2018-07-31 10:25:49.964337,2018-07-31 10:25:49.964338,64bdb745-2bbb-49af-837b-6f3f98cd941a,2c46cfc7-34b3-4874-a74e-540aabc9f029
bd590888-24e9-4afd-a708-bb24685b021d,2018-07-31 10:25:49.964441,2018-07-31 10:25:49.964442,c4236326-e557-4e99-bea8-55838fc9bb0f,18cbe740-02b9-465c-b39c-5613f035ab1e
a07d754a-0dcc-4d5d-aca8-feecb442b1e7,2018-07-31 10:25:49.964528,2018-07-31 10:25:49.964529,933f49f3-d6c8-4632-8633-e7447a09ff55,18cbe740-02b9-465c-b39c-5613f035ab1e
037a048e-d282-491b-b0db-2364d5dbc684,2018-07-31 10:25:49.964654,2018-07-31 10:25:49.964656,4e306d96-e77f-4794-b818-eba5c85140de,bd7c7cb9-0299-4f9d-8503-b1b597e28c8c
6330fa8b-371c-46c8-89a9-bc6a6ea8e8c8,2018-07-31 10:25:49.964745,2018-07-31 10:25:49.964746,79a18636-3419-4e22-92a3-d40c92eced14,a7af5118-324a-4788-b677-66c2daa0f75e
efcef38d-37ec-465e-96b4-b9995580e054,2018-07-31 10:25:49.964852,2018-07-31 10:25:49.964853,09f32e91-6579-4db1-91e4-4a0655af51ac,a3fc3a87-78a0-43f2-ad5b-5dcf890587e3
5d1d826d-4e35-42f6-a7e4-d1bf09143b94,2018-07-31 10:25:49.964939,2018-07-31 10:25:49.964941,fc5457f9-30bd-403e-b3d7-778bcb8ed826,4d8bd1fa-668c-4f7d-af5f-a26259675231
936fcdab-2ec8-40c9-b854-11c1f4550a4d,2018-07-31 10:25:49.965058,2018-07-31 10:25:49.965059,73eaebe0-1dd7-461d-8d79-5687b4465c7b,b53e7baa-96a1-44ac-8ed2-e569861e3ce2
5f100ae8-7fb9-4f1e-ad38-da6a1b36784a,2018-07-31 10:25:49.965159,2018-07-31 10:25:49.965160,8136c798-e67d-4339-8b5e-e52897e70d1f,ba163cfa-61be-414b-b4b2-97fbd2a86a91
d3886246-6e4f-469a-991e-62f3d243960b,2018-07-31 10:25:49.965269,2018-07-31 10:25:49.965271,d28415b0-e933-4395-a66b-7d983a63abec,176945a4-aae8-480c-b8d3-f439fa4803b6
7cb64ae5-4d32-4349-9d25-d100adffe10a,2018-07-31 10:25:49.965306,2018-07-31 10:25:49.965308,d28415b0-e933-4395-a66b-7d983a63abec,b53e7baa-96a1-44ac-8ed2-e569861e3ce2
f85a9e4f-d492-4e06-bb52-2c3088a0884a,2018-07-31 10:25:49.965341,2018-07-31 10:25:49.965342,d28415b0-e933-4395-a66b-7d983a63abec,d68af081-c8cb-4289-9a54-cb66b3c80d4e
f1f0d09e-9b82-44cf-99b4-d010d3ce4562,2018-07-31 10:25:49.965486,2018-07-31 10:25:49.965488,b768dbb0-9840-4a7a-9ac7-c3aeae0ec16c,4d8bd1fa-668c-4f7d-af5f-a26259675231
ee6a0290-5ef0-4e6e-8dcd-a5f7461d949a,2018-07-31 10:25:49.965616,2018-07-31 10:25:49.965617,48ce46cb-7aba-406c-8330-f6c5b43389c1,b53e7baa-96a1-44ac-8ed2-e569861e3ce2
805cb3d6-1896-4a73-bbe0-28f480f97b17,2018-07-31 10:25:49.965715,2018-07-31 10:25:49.965716,4fe0ec12-331f-470d-abb2-5401bcf53714,ba163cfa-61be-414b-b4b2-97fbd2a86a91
2b2f4160-66f4-4a2b-8330-b88d9ed283bb,2018-07-31 10:25:49.965815,2018-07-31 10:25:49.965817,0e7f4f25-44eb-42f8-af11-da0b70a1f956,176945a4-aae8-480c-b8d3-f439fa4803b6
a39f2926-455c-439a-a9a6-f88f1f86899c,2018-07-31 10:25:49.965852,2018-07-31 10:25:49.965853,0e7f4f25-44eb-42f8-af11-da0b70a1f956,b53e7baa-96a1-44ac-8ed2-e569861e3ce2
fe14fc43-fd0a-4d39-84d3-598607e61a23,2018-07-31 10:25:49.965887,2018-07-31 10:25:49.965888,0e7f4f25-44eb-42f8-af11-da0b70a1f956,d68af081-c8cb-4289-9a54-cb66b3c80d4e
72d6483b-2203-4ea9-949e-a6de146885df,2018-07-31 10:25:49.966002,2018-07-31 10:25:49.966004,72aac46c-bf78-4357-bdd4-26212e8df890,b53e7baa-96a1-44ac-8ed2-e569861e3ce2
2da04c7b-0375-4884-9fc8-fea5bca103da,2018-07-31 10:25:49.966103,2018-07-31 10:25:49.966105,5182824e-5801-42d6-bfe8-28cdb279afc9,ba163cfa-61be-414b-b4b2-97fbd2a86a91
dd4ad3ac-81a2-4646-8588-a6e4c69e2670,2018-07-31 10:25:49.966200,2018-07-31 10:25:49.966201,49c7fa9b-ab48-4c17-8f19-27253f7cfd08,4842b079-737d-40cb-86af-01437694a048
757fb24e-1f01-4ede-b2f7-927c08fc4f32,2018-07-31 10:25:49.966286,2018-07-31 10:25:49.966287,1c29056b-92f2-4c34-9c3c-6f05f3f178e5,18cbe740-02b9-465c-b39c-5613f035ab1e
1fa22b83-cb31-45e3-bc1e-8fc0de509435,2018-07-31 10:25:49.966442,2018-07-31 10:25:49.966444,5cb58401-99b5-4bf4-b01a-5ca970be1d44,176945a4-aae8-480c-b8d3-f439fa4803b6
8f7c494e-846e-4ad6-990e-38911910b03b,2018-07-31 10:25:49.966480,2018-07-31 10:25:49.966481,5cb58401-99b5-4bf4-b01a-5ca970be1d44,b53e7baa-96a1-44ac-8ed2-e569861e3ce2
1bf01231-8fce-45e0-bae4-ccc822a756ec,2018-07-31 10:25:49.966515,2018-07-31 10:25:49.966516,5cb58401-99b5-4bf4-b01a-5ca970be1d44,d68af081-c8cb-4289-9a54-cb66b3c80d4e
9ead4de6-5f52-4fa9-bd0b-8f6a1eca3b93,2018-07-31 10:25:49.966615,2018-07-31 10:25:49.966616,477953c1-ea26-4b01-9c6f-a87c310fe136,18cbe740-02b9-465c-b39c-5613f035ab1e
3b809d5d-ad36-4db0-a89b-8ead9a80d7be,2018-07-31 10:25:49.966719,2018-07-31 10:25:49.966721,a169c018-0b18-411a-97b8-66c45bea8a87,b194d365-3e97-442e-9052-0d98d7d5d530
f319ba9a-7d76-4406-8470-3ecf615f4d68,2018-07-31 10:25:49.966842,2018-07-31 10:25:49.966844,ab743202-206c-4c37-99b1-9a46db93bd4c,b53e7baa-96a1-44ac-8ed2-e569861e3ce2
5dde6b73-9591-49f5-93e8-6bb3ae97ff79,2018-07-31 10:25:49.966931,2018-07-31 10:25:49.966933,0aa0823d-83c0-4c69-a332-88284c527b76,4d8bd1fa-668c-4f7d-af5f-a26259675231
a6e131d9-1d6e-4bd1-9079-c6f93f69bc9d,2018-07-31 10:25:49.967020,2018-07-31 10:25:49.967021,f4766ad6-2e10-4571-aa0c-c353b96d4d90,a3fc3a87-78a0-43f2-ad5b-5dcf890587e3
025f2081-8246-4cd4-bf2f-d6258ce04c9e,2018-07-31 10:25:49.967151,2018-07-31 10:25:49.967152,6a9bb8e9-ce6f-4e48-8c57-5a7d62770771,4d8bd1fa-668c-4f7d-af5f-a26259675231
d4a91674-1189-4296-94a0-ac5ead72a1c7,2018-07-31 10:25:49.967265,2018-07-31 10:25:49.967267,43c56651-c2da-4e66-a8fe-23915734fabd,176945a4-aae8-480c-b8d3-f439fa4803b6
1e1a163e-65ad-4788-93b1-9f6893b599ee,2018-07-31 10:25:49.967374,2018-07-31 10:25:49.967376,41bf20d7-7741-4347-ade3-915cee799e88,b194d365-3e97-442e-9052-0d98d7d5d530
a5a57904-a1d4-49d4-9cac-da557c2081d1,2018-07-31 10:25:49.967470,2018-07-31 10:25:49.967472,ef43182c-e253-4ce6-a1c5-5c7b62f720bf,18cbe740-02b9-465c-b39c-5613f035ab1e
2745b70f-b354-4f8c-8d01-4add13befb47,2018-07-31 10:25:49.967566,2018-07-31 10:25:49.967567,40a08efe-4d7c-4aec-905f-ba47597ecc96,18cbe740-02b9-465c-b39c-5613f035ab1e
0f8553bd-ba99-485e-8683-d8a905a99eb6,2018-07-31 10:25:49.967695,2018-07-31 10:25:49.967696,760f9068-426e-4c30-9829-177259d1da0f,b53e7baa-96a1-44ac-8ed2-e569861e3ce2
ac53f645-2c05-4720-8555-e8b08eed89d8,2018-07-31 10:25:49.967804,2018-07-31 10:25:49.967806,12342f12-2d74-44c4-9f00-a5c12ac2659c,649be27a-46ff-4e61-af3b-c3b1c82ec32b
cc58f1dd-7a36-453b-aa96-25f6d584f435,2018-07-31 10:25:49.967893,2018-07-31 10:25:49.967895,13e878bc-bd88-4900-85bf-34b7cdac3c00,4d8bd1fa-668c-4f7d-af5f-a26259675231
0ffb5f58-c99a-4481-8d34-033b13f61ea7,2018-07-31 10:25:49.968027,2018-07-31 10:25:49.968029,21130f88-dac2-4c36-9d9b-1fd9dc07750e,b53e7baa-96a1-44ac-8ed2-e569861e3ce2
b899950d-b72c-42d3-ae8f-7a673091842a,2018-07-31 10:25:49.968122,2018-07-31 10:25:49.968124,99dc55a0-49f4-464d-910b-99a46c5fac77,4d8bd1fa-668c-4f7d-af5f-a26259675231
3b25175c-0226-41ec-9ac1-1ea66e57fbef,2018-07-31 10:25:49.968208,2018-07-31 10:25:49.968210,5b926143-7916-446c-aefb-806585afe2dc,18cbe740-02b9-465c-b39c-5613f035ab1e
c4bcf36b-e12b-4709-8fed-01d73e646c42,2018-07-31 10:25:49.968335,2018-07-31 10:25:49.968337,04f42cd7-bd81-42d2-bf9e-eca1d04e1936,a3fc3a87-78a0-43f2-ad5b-5dcf890587e3
9fd5986f-d3b4-4ef5-96a0-78cce0366d05,2018-07-31 10:25:49.968442,2018-07-31 10:25:49.968443,ac303b30-c98f-4b8a-a044-d90aaaa69093,4842b079-737d-40cb-86af-01437694a048
93a48f24-4730-4cf1-b963-6b7fffd42216,2018-07-31 10:25:49.968544,2018-07-31 10:25:49.968545,9d0966f6-2a89-4734-a406-2fd112831a3e,b53e7baa-96a1-44ac-8ed2-e569861e3ce2
e454ad95-d040-426d-80ee-1c8609234fe1,2018-07-31 10:25:49.968635,2018-07-31 10:25:49.968637,09205f28-289b-42b0-926b-dc6b4c214393,2615acb1-ad3e-4b28-a2a0-50dabc46c3b6
1be7e1d5-3243-48d6-ab22-e21a7ae5f97b,2018-07-31 10:25:49.968745,2018-07-31 10:25:49.968746,23c917dd-86d4-4f27-94ab-cf7ec3e1d541,18cbe740-02b9-465c-b39c-5613f035ab1e
aae0a619-3dfd-4f06-85d1-a11dba763661,2018-07-31 10:25:49.968859,2018-07-31 10:25:49.968861,9dabb50e-00a1-46e5-8966-8a54ac424de6,b53e7baa-96a1-44ac-8ed2-e569861e3ce2
a1b099bc-fe49-47df-9364-84e0768237e5,2018-07-31 10:25:49.968961,2018-07-31 10:25:49.968962,aae4c148-6fe6-4179-b5b8-4d19c0686d17,18cbe740-02b9-465c-b39c-5613f035ab1e
a8b34fc0-4400-424d-bfcc-1b2d6c2b615a,2018-07-31 10:25:49.969101,2018-07-31 10:25:49.969102,a17ebc94-b167-4784-89a1-698f8964e8d8,4d8bd1fa-668c-4f7d-af5f-a26259675231
e30854d2-0f1a-4363-8223-537a34c209df,2018-07-31 10:25:49.969208,2018-07-31 10:25:49.969209,1d69eeb7-d3ab-48d9-8899-2d54476832ba,a3fc3a87-78a0-43f2-ad5b-5dcf890587e3
7947a704-9c3e-48d1-9f07-c6c04d4dd42a,2018-07-31 10:25:49.969302,2018-07-31 10:25:49.969303,338b3ade-2807-4a28-bbaf-73b50cecca7f,2615acb1-ad3e-4b28-a2a0-50dabc46c3b6
366a5e47-d291-4c1f-a751-4d434c9fdc46,2018-07-31 10:25:49.969423,2018-07-31 10:25:49.969424,0317aedf-574f-4655-a956-f47109da49ca,2615acb1-ad3e-4b28-a2a0-50dabc46c3b6
9cfdc8a5-bc8f-4de7-8769-edcda8ca3ec6,2018-07-31 10:25:49.969511,2018-07-31 10:25:49.969513,7a9bfc3e-0573-4e26-aed7-6a1f766fa437,4d8bd1fa-668c-4f7d-af5f-a26259675231
2ac66664-6614-4bc6-ab49-9697d9818764,2018-07-31 10:25:49.969601,2018-07-31 10:25:49.969602,4ac74b28-e989-46f8-aedf-1c833378357d,4842b079-737d-40cb-86af-01437694a048
7069d2a4-0db7-44f5-904e-d63713b8ac7a,2018-07-31 10:25:49.969702,2018-07-31 10:25:49.969703,7c41cd9d-fea3-484b-9e76-e0561fb01556,b53e7baa-96a1-44ac-8ed2-e569861e3ce2
2063d5e0-4a15-47ec-a77a-1528677b24b2,2018-07-31 10:25:49.969800,2018-07-31 10:25:49.969801,b861bf31-866f-4b60-b153-bfd64ebe83db,a3fc3a87-78a0-43f2-ad5b-5dcf890587e3
6dc5cfda-dd53-4fee-a499-5126073d71cf,2018-07-31 10:25:49.969914,2018-07-31 10:25:49.969915,694e05e7-3284-4eeb-a88f-3b50ee50f8ed,2615acb1-ad3e-4b28-a2a0-50dabc46c3b6
8ae0f391-7c1e-4903-844c-07f550790c8e,2018-07-31 10:25:49.970009,2018-07-31 10:25:49.970010,d7be0ac1-af83-4982-9740-e49bcc7ad17a,176945a4-aae8-480c-b8d3-f439fa4803b6
bb1a16d0-2878-4e9f-92b7-d729619bb602,2018-07-31 10:25:49.970046,2018-07-31 10:25:49.970047,d7be0ac1-af83-4982-9740-e49bcc7ad17a,b53e7baa-96a1-44ac-8ed2-e569861e3ce2
fd6e1ca9-a8d1-4be3-bbdd-f9bda8e67a48,2018-07-31 10:25:49.970080,2018-07-31 10:25:49.970081,d7be0ac1-af83-4982-9740-e49bcc7ad17a,d68af081-c8cb-4289-9a54-cb66b3c80d4e
09f83fa7-2623-429d-a07f-a85db2e9e7e9,2018-07-31 10:25:49.970179,2018-07-31 10:25:49.970180,8f8e27bf-799d-408d-8eec-ea11b05d2668,176945a4-aae8-480c-b8d3-f439fa4803b6
190b7eba-9699-49a3-8162-50ac3d6af5e2,2018-07-31 10:25:49.970216,2018-07-31 10:25:49.970217,8f8e27bf-799d-408d-8eec-ea11b05d2668,b53e7baa-96a1-44ac-8ed2-e569861e3ce2
0ae1b02e-2cf6-4e0d-a53b-95437b3e1e91,2018-07-31 10:25:49.970298,2018-07-31 10:25:49.970299,8f8e27bf-799d-408d-8eec-ea11b05d2668,d68af081-c8cb-4289-9a54-cb66b3c80d4e
725d99ea-b415-4d75-9ffa-211a0c3aa234,2018-07-31 10:25:49.970396,2018-07-31 10:25:49.970398,7f275eb2-2fcd-4f4b-8396-cc0a3e7001f2,4d8bd1fa-668c-4f7d-af5f-a26259675231
d54959cf-3033-4c8b-b3e1-5d834c4afd7f,2018-07-31 10:25:49.970517,2018-07-31 10:25:49.970518,f41593e7-de21-4e4b-a9f7-59df9e0e11dc,4e3a2703-0aea-44f2-b1f6-1031be1eb037
5f2c2e6c-334c-44c9-93df-1d97d51bdb12,2018-07-31 10:25:49.970601,2018-07-31 10:25:49.970603,99a7ed26-3b91-4550-8262-d4196fcae9bd,18cbe740-02b9-465c-b39c-5613f035ab1e
70d4646c-8b2b-4363-b0ac-d1f03792d103,2018-07-31 10:25:49.970684,2018-07-31 10:25:49.970686,8abbe0ce-e1d1-4a90-9989-295637374d02,18cbe740-02b9-465c-b39c-5613f035ab1e
720af89c-8e2a-47a1-b4c2-4075300f9b6e,2018-07-31 10:25:49.970776,2018-07-31 10:25:49.970777,8fe992d8-1019-492a-b36b-9cfc3293ac6b,4842b079-737d-40cb-86af-01437694a048
44e60370-cd0e-48f0-908b-60f1fd0d945d,2018-07-31 10:25:49.970872,2018-07-31 10:25:49.970873,3c8b4908-ed9e-43ea-a720-c690221857a6,18cbe740-02b9-465c-b39c-5613f035ab1e
6985445c-c8f4-40b1-b05c-3f0aa73855c5,2018-07-31 10:25:49.971000,2018-07-31 10:25:49.971002,f09f36b9-12b1-4c88-bccb-017afa9bc3d8,b53e7baa-96a1-44ac-8ed2-e569861e3ce2
e475d6f4-a782-4e25-a0b7-f263a419ef8a,2018-07-31 10:25:49.971038,2018-07-31 10:25:49.971039,f09f36b9-12b1-4c88-bccb-017afa9bc3d8,d68af081-c8cb-4289-9a54-cb66b3c80d4e
748c226e-f710-4529-bfec-2265750c2455,2018-07-31 10:25:49.971126,2018-07-31 10:25:49.971128,02322201-e2e3-4e4a-b4d3-8121ade4c987,4d8bd1fa-668c-4f7d-af5f-a26259675231
e21de5e5-bbad-4a11-982b-47e9c34d84ea,2018-07-31 10:25:49.971236,2018-07-31 10:25:49.971238,b2a7314a-7861-410b-b551-480c61ff582f,176945a4-aae8-480c-b8d3-f439fa4803b6
8fae4773-c1d0-4265-b436-94e8794c1fda,2018-07-31 10:25:49.971274,2018-07-31 10:25:49.971275,b2a7314a-7861-410b-b551-480c61ff582f,b53e7baa-96a1-44ac-8ed2-e569861e3ce2
2cba4b68-4367-4810-8d47-3e41ef920584,2018-07-31 10:25:49.971310,2018-07-31 10:25:49.971311,b2a7314a-7861-410b-b551-480c61ff582f,d68af081-c8cb-4289-9a54-cb66b3c80d4e
55bee487-8905-4ee0-b6fd-0c2e2034f880,2018-07-31 10:25:49.971410,2018-07-31 10:25:49.971411,1da95422-d6b9-470c-9078-05f899b1d8d4,18cbe740-02b9-465c-b39c-5613f035ab1e
9b123a49-f8ff-4f41-885c-7c9d8d846633,2018-07-31 10:25:49.971517,2018-07-31 10:25:49.971519,28c30f70-e4a8-4f69-9b40-b6ca8b2d32b7,18cbe740-02b9-465c-b39c-5613f035ab1e
5cf1927b-bddb-461e-93d7-4cd3173e1420,2018-07-31 10:25:49.971604,2018-07-31 10:25:49.971606,763aee4e-2d3c-4ca5-a34a-0825e8c75889,18cbe740-02b9-465c-b39c-5613f035ab1e
