file_type_relate_id,created,last_modified,collection_id,file_type_id
5f678bb7-a083-4e9a-a852-aed8dddffe5e,2018-08-01 11:14:09.303354,2018-08-01 11:14:09.303356,34e6ffc2-8854-4047-9c3b-498bf10d032c,3f961385-f5cf-400f-b04b-2cb58bce4908
5cc4c414-02c6-4874-a38a-9d9f07696910,2018-08-01 11:14:09.303482,2018-08-01 11:14:09.303484,cafa0c1b-5586-49dc-8f6a-cf1fab93362a,3f961385-f5cf-400f-b04b-2cb58bce4908
4916f646-f790-438b-a2b2-14718bd93895,2018-08-01 11:14:09.303626,2018-08-01 11:14:09.303627,2407d7a6-c33a-4095-915d-ac464293ef50,3f961385-f5cf-400f-b04b-2cb58bce4908
1e687093-d319-4e9b-9687-608286671c52,2018-08-01 11:14:09.303739,2018-08-01 11:14:09.303741,9aba8b42-4a55-4687-95aa-5a7cf75c970a,3f961385-f5cf-400f-b04b-2cb58bce4908
aca78b8d-b9cd-4c33-8a86-0a8234de7bcd,2018-08-01 11:14:09.303838,2018-08-01 11:14:09.303840,50c2ade2-9fc4-4664-82dc-4f699b88d5ae,5fef469d-da26-4279-b2e9-094721af176c
2d2f8034-9f50-4696-961f-264694fcf139,2018-08-01 11:14:09.303939,2018-08-01 11:14:09.303941,10af3c75-0a13-49ab-97b2-c258204f0d57,5fef469d-da26-4279-b2e9-094721af176c
bedc418b-e0ec-4083-88f0-776186a01845,2018-08-01 11:14:09.304078,2018-08-01 11:14:09.304080,10f3ccad-c484-474a-a1ac-30d97d2a3239,5fef469d-da26-4279-b2e9-094721af176c
42e5528c-11a7-42ca-a086-ee53071ba5d0,2018-08-01 11:14:09.304178,2018-08-01 11:14:09.304179,7a398c54-a7b2-4f67-aa1f-666aebfdfc8f,60503dfb-e5a8-4017-8f78-757fb3d68ff6
766da92f-9b17-4b9f-a0af-4750a7a2e131,2018-08-01 11:14:09.304223,2018-08-01 11:14:09.304224,7a398c54-a7b2-4f67-aa1f-666aebfdfc8f,70124f34-80be-4774-8ffe-3ff966e09ac9
06903ed2-bdd9-403b-b3ce-5dd784d4a1a1,2018-08-01 11:14:09.304321,2018-08-01 11:14:09.304323,b6749a2d-9d94-4b37-af5b-9746c165fe46,5fef469d-da26-4279-b2e9-094721af176c
72225d4a-d41f-4a88-a75a-ec92d38d3223,2018-08-01 11:14:09.304366,2018-08-01 11:14:09.304367,b6749a2d-9d94-4b37-af5b-9746c165fe46,08a67ef8-cbea-4b6f-a4ad-e58334290fbe
e8190835-f377-4cbb-b8a4-584f87ca2e6d,2018-08-01 11:14:09.304461,2018-08-01 11:14:09.304463,f692bfd4-4dea-4c8b-a14d-a5a73660c074,5fef469d-da26-4279-b2e9-094721af176c
9435d257-7aba-4910-a6af-a3bdd63aa249,2018-08-01 11:14:09.304556,2018-08-01 11:14:09.304557,025591d6-dabf-4242-ab6f-b4ec63f49992,4d67196a-da90-457d-a8f5-973ba2d37e73
23190cbb-0462-433b-8d36-fa32b4f1cc26,2018-08-01 11:14:09.304678,2018-08-01 11:14:09.304679,a50bd3f0-3a73-42f5-b617-ee683bd37f67,aab2ded2-843d-4852-b2d7-5d2979b2e085
dd2fd54d-a7d4-4149-adfc-87d6e7f25dc7,2018-08-01 11:14:09.304767,2018-08-01 11:14:09.304769,2308a36c-2acb-414a-a603-62e1986734c8,5fef469d-da26-4279-b2e9-094721af176c
155dd634-cb49-4048-a74b-995b3750f26b,2018-08-01 11:14:09.304860,2018-08-01 11:14:09.304862,46f82b17-62cc-4e01-8095-f72899ddcae0,17a5dcba-ff5e-4e81-8d3b-694096a125e9
c2f6f664-1c5d-445e-af63-d916925b5141,2018-08-01 11:14:09.304939,2018-08-01 11:14:09.304940,d4143336-8868-42d5-b2af-f463a38ca0dd,5fef469d-da26-4279-b2e9-094721af176c
753cc3f4-7699-4cf7-95b7-9bda31f90e8c,2018-08-01 11:14:09.304987,2018-08-01 11:14:09.304989,d4143336-8868-42d5-b2af-f463a38ca0dd,08a67ef8-cbea-4b6f-a4ad-e58334290fbe
e3a2c35c-92fc-4220-a845-76b9b7cec0bc,2018-08-01 11:14:09.305028,2018-08-01 11:14:09.305029,d4143336-8868-42d5-b2af-f463a38ca0dd,f4adc6bc-7314-4848-87de-ced1361db873
5a9f07a7-0bb7-44e6-95c9-d73472c7e0d3,2018-08-01 11:14:09.305174,2018-08-01 11:14:09.305175,18c52542-dc6f-4a12-88b3-59ecc8e6d53d,3f961385-f5cf-400f-b04b-2cb58bce4908
49de595b-dc37-4932-be82-1f79e4ca66ba,2018-08-01 11:14:09.305273,2018-08-01 11:14:09.305275,828e2ac2-308b-4db5-9be1-17914f5e56d7,5fef469d-da26-4279-b2e9-094721af176c
51ff0854-6f2b-4dda-86d5-3537e90e5b97,2018-08-01 11:14:09.305380,2018-08-01 11:14:09.305381,eb61aa80-149f-4381-a9b9-4089a65408d7,60503dfb-e5a8-4017-8f78-757fb3d68ff6
ea81c317-0186-4ea9-984e-4cf2e7b0c60d,2018-08-01 11:14:09.305422,2018-08-01 11:14:09.305423,eb61aa80-149f-4381-a9b9-4089a65408d7,70124f34-80be-4774-8ffe-3ff966e09ac9
af9be7a0-b752-4cae-acf4-d3d97220d21d,2018-08-01 11:14:09.305509,2018-08-01 11:14:09.305510,bc61656d-dc23-4624-82fd-daeaef06a36e,5fef469d-da26-4279-b2e9-094721af176c
73b3c801-c81a-40ed-8f19-c90695d29eb4,2018-08-01 11:14:09.305627,2018-08-01 11:14:09.305629,a0ca4670-a7c5-46b0-86a3-02b493a2b495,5fef469d-da26-4279-b2e9-094721af176c
aafb5d12-50b1-494b-b398-53b335914d59,2018-08-01 11:14:09.305715,2018-08-01 11:14:09.305717,7ac77b5e-6127-4db4-8499-fa3020f37ab5,70124f34-80be-4774-8ffe-3ff966e09ac9
307caa43-0e2d-4fa4-864b-8f7d98506992,2018-08-01 11:14:09.305810,2018-08-01 11:14:09.305811,85d8fb09-cc72-442f-9b44-287ed8079dbc,60503dfb-e5a8-4017-8f78-757fb3d68ff6
f7352cf3-9c49-4e88-80f2-3300d096b15d,2018-08-01 11:14:09.305852,2018-08-01 11:14:09.305853,85d8fb09-cc72-442f-9b44-287ed8079dbc,4d67196a-da90-457d-a8f5-973ba2d37e73
b4435705-4512-401f-b608-79e4cc8c3e01,2018-08-01 11:14:09.305938,2018-08-01 11:14:09.305940,837f9c46-0a41-4c59-99f9-cdda4ad4c9f1,60503dfb-e5a8-4017-8f78-757fb3d68ff6
365869ba-cd70-4a85-a196-91a4b83744fd,2018-08-01 11:14:09.305979,2018-08-01 11:14:09.305980,837f9c46-0a41-4c59-99f9-cdda4ad4c9f1,70124f34-80be-4774-8ffe-3ff966e09ac9
b2c2c2ec-3533-406d-86d9-825497c6b9f1,2018-08-01 11:14:09.306087,2018-08-01 11:14:09.306088,74e51b5d-a77f-42e6-b6ee-9826101afb59,67651c42-fadc-49c5-aa5a-ea62566c8974
ac8beada-2a6a-43b8-8634-72c4fffe93e1,2018-08-01 11:14:09.306179,2018-08-01 11:14:09.306180,466e48ab-0d43-4593-a8b1-27a6021293fe,5fef469d-da26-4279-b2e9-094721af176c
d2fe57d1-7e0b-4e6b-bda8-813de6ca7874,2018-08-01 11:14:09.306282,2018-08-01 11:14:09.306284,7684fbd6-fd02-49a2-abfd-1525cbb1f572,aab2ded2-843d-4852-b2d7-5d2979b2e085
0d2a558a-cd06-4cce-85b4-adfff63839de,2018-08-01 11:14:09.306379,2018-08-01 11:14:09.306380,ccca3364-5df8-45ce-aac6-a429cafc9c65,4d67196a-da90-457d-a8f5-973ba2d37e73
02fa8b7c-aa21-4410-8c34-8fc0851ec44d,2018-08-01 11:14:09.306457,2018-08-01 11:14:09.306459,11aef507-0ce2-40aa-a381-aad25c0cda3c,5fef469d-da26-4279-b2e9-094721af176c
679d9eae-2337-4668-824e-787c3baee859,2018-08-01 11:14:09.306499,2018-08-01 11:14:09.306500,11aef507-0ce2-40aa-a381-aad25c0cda3c,08a67ef8-cbea-4b6f-a4ad-e58334290fbe
3877bc1b-001e-473b-ab91-1fa4677228a1,2018-08-01 11:14:09.306610,2018-08-01 11:14:09.306612,d4c33e51-6871-4395-8eb1-3c752bb51221,60503dfb-e5a8-4017-8f78-757fb3d68ff6
439adf56-7be1-4a8e-b26a-8010f92c5173,2018-08-01 11:14:09.306652,2018-08-01 11:14:09.306653,d4c33e51-6871-4395-8eb1-3c752bb51221,70124f34-80be-4774-8ffe-3ff966e09ac9
0c2a7b49-ee1a-42d8-9749-2c679a53defe,2018-08-01 11:14:09.306749,2018-08-01 11:14:09.306750,d9f379cf-218a-4e0f-9578-e2d82b82b156,4d67196a-da90-457d-a8f5-973ba2d37e73
a8dd8aa4-731f-42e1-bbab-cd3016d7a89f,2018-08-01 11:14:09.306841,2018-08-01 11:14:09.306843,a665d1fe-47f4-497c-b467-bb1535a02c9d,60503dfb-e5a8-4017-8f78-757fb3d68ff6
35fdcb93-bedc-42d8-b111-8faace8e2d9d,2018-08-01 11:14:09.306882,2018-08-01 11:14:09.306884,a665d1fe-47f4-497c-b467-bb1535a02c9d,70124f34-80be-4774-8ffe-3ff966e09ac9
00cadac9-2883-402f-a0ba-6d86c3ae8c0b,2018-08-01 11:14:09.306996,2018-08-01 11:14:09.306997,1baff523-b18d-46b8-81bb-c8153edc8a92,5fef469d-da26-4279-b2e9-094721af176c
40672a91-1db1-4a51-baae-ec96d9a685a4,2018-08-01 11:14:09.307038,2018-08-01 11:14:09.307040,1baff523-b18d-46b8-81bb-c8153edc8a92,08a67ef8-cbea-4b6f-a4ad-e58334290fbe
9bb4b292-010f-4b7b-9bb7-52076948daf4,2018-08-01 11:14:09.307078,2018-08-01 11:14:09.307080,1baff523-b18d-46b8-81bb-c8153edc8a92,f4adc6bc-7314-4848-87de-ced1361db873
a7ced54b-0cf0-4df8-9e37-61d743be2823,2018-08-01 11:14:09.307168,2018-08-01 11:14:09.307169,bf44d22e-8606-466c-8f32-b9561da2ace8,17a5dcba-ff5e-4e81-8d3b-694096a125e9
59eecc8b-7747-4faf-a324-f93224068777,2018-08-01 11:14:09.307274,2018-08-01 11:14:09.307275,39ca6940-f55e-4f09-acd1-58db7d56e2af,17a5dcba-ff5e-4e81-8d3b-694096a125e9
cf9764d6-95eb-408f-9ef0-fe824ef01e67,2018-08-01 11:14:09.307369,2018-08-01 11:14:09.307371,6b865af5-7a43-4170-bc02-fc9a542865d5,17a5dcba-ff5e-4e81-8d3b-694096a125e9
ffafc7fd-0606-4386-b3fc-ddbe578b9cff,2018-08-01 11:14:09.307461,2018-08-01 11:14:09.307463,a8396e23-0cb6-4d96-8c09-d9d62fd19bf2,5fef469d-da26-4279-b2e9-094721af176c
57f96ae6-a1c2-44fb-a207-c57202617949,2018-08-01 11:14:09.307586,2018-08-01 11:14:09.307587,a40c2ff9-ccac-4c76-99a1-2382c09cf716,60503dfb-e5a8-4017-8f78-757fb3d68ff6
8e839b10-7282-400f-bc7f-01269b7a40a9,2018-08-01 11:14:09.307670,2018-08-01 11:14:09.307671,a40c2ff9-ccac-4c76-99a1-2382c09cf716,70124f34-80be-4774-8ffe-3ff966e09ac9
54cba213-0e2f-4a89-b8b3-d31305725f3e,2018-08-01 11:14:09.307792,2018-08-01 11:14:09.307793,6a825941-a80b-4a61-a2b2-1da205f2f28b,3f961385-f5cf-400f-b04b-2cb58bce4908
090de11a-4ed5-417e-8d91-b751a2bc640e,2018-08-01 11:14:09.307917,2018-08-01 11:14:09.307918,27f30e8a-115a-4ad5-ace1-5e2aa4a53a70,3f961385-f5cf-400f-b04b-2cb58bce4908
1b8aa190-ca4b-4cdb-b2d4-063ffd4432e1,2018-08-01 11:14:09.308003,2018-08-01 11:14:09.308004,e28d8df6-cd30-4e89-bf0f-833e1ed0e670,4d67196a-da90-457d-a8f5-973ba2d37e73
b3e327ff-c929-451e-a220-f79d34c47a62,2018-08-01 11:14:09.308044,2018-08-01 11:14:09.308046,e28d8df6-cd30-4e89-bf0f-833e1ed0e670,75f52f41-82c4-41ad-8ab4-617a72745440
715cb45a-e1c1-46bb-840c-c48c889e8507,2018-08-01 11:14:09.308157,2018-08-01 11:14:09.308158,6b475ef7-51e7-4e15-b652-4e942eafa85f,3f961385-f5cf-400f-b04b-2cb58bce4908
9f0bf3d0-7e84-40ef-ac5d-9454be74cfd9,2018-08-01 11:14:09.308233,2018-08-01 11:14:09.308234,b7fd472a-6977-40cf-8ff2-6bb529275a97,5fef469d-da26-4279-b2e9-094721af176c
e86b7725-0226-48ad-a183-1f4f41915c15,2018-08-01 11:14:09.308283,2018-08-01 11:14:09.308285,b7fd472a-6977-40cf-8ff2-6bb529275a97,08a67ef8-cbea-4b6f-a4ad-e58334290fbe
c688cc53-ce8f-47ea-95d4-bbb1868377b5,2018-08-01 11:14:09.308336,2018-08-01 11:14:09.308337,b7fd472a-6977-40cf-8ff2-6bb529275a97,f4adc6bc-7314-4848-87de-ced1361db873
a59a09ac-705a-44ef-bff3-f0b1be5d77c4,2018-08-01 11:14:09.308463,2018-08-01 11:14:09.308464,f64af3dc-938b-4c49-a642-31abe902fece,aa6fadda-afc7-4963-b0d1-f0c71c470e34
62b7cf01-799d-4c68-9634-5b8ad593327d,2018-08-01 11:14:09.308555,2018-08-01 11:14:09.308556,38f98cad-be45-4f14-9f02-d5a119f7a134,60503dfb-e5a8-4017-8f78-757fb3d68ff6
6c427902-1edc-443e-879a-8be36d18d15c,2018-08-01 11:14:09.308596,2018-08-01 11:14:09.308597,38f98cad-be45-4f14-9f02-d5a119f7a134,70124f34-80be-4774-8ffe-3ff966e09ac9
272cc95a-795c-4979-aa1e-1658617ffc7d,2018-08-01 11:14:09.308696,2018-08-01 11:14:09.308697,3dae45f8-5e54-408d-a522-a18e98fb22c9,60503dfb-e5a8-4017-8f78-757fb3d68ff6
aa8e935f-b471-4654-b769-7f78f79a453d,2018-08-01 11:14:09.308737,2018-08-01 11:14:09.308738,3dae45f8-5e54-408d-a522-a18e98fb22c9,4d67196a-da90-457d-a8f5-973ba2d37e73
e9cc3471-6a1f-47a9-a65e-3aa9f474e895,2018-08-01 11:14:09.308859,2018-08-01 11:14:09.308860,5bb84939-a204-436c-80a7-ceb96a06f852,5fef469d-da26-4279-b2e9-094721af176c
10de90b6-b06f-408f-905b-bd4b925cb3c8,2018-08-01 11:14:09.308943,2018-08-01 11:14:09.308944,dfe990f8-7033-4bbc-8b22-07fde896cdd0,5fef469d-da26-4279-b2e9-094721af176c
75fe7f41-3e5a-42fe-9173-d8f167f18bc2,2018-08-01 11:14:09.308984,2018-08-01 11:14:09.308985,dfe990f8-7033-4bbc-8b22-07fde896cdd0,08a67ef8-cbea-4b6f-a4ad-e58334290fbe
22cc6d60-8019-4471-beea-c00d8b8601e1,2018-08-01 11:14:09.309024,2018-08-01 11:14:09.309025,dfe990f8-7033-4bbc-8b22-07fde896cdd0,f4adc6bc-7314-4848-87de-ced1361db873
34392995-c9ef-4bfe-a3d0-0439225b9200,2018-08-01 11:14:09.309120,2018-08-01 11:14:09.309122,0b6b75dc-c163-4199-a045-b2e5350c75df,aab2ded2-843d-4852-b2d7-5d2979b2e085
bad58756-d998-4a18-8129-b7d174fdd43f,2018-08-01 11:14:09.309206,2018-08-01 11:14:09.309208,8f6f47ec-164b-4a81-9545-3c6414caeea9,60503dfb-e5a8-4017-8f78-757fb3d68ff6
e6485261-0cc6-4980-b64f-744ab54d7cf2,2018-08-01 11:14:09.309316,2018-08-01 11:14:09.309317,dd22dbd6-ae96-4ab3-b84e-2bf6b6f2d1c7,5fef469d-da26-4279-b2e9-094721af176c
c02b300d-9ede-456d-827a-aa1bac47471f,2018-08-01 11:14:09.309358,2018-08-01 11:14:09.309360,dd22dbd6-ae96-4ab3-b84e-2bf6b6f2d1c7,08a67ef8-cbea-4b6f-a4ad-e58334290fbe
bb4e254c-b5cc-4245-8389-10811ef05b4c,2018-08-01 11:14:09.309398,2018-08-01 11:14:09.309400,dd22dbd6-ae96-4ab3-b84e-2bf6b6f2d1c7,f4adc6bc-7314-4848-87de-ced1361db873
aba3ea70-8401-406b-ad99-2f137571fc3c,2018-08-01 11:14:09.309524,2018-08-01 11:14:09.309525,8ea19b45-7a66-4e95-9833-f9e89611d106,3f961385-f5cf-400f-b04b-2cb58bce4908
52575af6-d631-4d4e-9d4d-e83fa7ca0b48,2018-08-01 11:14:09.309608,2018-08-01 11:14:09.309609,a7d09cf8-7cc3-4370-952d-fd52cd865676,5fef469d-da26-4279-b2e9-094721af176c
26c7c800-6352-48bb-b25b-17d4221c0f9d,2018-08-01 11:14:09.309649,2018-08-01 11:14:09.309651,a7d09cf8-7cc3-4370-952d-fd52cd865676,08a67ef8-cbea-4b6f-a4ad-e58334290fbe
411c5060-fe44-4979-941e-928eecc59c27,2018-08-01 11:14:09.309757,2018-08-01 11:14:09.309758,7bc5f57d-f679-454f-8fd3-bdffc8d54272,3f961385-f5cf-400f-b04b-2cb58bce4908
34f72b17-27f9-4234-84e9-123830a963e5,2018-08-01 11:14:09.309884,2018-08-01 11:14:09.309885,bfb21c12-a2e9-4f00-b1e9-3ad71f15f2f6,70124f34-80be-4774-8ffe-3ff966e09ac9
f3f7a514-927a-4b4f-8e20-0f046940cc46,2018-08-01 11:14:09.309972,2018-08-01 11:14:09.309973,dcb83233-2202-4aba-8e57-490c87cf0f28,5fef469d-da26-4279-b2e9-094721af176c
264e7db5-0bfe-4f09-8e27-1957e1488056,2018-08-01 11:14:09.310013,2018-08-01 11:14:09.310014,dcb83233-2202-4aba-8e57-490c87cf0f28,08a67ef8-cbea-4b6f-a4ad-e58334290fbe
c677050d-cac0-4008-b740-2196d9a76b45,2018-08-01 11:14:09.310053,2018-08-01 11:14:09.310054,dcb83233-2202-4aba-8e57-490c87cf0f28,f4adc6bc-7314-4848-87de-ced1361db873
a7ac9890-eb73-46eb-9118-01548b231e56,2018-08-01 11:14:09.310149,2018-08-01 11:14:09.310151,d1fde7dc-0b57-4357-b476-8e7f85d75c1b,70124f34-80be-4774-8ffe-3ff966e09ac9
36afc6f6-c026-4cac-9d8d-26761a1ed736,2018-08-01 11:14:09.310236,2018-08-01 11:14:09.310237,8375995a-0423-488c-9e3b-5bf76cdccf8f,70124f34-80be-4774-8ffe-3ff966e09ac9
8d6c404c-fe58-4a9a-8f53-db273314345c,2018-08-01 11:14:09.310379,2018-08-01 11:14:09.310380,1b7cf97b-1e2f-4a90-935e-982e7aa59e0e,4d67196a-da90-457d-a8f5-973ba2d37e73
c19ab573-ce32-43e0-85ff-61b7d22b289b,2018-08-01 11:14:09.310472,2018-08-01 11:14:09.310473,cc3d69fa-c8e2-4395-8956-58d035888894,5fef469d-da26-4279-b2e9-094721af176c
96dc0c34-85c6-46d3-9e26-9ce9ec89d2a3,2018-08-01 11:14:09.310577,2018-08-01 11:14:09.310578,4bd279fc-e358-4cdb-abc0-4e34516b21d3,3f961385-f5cf-400f-b04b-2cb58bce4908
23c6f436-7907-480b-a5d8-0080e2428a34,2018-08-01 11:14:09.310706,2018-08-01 11:14:09.310707,d9ce5448-30a5-46cf-a246-55ba7c8304f0,3f961385-f5cf-400f-b04b-2cb58bce4908
5b92d764-4e94-40f1-aafd-57d39fa2d26d,2018-08-01 11:14:09.310803,2018-08-01 11:14:09.310805,c04085c5-1e1d-43b8-ac4a-6a281fc16317,4d67196a-da90-457d-a8f5-973ba2d37e73
5c6afa1c-a903-4d93-b7cb-d42a9863deae,2018-08-01 11:14:09.310902,2018-08-01 11:14:09.310903,e334f6b6-8440-43c4-8b2c-17fc713d315c,60503dfb-e5a8-4017-8f78-757fb3d68ff6
20632df9-7b26-4589-80bb-0857b503ed2f,2018-08-01 11:14:09.310943,2018-08-01 11:14:09.310944,e334f6b6-8440-43c4-8b2c-17fc713d315c,70124f34-80be-4774-8ffe-3ff966e09ac9
d77f5ca2-2b62-4098-93b7-1cca62cd94fb,2018-08-01 11:14:09.311078,2018-08-01 11:14:09.311080,0549d3ba-3f72-4710-b26c-28c65df9c70d,3f961385-f5cf-400f-b04b-2cb58bce4908
126190b6-ddd9-4ee4-a0e0-244306218fcd,2018-08-01 11:14:09.311157,2018-08-01 11:14:09.311158,4dd0d9d0-29c0-4b42-a129-430f653eb8b2,5fef469d-da26-4279-b2e9-094721af176c
974f282f-1d26-4106-8697-f0103ea2ae93,2018-08-01 11:14:09.311198,2018-08-01 11:14:09.311200,4dd0d9d0-29c0-4b42-a129-430f653eb8b2,60503dfb-e5a8-4017-8f78-757fb3d68ff6
79e98908-d2fd-42c2-8cf2-e1e7a9231524,2018-08-01 11:14:09.311290,2018-08-01 11:14:09.311292,6581cda0-0c25-41e7-8e65-861aaea58571,5fef469d-da26-4279-b2e9-094721af176c
ee485490-4089-44a6-ad95-e8aa105ffbc9,2018-08-01 11:14:09.311389,2018-08-01 11:14:09.311390,e8f9fe46-e21d-4d62-9637-1e386f6e8b78,5fef469d-da26-4279-b2e9-094721af176c
a0b28896-3833-4a51-b493-c6d8b77a8b79,2018-08-01 11:14:09.311515,2018-08-01 11:14:09.311516,73fcedd4-2cfb-46af-83f0-302fae56edaa,3f961385-f5cf-400f-b04b-2cb58bce4908
a5b9b2ef-f787-4865-98d7-5b9662c3f5b8,2018-08-01 11:14:09.311611,2018-08-01 11:14:09.311612,9e79c338-3801-498d-b6bf-fd1f3bd785f9,5fef469d-da26-4279-b2e9-094721af176c
d8bd905f-e4a2-4c18-96df-9468849c71da,2018-08-01 11:14:09.311653,2018-08-01 11:14:09.311654,9e79c338-3801-498d-b6bf-fd1f3bd785f9,08a67ef8-cbea-4b6f-a4ad-e58334290fbe
748538a4-1d06-41bb-928c-723a473aaa78,2018-08-01 11:14:09.311692,2018-08-01 11:14:09.311694,9e79c338-3801-498d-b6bf-fd1f3bd785f9,f4adc6bc-7314-4848-87de-ced1361db873
c5fe4523-95d0-448b-9fa8-1cf4539d526e,2018-08-01 11:14:09.311777,2018-08-01 11:14:09.311778,67cd14e5-f197-4186-8852-58a93bd96714,5fef469d-da26-4279-b2e9-094721af176c
0cfda07e-3d62-478c-9219-0c2fe2cbe9d4,2018-08-01 11:14:09.311846,2018-08-01 11:14:09.311847,67cd14e5-f197-4186-8852-58a93bd96714,08a67ef8-cbea-4b6f-a4ad-e58334290fbe
11d87c72-97ab-4b79-a9a3-d9a493d3897b,2018-08-01 11:14:09.311975,2018-08-01 11:14:09.311976,6405ede8-8b03-411f-9544-cd6b3f6fe7fc,3f961385-f5cf-400f-b04b-2cb58bce4908
fc7c4005-1a19-48b7-80d7-657f6fdda8f8,2018-08-01 11:14:09.312061,2018-08-01 11:14:09.312062,49248d7d-e313-46a8-82ec-88c200b10c55,5fef469d-da26-4279-b2e9-094721af176c
7bf1738f-44c9-44ce-a3ca-aee642cffbd1,2018-08-01 11:14:09.312110,2018-08-01 11:14:09.312112,49248d7d-e313-46a8-82ec-88c200b10c55,08a67ef8-cbea-4b6f-a4ad-e58334290fbe
b64e9687-8bba-4c76-89e4-7e1cd3050b27,2018-08-01 11:14:09.312172,2018-08-01 11:14:09.312173,49248d7d-e313-46a8-82ec-88c200b10c55,f4adc6bc-7314-4848-87de-ced1361db873
821ceb3d-a5e4-4bcc-ba7b-2d5f86f6acb4,2018-08-01 11:14:09.312260,2018-08-01 11:14:09.312261,20ec43fd-c276-4410-9ab9-e5dc62ff1e83,60503dfb-e5a8-4017-8f78-757fb3d68ff6
b71f9796-9432-4479-9890-c44506ae561a,2018-08-01 11:14:09.312356,2018-08-01 11:14:09.312358,cd058f80-7db5-4e5c-8d58-c047598daca2,5fef469d-da26-4279-b2e9-094721af176c
d0e9b408-49fa-4fa9-959c-8cb4413d680f,2018-08-01 11:14:09.312433,2018-08-01 11:14:09.312435,0f903467-f56a-441e-a82a-4614d177552e,5fef469d-da26-4279-b2e9-094721af176c
278f2983-946b-491d-b84e-46a891c00ed7,2018-08-01 11:14:09.312537,2018-08-01 11:14:09.312538,d916d57a-9553-4f54-8100-fc9acb8671ac,5fef469d-da26-4279-b2e9-094721af176c
f770f0ef-ae3b-4d4b-8b88-ab5fa543bbe4,2018-08-01 11:14:09.312631,2018-08-01 11:14:09.312632,ac2a7fe9-f778-4716-899f-550adc7afa15,3f961385-f5cf-400f-b04b-2cb58bce4908
a28bfd79-85f5-4449-aacd-5a3eb635f46f,2018-08-01 11:14:09.312715,2018-08-01 11:14:09.312716,9e508f50-ced4-4f37-9ec9-18fe2e1ff9b8,4d67196a-da90-457d-a8f5-973ba2d37e73
8e82127f-c3c4-49ad-bee7-9d46832433bd,2018-08-01 11:14:09.312801,2018-08-01 11:14:09.312802,8cb0dea3-72c1-4e77-b57b-151b10b07136,60503dfb-e5a8-4017-8f78-757fb3d68ff6
9421f394-9c37-4592-9013-61700bf10a5d,2018-08-01 11:14:09.312837,2018-08-01 11:14:09.312838,8cb0dea3-72c1-4e77-b57b-151b10b07136,70124f34-80be-4774-8ffe-3ff966e09ac9
3bff1bd5-2473-4afe-a698-90088e2e00b4,2018-08-01 11:14:09.312945,2018-08-01 11:14:09.312946,3110404a-bdf9-491c-b272-cca7bea69ec8,60503dfb-e5a8-4017-8f78-757fb3d68ff6
3333604d-476d-42c7-ac02-f360f6ce6d2b,2018-08-01 11:14:09.313033,2018-08-01 11:14:09.313034,28f3ddd4-c6e8-4124-bc16-029a7dbe96e5,70124f34-80be-4774-8ffe-3ff966e09ac9
870c002e-b308-44f2-9613-0a3b5f037339,2018-08-01 11:14:09.313130,2018-08-01 11:14:09.313131,812c6179-28d7-4829-b99e-ae15d4a7cf5b,3f961385-f5cf-400f-b04b-2cb58bce4908
1ea6c28f-732e-4558-9151-4be1d6070c43,2018-08-01 11:14:09.313227,2018-08-01 11:14:09.313229,3fc52286-c6af-40b8-949c-59f2eafdd389,5fef469d-da26-4279-b2e9-094721af176c
80261d9e-4f47-47e4-9229-ffd305bb3ea4,2018-08-01 11:14:09.313273,2018-08-01 11:14:09.313275,3fc52286-c6af-40b8-949c-59f2eafdd389,08a67ef8-cbea-4b6f-a4ad-e58334290fbe
a3f620dd-9276-4118-a66b-77f139d55c4d,2018-08-01 11:14:09.313373,2018-08-01 11:14:09.313374,e8a9bba2-b219-47a7-be04-ff6493363c27,60503dfb-e5a8-4017-8f78-757fb3d68ff6
efe17c04-f2ec-4863-9a78-0ba2617482de,2018-08-01 11:14:09.313409,2018-08-01 11:14:09.313410,e8a9bba2-b219-47a7-be04-ff6493363c27,70124f34-80be-4774-8ffe-3ff966e09ac9
6ef2088c-b86d-4fbe-a29c-9bec70e6a014,2018-08-01 11:14:09.313495,2018-08-01 11:14:09.313497,d9de42ae-9f53-43ed-a925-93c7c38237fc,60503dfb-e5a8-4017-8f78-757fb3d68ff6
61b70684-e171-4f95-bc9c-7421389c8f01,2018-08-01 11:14:09.313614,2018-08-01 11:14:09.313616,fda08eb6-8daa-4daf-bfec-0fb0891cb732,3f961385-f5cf-400f-b04b-2cb58bce4908
693b50d4-e80e-4e70-9787-56a1005b00d4,2018-08-01 11:14:09.313704,2018-08-01 11:14:09.313705,0f0d35ea-9593-49ff-a03b-12fa2ca4fee4,60503dfb-e5a8-4017-8f78-757fb3d68ff6
222705ec-aeef-4682-9267-86f3d525b11c,2018-08-01 11:14:09.313797,2018-08-01 11:14:09.313798,df508fc6-c18a-4044-b0f7-35f3b9f64c02,60503dfb-e5a8-4017-8f78-757fb3d68ff6
184eaeb2-5b1a-4860-88a0-e3cbc8c43b6f,2018-08-01 11:14:09.313833,2018-08-01 11:14:09.313834,df508fc6-c18a-4044-b0f7-35f3b9f64c02,4d67196a-da90-457d-a8f5-973ba2d37e73
099b04ea-126a-46b8-bc39-35ae9d228cab,2018-08-01 11:14:09.313942,2018-08-01 11:14:09.313944,1f1d417a-26f2-41d5-9787-af392d0f09cf,3f961385-f5cf-400f-b04b-2cb58bce4908
bd2ec738-af69-42f7-8259-0362b8256218,2018-08-01 11:14:09.314020,2018-08-01 11:14:09.314022,231b486b-7512-4004-869a-0e2e9217d118,5fef469d-da26-4279-b2e9-094721af176c
952e5822-95e7-4156-ba60-59de1a39e8c1,2018-08-01 11:14:09.314109,2018-08-01 11:14:09.314110,3ae404a0-f976-4064-9d3e-81e5a719ca3c,60503dfb-e5a8-4017-8f78-757fb3d68ff6
f9ed3bf0-674d-45ff-b786-d9493b159b37,2018-08-01 11:14:09.314144,2018-08-01 11:14:09.314146,3ae404a0-f976-4064-9d3e-81e5a719ca3c,70124f34-80be-4774-8ffe-3ff966e09ac9
bbad8b6d-bf2c-4be6-b789-2e795f2a9e01,2018-08-01 11:14:09.314232,2018-08-01 11:14:09.314233,4c81ca86-fc3e-4275-9510-6adaff57f6ed,5fef469d-da26-4279-b2e9-094721af176c
6683762b-8845-49af-93ea-5ca634fdb9ec,2018-08-01 11:14:09.314339,2018-08-01 11:14:09.314341,5751f066-28be-46af-b795-08387a27da6e,5fef469d-da26-4279-b2e9-094721af176c
1ee76896-f7e8-429f-90a0-1880c56d1486,2018-08-01 11:14:09.314436,2018-08-01 11:14:09.314437,b133455e-0196-4e5d-b69b-a962847afce3,3f961385-f5cf-400f-b04b-2cb58bce4908
7d7a233f-0736-4b86-bae6-f6ceacf1866f,2018-08-01 11:14:09.314513,2018-08-01 11:14:09.314514,52882402-db53-44cd-8c61-5a00a6ecec3d,17a5dcba-ff5e-4e81-8d3b-694096a125e9
09827b4a-528a-4222-8140-920bc67b2cec,2018-08-01 11:14:09.314597,2018-08-01 11:14:09.314598,c2ef5d63-378b-4d5e-a1b6-0b189dc30c5e,5fef469d-da26-4279-b2e9-094721af176c
21b8d4e1-0ad2-4934-8edc-6703773aec46,2018-08-01 11:14:09.314634,2018-08-01 11:14:09.314635,c2ef5d63-378b-4d5e-a1b6-0b189dc30c5e,08a67ef8-cbea-4b6f-a4ad-e58334290fbe
bd48e951-d08a-4611-920d-e5f9c1f749d7,2018-08-01 11:14:09.314668,2018-08-01 11:14:09.314669,c2ef5d63-378b-4d5e-a1b6-0b189dc30c5e,f4adc6bc-7314-4848-87de-ced1361db873
91a53b39-8cda-4b17-acad-7b4191566323,2018-08-01 11:14:09.314743,2018-08-01 11:14:09.314744,84f48258-fcf2-42a1-bd8b-5ed1f882aebe,5fef469d-da26-4279-b2e9-094721af176c
66ee00de-71b9-414d-98fa-4e7ced499f66,2018-08-01 11:14:09.314849,2018-08-01 11:14:09.314850,3dbe699f-1ba5-445b-b291-28390ae4f32d,3f961385-f5cf-400f-b04b-2cb58bce4908
f7efb543-618c-470f-bb38-8ef0d2a2f884,2018-08-01 11:14:09.314943,2018-08-01 11:14:09.314944,bfdb7a76-a36c-4e9b-ba18-e8c8b259ed91,70124f34-80be-4774-8ffe-3ff966e09ac9
7ec5d6e1-06f7-4ace-b7d4-b3c69ca35451,2018-08-01 11:14:09.315031,2018-08-01 11:14:09.315032,a5970f51-1fb6-49f3-8fb0-f862cb255415,70124f34-80be-4774-8ffe-3ff966e09ac9
35c608c8-4ab0-4011-9553-899f1d083dc3,2018-08-01 11:14:09.315148,2018-08-01 11:14:09.315150,eb192b73-e92b-4948-a851-f975c86463f6,5fef469d-da26-4279-b2e9-094721af176c
6f305706-8903-4252-b0ac-10c10489c6bf,2018-08-01 11:14:09.315239,2018-08-01 11:14:09.315241,c7aa3dae-3934-4d36-91a3-9f53526c9438,17a5dcba-ff5e-4e81-8d3b-694096a125e9
920a5f45-09f5-4cab-8c25-ec14a89e5e03,2018-08-01 11:14:09.315333,2018-08-01 11:14:09.315334,5106093c-226e-4212-83e6-ce8ac8ab693b,5fef469d-da26-4279-b2e9-094721af176c
0df7548a-b07a-44d0-9216-610c27f0d2b9,2018-08-01 11:14:09.315417,2018-08-01 11:14:09.315418,40959f80-cc22-433a-bc89-1ab6789c750b,17a5dcba-ff5e-4e81-8d3b-694096a125e9
4b12246c-1c86-4215-9998-945d2006ab6e,2018-08-01 11:14:09.315496,2018-08-01 11:14:09.315497,deaa1e8e-7233-411f-b77f-b5a16e072e64,5fef469d-da26-4279-b2e9-094721af176c
427ec291-da15-4dd8-8429-185844b5a401,2018-08-01 11:14:09.315601,2018-08-01 11:14:09.315602,44f9b291-9903-4dbb-88e7-9d31acd7ff7e,60503dfb-e5a8-4017-8f78-757fb3d68ff6
ea7094a2-7521-4881-8a11-a7ba3397f7c8,2018-08-01 11:14:09.315690,2018-08-01 11:14:09.315692,d03915c3-025d-48ff-8ad8-aeb13ea4b51b,5fef469d-da26-4279-b2e9-094721af176c
1081a357-56d7-4238-9c16-99e8efbb58fc,2018-08-01 11:14:09.315726,2018-08-01 11:14:09.315728,d03915c3-025d-48ff-8ad8-aeb13ea4b51b,08a67ef8-cbea-4b6f-a4ad-e58334290fbe
4803fcf6-6f0f-44af-8cca-0ccb50ec3e08,2018-08-01 11:14:09.315760,2018-08-01 11:14:09.315761,d03915c3-025d-48ff-8ad8-aeb13ea4b51b,f4adc6bc-7314-4848-87de-ced1361db873
a038281c-003d-45f6-bb62-a4f06061910e,2018-08-01 11:14:09.315846,2018-08-01 11:14:09.315847,6ab34fe4-90b4-4474-a327-2a7b1cf65923,60503dfb-e5a8-4017-8f78-757fb3d68ff6
bc4254a3-6429-467b-bda8-d9d630a1abd4,2018-08-01 11:14:09.315911,2018-08-01 11:14:09.315912,6ab34fe4-90b4-4474-a327-2a7b1cf65923,70124f34-80be-4774-8ffe-3ff966e09ac9
ff01245c-5f71-420a-95fd-0ddd712346fe,2018-08-01 11:14:09.316000,2018-08-01 11:14:09.316001,9dd28b93-6249-4f55-8116-629d249938c8,15a8d9a4-dd27-44fb-ac3f-16606eeb37f5
71bb1c5f-1c90-4992-971e-a1048a7b0905,2018-08-01 11:14:09.316097,2018-08-01 11:14:09.316098,5a40a2fa-b125-4c1e-8100-a19187736cdb,ee5de03c-07cd-4af3-8cff-d9685f79491b
8a1a1765-e7d3-4555-81a9-7c5da2e84c4f,2018-08-01 11:14:09.316182,2018-08-01 11:14:09.316183,af1ca25e-b38b-4203-90b8-d90f881963ae,5fef469d-da26-4279-b2e9-094721af176c
c8a0a067-15d0-4152-872a-9fc813d4120d,2018-08-01 11:14:09.316218,2018-08-01 11:14:09.316219,af1ca25e-b38b-4203-90b8-d90f881963ae,08a67ef8-cbea-4b6f-a4ad-e58334290fbe
8b75051f-e4d6-412a-8367-271a881f3ca7,2018-08-01 11:14:09.316313,2018-08-01 11:14:09.316314,3fbac9d5-d6ec-4201-8261-22d3d0c2684d,3f961385-f5cf-400f-b04b-2cb58bce4908
8f4df47a-f9b5-4744-b84d-33c5ced983ed,2018-08-01 11:14:09.316400,2018-08-01 11:14:09.316401,a21fdb21-ace9-43b2-97ab-b42abd781c05,5fef469d-da26-4279-b2e9-094721af176c
2b20d3d2-3e8d-4ef4-91e9-cffcc47238eb,2018-08-01 11:14:09.316435,2018-08-01 11:14:09.316436,a21fdb21-ace9-43b2-97ab-b42abd781c05,08a67ef8-cbea-4b6f-a4ad-e58334290fbe
a84f3dd9-d510-46ed-b1c8-d332a5210a5c,2018-08-01 11:14:09.316469,2018-08-01 11:14:09.316470,a21fdb21-ace9-43b2-97ab-b42abd781c05,f4adc6bc-7314-4848-87de-ced1361db873
d573e7ba-4494-46c0-b88d-bb7e7226caa7,2018-08-01 11:14:09.316620,2018-08-01 11:14:09.316622,b0d2c140-b848-46d7-87c6-435f625ae8a0,5fef469d-da26-4279-b2e9-094721af176c
4319452b-901d-4e67-86d9-e351ac33b444,2018-08-01 11:14:09.316742,2018-08-01 11:14:09.316744,d69e74b0-9c20-4a7d-9b3d-f251eb318bfe,3f961385-f5cf-400f-b04b-2cb58bce4908
857da9b0-e1a7-4e71-88d3-bd095cc9ab07,2018-08-01 11:14:09.316836,2018-08-01 11:14:09.316837,b7e5b638-99f0-4676-9411-c88d06d49943,60503dfb-e5a8-4017-8f78-757fb3d68ff6
c729f212-ed74-4fce-aa54-1bba07d0dc8d,2018-08-01 11:14:09.316872,2018-08-01 11:14:09.316873,b7e5b638-99f0-4676-9411-c88d06d49943,70124f34-80be-4774-8ffe-3ff966e09ac9
870a5a82-665f-4b45-aa85-5f05d1734388,2018-08-01 11:14:09.316950,2018-08-01 11:14:09.316951,78af4910-3620-479b-a41b-36b0ed655c38,5fef469d-da26-4279-b2e9-094721af176c
9d96c30a-ac45-4d0c-aa1f-345384125f18,2018-08-01 11:14:09.317065,2018-08-01 11:14:09.317066,924d3c6f-9f74-4147-8044-d4025f12eac3,60503dfb-e5a8-4017-8f78-757fb3d68ff6
55daac11-6bbd-4e8a-b5b9-6ea3c103aad1,2018-08-01 11:14:09.317102,2018-08-01 11:14:09.317103,924d3c6f-9f74-4147-8044-d4025f12eac3,70124f34-80be-4774-8ffe-3ff966e09ac9
f0837f37-0696-42f7-acba-ee0cf250ceab,2018-08-01 11:14:09.317187,2018-08-01 11:14:09.317188,1c57b5f0-7544-4eb6-8df1-bcddc92dcd93,5fef469d-da26-4279-b2e9-094721af176c
b1942299-89ba-4f58-9c98-02bfeee8d6ab,2018-08-01 11:14:09.317273,2018-08-01 11:14:09.317274,7fb5157d-0fd8-46fa-801d-1e2992aee1de,5fef469d-da26-4279-b2e9-094721af176c
bd8d2f61-d99b-4871-b7f3-47293dd8f2b5,2018-08-01 11:14:09.317347,2018-08-01 11:14:09.317349,fab36a85-2785-40dc-978c-fa819b3aafae,5fef469d-da26-4279-b2e9-094721af176c
3951c881-07cc-40ce-b2c3-c9de5fd81038,2018-08-01 11:14:09.317383,2018-08-01 11:14:09.317384,fab36a85-2785-40dc-978c-fa819b3aafae,08a67ef8-cbea-4b6f-a4ad-e58334290fbe
973dcde6-19d0-40f0-b9e7-8083ca24a3c9,2018-08-01 11:14:09.317417,2018-08-01 11:14:09.317418,fab36a85-2785-40dc-978c-fa819b3aafae,f4adc6bc-7314-4848-87de-ced1361db873
22cf2f74-724f-4a4d-bdba-eb6722d0ecfc,2018-08-01 11:14:09.317497,2018-08-01 11:14:09.317499,c090aa08-f03c-405b-9aae-b1cf4467b4c1,5fef469d-da26-4279-b2e9-094721af176c
87f1deab-97f2-4590-b930-d96f0ca38b40,2018-08-01 11:14:09.317602,2018-08-01 11:14:09.317604,e0ead9bd-0c01-4716-97e9-808ec330afd2,aab2ded2-843d-4852-b2d7-5d2979b2e085
bfd432e2-33ea-48d8-9781-799e48b03310,2018-08-01 11:14:09.317639,2018-08-01 11:14:09.317640,e0ead9bd-0c01-4716-97e9-808ec330afd2,45457c8c-a705-4dcc-a4a5-e84ebe980ad0
bfa804cb-fe32-4c57-a40f-67b054050437,2018-08-01 11:14:09.317729,2018-08-01 11:14:09.317730,8f1b8540-e68d-4141-baa0-3e5ceeeb54d7,3f961385-f5cf-400f-b04b-2cb58bce4908
3add5515-1e4b-4c18-8d5c-54e546e28956,2018-08-01 11:14:09.317810,2018-08-01 11:14:09.317811,0ec8bfd4-2c19-458c-a511-8b3d7487ac27,60503dfb-e5a8-4017-8f78-757fb3d68ff6
a601a16f-06be-4c54-a7b6-818ca3dcbdef,2018-08-01 11:14:09.317846,2018-08-01 11:14:09.317847,0ec8bfd4-2c19-458c-a511-8b3d7487ac27,70124f34-80be-4774-8ffe-3ff966e09ac9
c398f36b-2bb4-4f71-940e-c4d7fcd9d8f8,2018-08-01 11:14:09.317968,2018-08-01 11:14:09.317969,df4303b6-aed5-4075-98df-cadb84990165,70124f34-80be-4774-8ffe-3ff966e09ac9
8c6b279a-3fd7-491d-ad30-9c9580c579e3,2018-08-01 11:14:09.318047,2018-08-01 11:14:09.318048,4ef9121b-1de2-444b-a7c3-9d99e77b9fdd,60503dfb-e5a8-4017-8f78-757fb3d68ff6
9a1d5f5c-7b86-4725-9bdf-e3aa1aa8aadb,2018-08-01 11:14:09.318135,2018-08-01 11:14:09.318136,506b4a6b-a8cf-4b69-9b9f-1d358067ac6a,3f961385-f5cf-400f-b04b-2cb58bce4908
44c9b430-1c7f-46b9-bd45-3e42bc8dbb59,2018-08-01 11:14:09.318232,2018-08-01 11:14:09.318234,da097bc5-240e-400e-944f-0e403fbd781f,3f961385-f5cf-400f-b04b-2cb58bce4908
cab3eb16-383b-4e74-a370-4c0c4b7f7ec7,2018-08-01 11:14:09.318357,2018-08-01 11:14:09.318359,6bb27abd-b30c-4bd0-b429-a570fd999e15,3f961385-f5cf-400f-b04b-2cb58bce4908
8b552752-21e7-4d51-bcdd-9b2cc5667355,2018-08-01 11:14:09.318445,2018-08-01 11:14:09.318446,1095a856-b1ba-4de4-a747-6c840cf67734,5fef469d-da26-4279-b2e9-094721af176c
eebabef5-f988-4f08-900f-d9d5fce9d08f,2018-08-01 11:14:09.318534,2018-08-01 11:14:09.318535,61e8db81-5ca3-4c58-ac7a-3ecf4467894b,60503dfb-e5a8-4017-8f78-757fb3d68ff6
eabeacbe-36f9-4d92-a971-10c0c056392b,2018-08-01 11:14:09.318654,2018-08-01 11:14:09.318655,bd48a549-e911-4a43-b78c-815647343fb6,5fef469d-da26-4279-b2e9-094721af176c
d48324a6-a6dc-46aa-b67c-96f95e9be8af,2018-08-01 11:14:09.318747,2018-08-01 11:14:09.318748,84dc0be9-7ae2-4615-a74f-b276f3beec17,70124f34-80be-4774-8ffe-3ff966e09ac9
1193c438-2aec-43c7-826d-0f4f9059eae3,2018-08-01 11:14:09.318783,2018-08-01 11:14:09.318784,84dc0be9-7ae2-4615-a74f-b276f3beec17,3f961385-f5cf-400f-b04b-2cb58bce4908
94059092-a3e9-4c2f-9221-716f96711253,2018-08-01 11:14:09.318817,2018-08-01 11:14:09.318818,84dc0be9-7ae2-4615-a74f-b276f3beec17,6d00823e-bf76-4892-96a1-91cefdde5ffe
b1972631-1274-41bf-bf1d-2e8a92604ef3,2018-08-01 11:14:09.318904,2018-08-01 11:14:09.318906,97e5fa3b-8b12-4132-814d-dbb9335c6709,60503dfb-e5a8-4017-8f78-757fb3d68ff6
91a7f8df-5989-43fc-a3a6-16464ae706b6,2018-08-01 11:14:09.318940,2018-08-01 11:14:09.318941,97e5fa3b-8b12-4132-814d-dbb9335c6709,70124f34-80be-4774-8ffe-3ff966e09ac9
81b8bb28-e67f-4b36-80bb-36047f544cb3,2018-08-01 11:14:09.319023,2018-08-01 11:14:09.319025,4a5b165b-e996-4954-ba66-7c8b6834c403,5fef469d-da26-4279-b2e9-094721af176c
0033e1a2-b9fa-4a99-b1f9-601d1af33e83,2018-08-01 11:14:09.319142,2018-08-01 11:14:09.319143,a8756dac-62a7-4b51-8d07-ab0cecb6e600,60503dfb-e5a8-4017-8f78-757fb3d68ff6
cf8a8c46-1ff0-475b-8d37-eae6fc3f2233,2018-08-01 11:14:09.319179,2018-08-01 11:14:09.319180,a8756dac-62a7-4b51-8d07-ab0cecb6e600,4d67196a-da90-457d-a8f5-973ba2d37e73
7eacbdc9-b9fc-4865-811d-06a33b3a91e8,2018-08-01 11:14:09.319311,2018-08-01 11:14:09.319313,e56d2659-7c04-4ed9-a354-75bbe45647c6,4d67196a-da90-457d-a8f5-973ba2d37e73
cb7d7de1-0df0-4169-a250-90dbabbcab0c,2018-08-01 11:14:09.319447,2018-08-01 11:14:09.319449,0bf2bc60-48f4-4b2e-849f-31e25da08c91,4d67196a-da90-457d-a8f5-973ba2d37e73
db794fd0-208d-498b-8631-57c222f04813,2018-08-01 11:14:09.319583,2018-08-01 11:14:09.319584,1849447b-4f62-4318-81d3-9fef9c31482c,60503dfb-e5a8-4017-8f78-757fb3d68ff6
23b34c89-2960-4265-be50-d4709c150b87,2018-08-01 11:14:09.319620,2018-08-01 11:14:09.319622,1849447b-4f62-4318-81d3-9fef9c31482c,70124f34-80be-4774-8ffe-3ff966e09ac9
5fa49d78-f86f-4135-a472-5d6aa70d168f,2018-08-01 11:14:09.319726,2018-08-01 11:14:09.319727,dec8a962-0b66-48bc-bddc-e14736a9aaec,3f961385-f5cf-400f-b04b-2cb58bce4908
b3bc95ea-efc2-4722-979c-151cc8769bb8,2018-08-01 11:14:09.319823,2018-08-01 11:14:09.319824,c8ff13c0-8b82-4187-b21b-8962ef62cd0e,5fef469d-da26-4279-b2e9-094721af176c
7a898be3-104e-4c80-931b-087fe91c07fd,2018-08-01 11:14:09.319941,2018-08-01 11:14:09.319942,02a1485c-2c6e-4f4c-9f52-17c1d59dab59,3f961385-f5cf-400f-b04b-2cb58bce4908
48f816f1-16b2-42a5-906b-e38f7f2e4afe,2018-08-01 11:14:09.320064,2018-08-01 11:14:09.320065,58b8f94e-c1c4-4a8f-bc2b-bd96e35b83fd,70124f34-80be-4774-8ffe-3ff966e09ac9
2d69c50d-a6a6-4d95-8a2d-b6be31683c4d,2018-08-01 11:14:09.320158,2018-08-01 11:14:09.320160,2032756b-ee41-4782-bbca-59b237fe3d9e,3f961385-f5cf-400f-b04b-2cb58bce4908
96169eb5-c5af-4928-b96d-61388c4f22c8,2018-08-01 11:14:09.320262,2018-08-01 11:14:09.320264,cd77e3c0-58b5-4097-860d-81c9865ff0a8,17a5dcba-ff5e-4e81-8d3b-694096a125e9
880db6e7-ca3c-4dbd-9038-1084875887e1,2018-08-01 11:14:09.320351,2018-08-01 11:14:09.320352,69c829e2-94e2-4190-99a0-b895cd2726e8,5fef469d-da26-4279-b2e9-094721af176c
45682de2-67ea-4395-81b2-6f4863d413c0,2018-08-01 11:14:09.320429,2018-08-01 11:14:09.320431,87b28327-55ab-47e2-8bd9-53330ecd1295,5fef469d-da26-4279-b2e9-094721af176c
369fc35a-639f-47f6-b78a-b53a2d3d81a7,2018-08-01 11:14:09.320526,2018-08-01 11:14:09.320527,e7d2ccee-5288-4257-85bc-e4a2babf91ee,60503dfb-e5a8-4017-8f78-757fb3d68ff6
fc95f895-3a41-4386-852e-4c4a84a3b3ed,2018-08-01 11:14:09.320562,2018-08-01 11:14:09.320563,e7d2ccee-5288-4257-85bc-e4a2babf91ee,70124f34-80be-4774-8ffe-3ff966e09ac9
13efae66-35c9-40bd-bddb-6415b251a52c,2018-08-01 11:14:09.320668,2018-08-01 11:14:09.320669,2b756f1b-f695-46fe-ab00-c3e390c336a0,4d67196a-da90-457d-a8f5-973ba2d37e73
efe7dbec-2e98-4987-a0a6-3047e3b99320,2018-08-01 11:14:09.320755,2018-08-01 11:14:09.320756,ef391074-52ab-4a6b-b572-e40d575e3755,5fef469d-da26-4279-b2e9-094721af176c
014ad6e0-b9b1-4900-8076-a87ce018fd10,2018-08-01 11:14:09.320846,2018-08-01 11:14:09.320847,a3246604-801d-438e-a200-f97976a83659,5fef469d-da26-4279-b2e9-094721af176c
48b12387-e2c7-4fd8-988f-3a6489763d56,2018-08-01 11:14:09.320932,2018-08-01 11:14:09.320933,974853ba-e4e2-463d-8d7d-ff75dbd16797,5fef469d-da26-4279-b2e9-094721af176c
f6b3ba34-3572-4763-8705-ac47100831db,2018-08-01 11:14:09.321034,2018-08-01 11:14:09.321035,da8e3105-0b2e-450b-b8c3-59654b663152,60503dfb-e5a8-4017-8f78-757fb3d68ff6
42d75e63-b17e-4ae2-9d2a-32ed01f60205,2018-08-01 11:14:09.321110,2018-08-01 11:14:09.321111,0c09e269-e0e1-4725-946c-416e3c55614b,75f52f41-82c4-41ad-8ab4-617a72745440
2dcd71e7-df5e-4f49-9d0b-44cfa26e9745,2018-08-01 11:14:09.321146,2018-08-01 11:14:09.321147,0c09e269-e0e1-4725-946c-416e3c55614b,60503dfb-e5a8-4017-8f78-757fb3d68ff6
740a0cd0-df44-4c9e-b94b-1979fd03e0e2,2018-08-01 11:14:09.321223,2018-08-01 11:14:09.321224,9535ee24-610d-4f9e-9a12-a2317628149d,5fef469d-da26-4279-b2e9-094721af176c
f94507af-a435-45b7-b527-05e29a5bac37,2018-08-01 11:14:09.321258,2018-08-01 11:14:09.321259,9535ee24-610d-4f9e-9a12-a2317628149d,08a67ef8-cbea-4b6f-a4ad-e58334290fbe
86e13c7d-0907-4efb-a4c5-f88fb423b044,2018-08-01 11:14:09.321301,2018-08-01 11:14:09.321302,9535ee24-610d-4f9e-9a12-a2317628149d,f4adc6bc-7314-4848-87de-ced1361db873
ed56ab37-dec4-411f-8309-50ad9072ed56,2018-08-01 11:14:09.321384,2018-08-01 11:14:09.321385,8e755f52-4ca9-43dd-860a-ae09ef28305f,3f961385-f5cf-400f-b04b-2cb58bce4908
ba9b5d7c-5f7b-454b-9523-c713c7adc4bb,2018-08-01 11:14:09.321499,2018-08-01 11:14:09.321501,2645daf3-beb7-4137-98cf-c28b97008d89,3f961385-f5cf-400f-b04b-2cb58bce4908
a525c1f2-6581-4646-a5ed-f80abf47dd3c,2018-08-01 11:14:09.321585,2018-08-01 11:14:09.321586,64bdb745-2bbb-49af-837b-6f3f98cd941a,5fef469d-da26-4279-b2e9-094721af176c
b524113e-fc12-4bd8-bf3e-4748b478694b,2018-08-01 11:14:09.321665,2018-08-01 11:14:09.321667,c4236326-e557-4e99-bea8-55838fc9bb0f,5fef469d-da26-4279-b2e9-094721af176c
3987e7dd-f917-4979-8c46-6bbf48912839,2018-08-01 11:14:09.321702,2018-08-01 11:14:09.321703,c4236326-e557-4e99-bea8-55838fc9bb0f,08a67ef8-cbea-4b6f-a4ad-e58334290fbe
49821403-9da1-4fe0-ae77-74428f509989,2018-08-01 11:14:09.321773,2018-08-01 11:14:09.321775,933f49f3-d6c8-4632-8633-e7447a09ff55,5fef469d-da26-4279-b2e9-094721af176c
eb2bedf5-7a52-4ef0-be33-41abe739b050,2018-08-01 11:14:09.321809,2018-08-01 11:14:09.321810,933f49f3-d6c8-4632-8633-e7447a09ff55,08a67ef8-cbea-4b6f-a4ad-e58334290fbe
fc4d3f77-f782-440d-8c1d-d1b27d02046f,2018-08-01 11:14:09.321842,2018-08-01 11:14:09.321843,933f49f3-d6c8-4632-8633-e7447a09ff55,f4adc6bc-7314-4848-87de-ced1361db873
47188b13-7012-408e-b3e3-b032e53778ca,2018-08-01 11:14:09.321953,2018-08-01 11:14:09.321954,4e306d96-e77f-4794-b818-eba5c85140de,3f961385-f5cf-400f-b04b-2cb58bce4908
e035bd35-8b78-4f12-81b4-a97349bf388d,2018-08-01 11:14:09.321989,2018-08-01 11:14:09.321990,4e306d96-e77f-4794-b818-eba5c85140de,5fef469d-da26-4279-b2e9-094721af176c
66caff29-ee54-4f24-86af-66a91767d222,2018-08-01 11:14:09.322022,2018-08-01 11:14:09.322023,4e306d96-e77f-4794-b818-eba5c85140de,45457c8c-a705-4dcc-a4a5-e84ebe980ad0
789a72ac-1352-4cbd-9b50-69248dc9b6bd,2018-08-01 11:14:09.322100,2018-08-01 11:14:09.322101,79a18636-3419-4e22-92a3-d40c92eced14,08a67ef8-cbea-4b6f-a4ad-e58334290fbe
b509afb5-dc11-4936-a709-55904991d9c3,2018-08-01 11:14:09.322197,2018-08-01 11:14:09.322199,09f32e91-6579-4db1-91e4-4a0655af51ac,70124f34-80be-4774-8ffe-3ff966e09ac9
cf9ba947-e333-449e-827f-3933699ca47e,2018-08-01 11:14:09.322281,2018-08-01 11:14:09.322283,fc5457f9-30bd-403e-b3d7-778bcb8ed826,5fef469d-da26-4279-b2e9-094721af176c
cd606507-da9e-4bec-81fb-0eda0611ddf1,2018-08-01 11:14:09.322392,2018-08-01 11:14:09.322393,73eaebe0-1dd7-461d-8d79-5687b4465c7b,70124f34-80be-4774-8ffe-3ff966e09ac9
b9c906aa-21d5-46b5-a662-f9549ba1c54c,2018-08-01 11:14:09.322482,2018-08-01 11:14:09.322483,8136c798-e67d-4339-8b5e-e52897e70d1f,3f961385-f5cf-400f-b04b-2cb58bce4908
a62400f1-720d-4793-bf25-2c796df458a1,2018-08-01 11:14:09.322575,2018-08-01 11:14:09.322577,d28415b0-e933-4395-a66b-7d983a63abec,60503dfb-e5a8-4017-8f78-757fb3d68ff6
992659d6-a443-474a-b454-755b6af1e177,2018-08-01 11:14:09.322611,2018-08-01 11:14:09.322612,d28415b0-e933-4395-a66b-7d983a63abec,70124f34-80be-4774-8ffe-3ff966e09ac9
d0136019-a3ed-4ea9-b27e-7f381d324d72,2018-08-01 11:14:09.322688,2018-08-01 11:14:09.322689,b768dbb0-9840-4a7a-9ac7-c3aeae0ec16c,5fef469d-da26-4279-b2e9-094721af176c
e8113acd-b740-4cb8-ae62-ce22ffdfe796,2018-08-01 11:14:09.322805,2018-08-01 11:14:09.322806,48ce46cb-7aba-406c-8330-f6c5b43389c1,3f961385-f5cf-400f-b04b-2cb58bce4908
66f3b3bb-820b-41ac-9dba-5be8096bdc1e,2018-08-01 11:14:09.322895,2018-08-01 11:14:09.322896,4fe0ec12-331f-470d-abb2-5401bcf53714,70124f34-80be-4774-8ffe-3ff966e09ac9
0eababc7-595a-4e03-9e59-ae4e3f2c5363,2018-08-01 11:14:09.322983,2018-08-01 11:14:09.322984,0e7f4f25-44eb-42f8-af11-da0b70a1f956,60503dfb-e5a8-4017-8f78-757fb3d68ff6
4de1cb61-0f66-4eda-abca-a32b18d6c9d9,2018-08-01 11:14:09.323086,2018-08-01 11:14:09.323087,72aac46c-bf78-4357-bdd4-26212e8df890,60503dfb-e5a8-4017-8f78-757fb3d68ff6
e208a5c3-d060-4375-95df-a5f84eeb5872,2018-08-01 11:14:09.323122,2018-08-01 11:14:09.323123,72aac46c-bf78-4357-bdd4-26212e8df890,70124f34-80be-4774-8ffe-3ff966e09ac9
312803dd-6959-44c3-894e-bfaa37662dff,2018-08-01 11:14:09.323213,2018-08-01 11:14:09.323214,5182824e-5801-42d6-bfe8-28cdb279afc9,3f961385-f5cf-400f-b04b-2cb58bce4908
97cb226f-a990-49c9-8772-ba1a04798e58,2018-08-01 11:14:09.323303,2018-08-01 11:14:09.323304,49c7fa9b-ab48-4c17-8f19-27253f7cfd08,aab2ded2-843d-4852-b2d7-5d2979b2e085
b5595d2c-6040-4dfd-83f7-f4d9e109d823,2018-08-01 11:14:09.323338,2018-08-01 11:14:09.323339,49c7fa9b-ab48-4c17-8f19-27253f7cfd08,45457c8c-a705-4dcc-a4a5-e84ebe980ad0
34ff1c8a-5c5c-4066-a040-e2fd11864e88,2018-08-01 11:14:09.323414,2018-08-01 11:14:09.323415,1c29056b-92f2-4c34-9c3c-6f05f3f178e5,5fef469d-da26-4279-b2e9-094721af176c
c05022ce-4f0d-4e02-adf1-b05d1bf0e508,2018-08-01 11:14:09.323552,2018-08-01 11:14:09.323554,5cb58401-99b5-4bf4-b01a-5ca970be1d44,60503dfb-e5a8-4017-8f78-757fb3d68ff6
301c27e4-42fc-47ec-a84f-82962b1b451c,2018-08-01 11:14:09.323580,2018-08-01 11:14:09.323581,5cb58401-99b5-4bf4-b01a-5ca970be1d44,70124f34-80be-4774-8ffe-3ff966e09ac9
a04ec918-a50a-430e-9d0c-2d16cecda983,2018-08-01 11:14:09.323669,2018-08-01 11:14:09.323670,477953c1-ea26-4b01-9c6f-a87c310fe136,5fef469d-da26-4279-b2e9-094721af176c
b2ecab4b-0060-47dd-888c-5ec5f8b105af,2018-08-01 11:14:09.323762,2018-08-01 11:14:09.323764,a169c018-0b18-411a-97b8-66c45bea8a87,70124f34-80be-4774-8ffe-3ff966e09ac9
d0626080-b979-46c4-8616-0e95d641fc69,2018-08-01 11:14:09.323876,2018-08-01 11:14:09.323878,ab743202-206c-4c37-99b1-9a46db93bd4c,3f961385-f5cf-400f-b04b-2cb58bce4908
b31ca9c3-5e7f-449d-8536-ddc5d60728ab,2018-08-01 11:14:09.323986,2018-08-01 11:14:09.323988,0aa0823d-83c0-4c69-a332-88284c527b76,5fef469d-da26-4279-b2e9-094721af176c
0e7dcead-6ba1-48b9-a968-0ff871020475,2018-08-01 11:14:09.324067,2018-08-01 11:14:09.324068,f4766ad6-2e10-4571-aa0c-c353b96d4d90,17a5dcba-ff5e-4e81-8d3b-694096a125e9
2281a331-70ef-4ba9-aa65-f1162de8fc65,2018-08-01 11:14:09.324149,2018-08-01 11:14:09.324150,471e9d12-1ff3-493d-a0d3-ab8ffa6842c0,5fef469d-da26-4279-b2e9-094721af176c
e790409d-f96e-4cd6-8619-1a811fc15b34,2018-08-01 11:14:09.324232,2018-08-01 11:14:09.324233,6a9bb8e9-ce6f-4e48-8c57-5a7d62770771,5fef469d-da26-4279-b2e9-094721af176c
0daf4800-76f3-4089-9b0e-10cce84c9c63,2018-08-01 11:14:09.324274,2018-08-01 11:14:09.324275,6a9bb8e9-ce6f-4e48-8c57-5a7d62770771,08a67ef8-cbea-4b6f-a4ad-e58334290fbe
26256d92-e657-43d0-a0db-72124c680924,2018-08-01 11:14:09.324376,2018-08-01 11:14:09.324377,43c56651-c2da-4e66-a8fe-23915734fabd,60503dfb-e5a8-4017-8f78-757fb3d68ff6
caacd6d8-0e30-4369-a5f5-d9fa3186ff97,2018-08-01 11:14:09.324413,2018-08-01 11:14:09.324414,43c56651-c2da-4e66-a8fe-23915734fabd,70124f34-80be-4774-8ffe-3ff966e09ac9
12a03400-2f82-44ec-be88-4bd9121814b4,2018-08-01 11:14:09.324504,2018-08-01 11:14:09.324505,41bf20d7-7741-4347-ade3-915cee799e88,3f961385-f5cf-400f-b04b-2cb58bce4908
9f47dc8a-77ef-465a-a7df-6748bb7d054d,2018-08-01 11:14:09.324588,2018-08-01 11:14:09.324589,ef43182c-e253-4ce6-a1c5-5c7b62f720bf,5fef469d-da26-4279-b2e9-094721af176c
ab7424bc-586e-4b24-a690-39aa37771922,2018-08-01 11:14:09.324672,2018-08-01 11:14:09.324673,40a08efe-4d7c-4aec-905f-ba47597ecc96,5fef469d-da26-4279-b2e9-094721af176c
4674c095-3ea3-46c8-bc5c-70fdbe82b3b9,2018-08-01 11:14:09.324792,2018-08-01 11:14:09.324793,760f9068-426e-4c30-9829-177259d1da0f,3f961385-f5cf-400f-b04b-2cb58bce4908
b4ac26db-9d08-4150-ae6d-8d118e63e2c3,2018-08-01 11:14:09.324891,2018-08-01 11:14:09.324892,12342f12-2d74-44c4-9f00-a5c12ac2659c,3f961385-f5cf-400f-b04b-2cb58bce4908
d74ab4f2-acd7-4c19-be5d-3795330e533f,2018-08-01 11:14:09.324970,2018-08-01 11:14:09.324971,13e878bc-bd88-4900-85bf-34b7cdac3c00,5fef469d-da26-4279-b2e9-094721af176c
d989b674-8f6f-4372-b43f-35518a025d9f,2018-08-01 11:14:09.325096,2018-08-01 11:14:09.325097,21130f88-dac2-4c36-9d9b-1fd9dc07750e,3f961385-f5cf-400f-b04b-2cb58bce4908
8c514cf7-bfa5-42ca-997e-24a7b80086fc,2018-08-01 11:14:09.325181,2018-08-01 11:14:09.325182,99dc55a0-49f4-464d-910b-99a46c5fac77,5fef469d-da26-4279-b2e9-094721af176c
cc42fe38-04d6-4cc7-81f5-9ca4cbdc9725,2018-08-01 11:14:09.325252,2018-08-01 11:14:09.325253,5b926143-7916-446c-aefb-806585afe2dc,5fef469d-da26-4279-b2e9-094721af176c
6072ecfa-127f-49a7-be7b-bf2e3b9bddc5,2018-08-01 11:14:09.325295,2018-08-01 11:14:09.325296,5b926143-7916-446c-aefb-806585afe2dc,08a67ef8-cbea-4b6f-a4ad-e58334290fbe
4c7086d9-beb5-41e4-ab11-a42620a13b23,2018-08-01 11:14:09.325330,2018-08-01 11:14:09.325331,5b926143-7916-446c-aefb-806585afe2dc,f4adc6bc-7314-4848-87de-ced1361db873
72c0117c-d343-480e-be3b-0b042be6d16b,2018-08-01 11:14:09.325448,2018-08-01 11:14:09.325449,04f42cd7-bd81-42d2-bf9e-eca1d04e1936,3f961385-f5cf-400f-b04b-2cb58bce4908
bd27c81e-684b-4346-9e07-1da644fc050e,2018-08-01 11:14:09.325537,2018-08-01 11:14:09.325538,ac303b30-c98f-4b8a-a044-d90aaaa69093,45457c8c-a705-4dcc-a4a5-e84ebe980ad0
4264d252-4ff2-42f2-9e57-42b005170ce0,2018-08-01 11:14:09.325629,2018-08-01 11:14:09.325630,9d0966f6-2a89-4734-a406-2fd112831a3e,3f961385-f5cf-400f-b04b-2cb58bce4908
432bbd96-b7f8-4cb8-beb7-3b3117123c63,2018-08-01 11:14:09.325710,2018-08-01 11:14:09.325712,09205f28-289b-42b0-926b-dc6b4c214393,17a5dcba-ff5e-4e81-8d3b-694096a125e9
0f7e59ff-f70d-493b-99ce-19703483a907,2018-08-01 11:14:09.325809,2018-08-01 11:14:09.325811,23c917dd-86d4-4f27-94ab-cf7ec3e1d541,5fef469d-da26-4279-b2e9-094721af176c
b8e49cb1-f4ff-4277-bd31-65157d44842a,2018-08-01 11:14:09.325915,2018-08-01 11:14:09.325916,9dabb50e-00a1-46e5-8966-8a54ac424de6,3f961385-f5cf-400f-b04b-2cb58bce4908
2d015933-ce8f-46ee-a7a5-5e6f3dd86d52,2018-08-01 11:14:09.326002,2018-08-01 11:14:09.326003,aae4c148-6fe6-4179-b5b8-4d19c0686d17,5fef469d-da26-4279-b2e9-094721af176c
8cf2c6b2-afbe-4916-8d3f-6e38b2236077,2018-08-01 11:14:09.326038,2018-08-01 11:14:09.326039,aae4c148-6fe6-4179-b5b8-4d19c0686d17,08a67ef8-cbea-4b6f-a4ad-e58334290fbe
8fc3d606-ed2f-4843-825c-cd98f9518a89,2018-08-01 11:14:09.326072,2018-08-01 11:14:09.326073,aae4c148-6fe6-4179-b5b8-4d19c0686d17,f4adc6bc-7314-4848-87de-ced1361db873
835be170-c981-49f0-b800-ace90cfd83ed,2018-08-01 11:14:09.326172,2018-08-01 11:14:09.326173,833d5567-69bc-4132-85f2-cbd7b5d8796d,5fef469d-da26-4279-b2e9-094721af176c
6bf6801e-9036-47bb-b023-9f110ec8c2b7,2018-08-01 11:14:09.326249,2018-08-01 11:14:09.326250,a17ebc94-b167-4784-89a1-698f8964e8d8,5fef469d-da26-4279-b2e9-094721af176c
316807ba-911c-4042-baeb-dd548248793d,2018-08-01 11:14:09.326353,2018-08-01 11:14:09.326354,1d69eeb7-d3ab-48d9-8899-2d54476832ba,70124f34-80be-4774-8ffe-3ff966e09ac9
ec907d15-90aa-4ac1-aefc-361ca005177f,2018-08-01 11:14:09.326438,2018-08-01 11:14:09.326439,338b3ade-2807-4a28-bbaf-73b50cecca7f,4d67196a-da90-457d-a8f5-973ba2d37e73
b263ec65-e363-4fc2-af75-890f2b928a14,2018-08-01 11:14:09.326542,2018-08-01 11:14:09.326543,0317aedf-574f-4655-a956-f47109da49ca,70124f34-80be-4774-8ffe-3ff966e09ac9
66dfbeb3-1307-4cda-a5f5-9333075e7e77,2018-08-01 11:14:09.326620,2018-08-01 11:14:09.326622,7a9bfc3e-0573-4e26-aed7-6a1f766fa437,5fef469d-da26-4279-b2e9-094721af176c
715668c9-6ba6-48c8-8e86-c5ec1d507048,2018-08-01 11:14:09.326694,2018-08-01 11:14:09.326695,4ac74b28-e989-46f8-aedf-1c833378357d,15a8d9a4-dd27-44fb-ac3f-16606eeb37f5
d9072ab7-ceb4-48d9-8605-e5e893b494cd,2018-08-01 11:14:09.326730,2018-08-01 11:14:09.326731,4ac74b28-e989-46f8-aedf-1c833378357d,45457c8c-a705-4dcc-a4a5-e84ebe980ad0
dc8953c9-6ed8-44ba-8cbc-c86a9a70eace,2018-08-01 11:14:09.326763,2018-08-01 11:14:09.326765,4ac74b28-e989-46f8-aedf-1c833378357d,aab2ded2-843d-4852-b2d7-5d2979b2e085
655fbf97-bab9-43bb-8f1c-7a400651f21f,2018-08-01 11:14:09.326854,2018-08-01 11:14:09.326855,7c41cd9d-fea3-484b-9e76-e0561fb01556,70124f34-80be-4774-8ffe-3ff966e09ac9
e88b68cb-a64f-4383-9040-9863191adc99,2018-08-01 11:14:09.326942,2018-08-01 11:14:09.326943,b861bf31-866f-4b60-b153-bfd64ebe83db,70124f34-80be-4774-8ffe-3ff966e09ac9
4d58df9d-9971-4e08-8460-ceaa01fb4256,2018-08-01 11:14:09.327046,2018-08-01 11:14:09.327047,694e05e7-3284-4eeb-a88f-3b50ee50f8ed,4d67196a-da90-457d-a8f5-973ba2d37e73
1d8f2e50-0dd1-4904-8db3-f1d7a37969d2,2018-08-01 11:14:09.327129,2018-08-01 11:14:09.327131,d7be0ac1-af83-4982-9740-e49bcc7ad17a,17a5dcba-ff5e-4e81-8d3b-694096a125e9
8c11cb74-6623-4e32-b263-d12f6cfd848f,2018-08-01 11:14:09.327217,2018-08-01 11:14:09.327218,8f8e27bf-799d-408d-8eec-ea11b05d2668,60503dfb-e5a8-4017-8f78-757fb3d68ff6
5ba01ea9-d7bb-44f3-9d3c-11a28a1680b5,2018-08-01 11:14:09.327302,2018-08-01 11:14:09.327303,7f275eb2-2fcd-4f4b-8396-cc0a3e7001f2,5fef469d-da26-4279-b2e9-094721af176c
a9a9c080-72f7-4b9a-9678-11674a1ab1a7,2018-08-01 11:14:09.327413,2018-08-01 11:14:09.327414,f41593e7-de21-4e4b-a9f7-59df9e0e11dc,60503dfb-e5a8-4017-8f78-757fb3d68ff6
9fb67c43-d175-42ea-8787-e5729685ff30,2018-08-01 11:14:09.327490,2018-08-01 11:14:09.327491,99a7ed26-3b91-4550-8262-d4196fcae9bd,5fef469d-da26-4279-b2e9-094721af176c
54f0c077-dd9c-4be7-a124-b1fa4065e5c8,2018-08-01 11:14:09.327564,2018-08-01 11:14:09.327565,8abbe0ce-e1d1-4a90-9989-295637374d02,5fef469d-da26-4279-b2e9-094721af176c
eaa9a1e0-1c7a-413f-84df-0e8afbe7dcbd,2018-08-01 11:14:09.327641,2018-08-01 11:14:09.327643,8fe992d8-1019-492a-b36b-9cfc3293ac6b,aab2ded2-843d-4852-b2d7-5d2979b2e085
222566c8-323a-499a-8a43-3de4ca63dfe7,2018-08-01 11:14:09.327677,2018-08-01 11:14:09.327678,8fe992d8-1019-492a-b36b-9cfc3293ac6b,5fef469d-da26-4279-b2e9-094721af176c
ebac6b4b-2148-425d-bd99-f2b0d8653441,2018-08-01 11:14:09.327710,2018-08-01 11:14:09.327711,8fe992d8-1019-492a-b36b-9cfc3293ac6b,08a67ef8-cbea-4b6f-a4ad-e58334290fbe
26e24540-9ab1-4c80-b5e9-d9c60b90f965,2018-08-01 11:14:09.327791,2018-08-01 11:14:09.327792,3c8b4908-ed9e-43ea-a720-c690221857a6,5fef469d-da26-4279-b2e9-094721af176c
96bd0438-9dc7-4ff1-9e62-7644ffab79cc,2018-08-01 11:14:09.327908,2018-08-01 11:14:09.327910,f09f36b9-12b1-4c88-bccb-017afa9bc3d8,3f961385-f5cf-400f-b04b-2cb58bce4908
ac3dc15d-eddf-49b6-add3-fcd074f70874,2018-08-01 11:14:09.328023,2018-08-01 11:14:09.328024,02322201-e2e3-4e4a-b4d3-8121ade4c987,5fef469d-da26-4279-b2e9-094721af176c
2aa30cb8-accf-4b5d-8642-c5c646ed9808,2018-08-01 11:14:09.328117,2018-08-01 11:14:09.328118,b2a7314a-7861-410b-b551-480c61ff582f,60503dfb-e5a8-4017-8f78-757fb3d68ff6
b0ccae75-0f41-4aa5-ad0e-d4910abb227f,2018-08-01 11:14:09.328154,2018-08-01 11:14:09.328155,b2a7314a-7861-410b-b551-480c61ff582f,70124f34-80be-4774-8ffe-3ff966e09ac9
f2b67fd0-025a-47a5-9148-2b870774b7ad,2018-08-01 11:14:09.328235,2018-08-01 11:14:09.328237,1da95422-d6b9-470c-9078-05f899b1d8d4,08a67ef8-cbea-4b6f-a4ad-e58334290fbe
8467f602-f89e-43bf-b222-48a95c061238,2018-08-01 11:14:09.328341,2018-08-01 11:14:09.328343,28c30f70-e4a8-4f69-9b40-b6ca8b2d32b7,5fef469d-da26-4279-b2e9-094721af176c
c46c97fe-6a52-42d7-a013-e319f06c0b32,2018-08-01 11:14:09.328419,2018-08-01 11:14:09.328421,763aee4e-2d3c-4ca5-a34a-0825e8c75889,5fef469d-da26-4279-b2e9-094721af176c
