use_relate_id,created,last_modified,collection_id,use_type_id
c3640ec3-ade3-4c91-8bce-7cf0976f4088,2018-07-31 11:50:02.974551,2018-07-31 11:50:02.974555,34e6ffc2-8854-4047-9c3b-498bf10d032c,750abda0-d147-4ffe-ad38-cd576395e38b
84f4b479-4f9d-435a-9b4f-b41967c64e27,2018-07-31 11:50:02.974607,2018-07-31 11:50:02.974609,34e6ffc2-8854-4047-9c3b-498bf10d032c,4562297f-0362-4c49-97be-096eb2fa4107
592b5de3-2b9c-4ee2-80de-2d4feaf97a68,2018-07-31 11:50:02.974666,2018-07-31 11:50:02.974668,34e6ffc2-8854-4047-9c3b-498bf10d032c,eb55fbd2-5848-4f54-b67c-81c5f01383dc
31903761-a185-4fc5-8c92-da144773d5ee,2018-07-31 11:50:02.974812,2018-07-31 11:50:02.974814,cafa0c1b-5586-49dc-8f6a-cf1fab93362a,750abda0-d147-4ffe-ad38-cd576395e38b
dfb0f92b-033b-44c0-bde6-5fabe67b3471,2018-07-31 11:50:02.974865,2018-07-31 11:50:02.974867,cafa0c1b-5586-49dc-8f6a-cf1fab93362a,4562297f-0362-4c49-97be-096eb2fa4107
3496e9cc-3670-45b4-a5cb-2685ba2b96b3,2018-07-31 11:50:02.974919,2018-07-31 11:50:02.974921,cafa0c1b-5586-49dc-8f6a-cf1fab93362a,eb55fbd2-5848-4f54-b67c-81c5f01383dc
76167365-8866-4475-bc71-a26dae8aea2d,2018-07-31 11:50:02.975086,2018-07-31 11:50:02.975088,2407d7a6-c33a-4095-915d-ac464293ef50,750abda0-d147-4ffe-ad38-cd576395e38b
b6f2ed9a-3933-48ef-85cd-4715da6e98c7,2018-07-31 11:50:02.975134,2018-07-31 11:50:02.975136,2407d7a6-c33a-4095-915d-ac464293ef50,4562297f-0362-4c49-97be-096eb2fa4107
26ef893d-bb95-413f-b835-731b30e88413,2018-07-31 11:50:02.975188,2018-07-31 11:50:02.975190,2407d7a6-c33a-4095-915d-ac464293ef50,eb55fbd2-5848-4f54-b67c-81c5f01383dc
21776bf9-1d8a-4ff6-a06a-bee93bb3a0a5,2018-07-31 11:50:02.975326,2018-07-31 11:50:02.975329,9aba8b42-4a55-4687-95aa-5a7cf75c970a,750abda0-d147-4ffe-ad38-cd576395e38b
a6f9612f-8940-47e5-865d-0e9e934a0612,2018-07-31 11:50:02.975385,2018-07-31 11:50:02.975388,9aba8b42-4a55-4687-95aa-5a7cf75c970a,4562297f-0362-4c49-97be-096eb2fa4107
caff3895-26cb-4151-a372-bb81f70c61b0,2018-07-31 11:50:02.975439,2018-07-31 11:50:02.975441,9aba8b42-4a55-4687-95aa-5a7cf75c970a,eb55fbd2-5848-4f54-b67c-81c5f01383dc
434190ef-0007-4aeb-9699-c76ab83edac1,2018-07-31 11:50:02.975565,2018-07-31 11:50:02.975568,50c2ade2-9fc4-4664-82dc-4f699b88d5ae,750abda0-d147-4ffe-ad38-cd576395e38b
2fb8bc70-7055-45ef-9032-916148db738e,2018-07-31 11:50:02.975614,2018-07-31 11:50:02.975616,50c2ade2-9fc4-4664-82dc-4f699b88d5ae,c912f1b2-2cbb-4af0-b222-37b4a6012649
36884a93-51a2-4ffa-81f1-d6d2e0cf9c39,2018-07-31 11:50:02.975666,2018-07-31 11:50:02.975668,50c2ade2-9fc4-4664-82dc-4f699b88d5ae,1ea95e8e-80d3-4fa0-aaea-299a29238797
469f7f60-dfc1-471c-b431-a50733dc6420,2018-07-31 11:50:02.975798,2018-07-31 11:50:02.975801,10af3c75-0a13-49ab-97b2-c258204f0d57,4562297f-0362-4c49-97be-096eb2fa4107
b8c78a5f-5f1a-4114-963a-eaf8754d39df,2018-07-31 11:50:02.975968,2018-07-31 11:50:02.975971,10f3ccad-c484-474a-a1ac-30d97d2a3239,4562297f-0362-4c49-97be-096eb2fa4107
4a0a8a21-c580-4b12-b8ae-069833e9d8fc,2018-07-31 11:50:02.976103,2018-07-31 11:50:02.976106,7a398c54-a7b2-4f67-aa1f-666aebfdfc8f,4562297f-0362-4c49-97be-096eb2fa4107
354c0b14-d6f0-41b4-a69b-3298149557ed,2018-07-31 11:50:02.976224,2018-07-31 11:50:02.976226,b6749a2d-9d94-4b37-af5b-9746c165fe46,4562297f-0362-4c49-97be-096eb2fa4107
15454ef6-b6d8-4518-b6f5-337c1a9452e3,2018-07-31 11:50:02.976346,2018-07-31 11:50:02.976349,f692bfd4-4dea-4c8b-a14d-a5a73660c074,4562297f-0362-4c49-97be-096eb2fa4107
70208efd-875d-4052-a7ca-be9b24bd088c,2018-07-31 11:50:02.976482,2018-07-31 11:50:02.976484,025591d6-dabf-4242-ab6f-b4ec63f49992,4562297f-0362-4c49-97be-096eb2fa4107
9690a613-a4e9-4771-b291-59e58e08f1fb,2018-07-31 11:50:02.976528,2018-07-31 11:50:02.976529,025591d6-dabf-4242-ab6f-b4ec63f49992,eb55fbd2-5848-4f54-b67c-81c5f01383dc
bfd2f8f0-89df-436b-af73-077c37d2faea,2018-07-31 11:50:02.976672,2018-07-31 11:50:02.976674,a50bd3f0-3a73-42f5-b617-ee683bd37f67,4562297f-0362-4c49-97be-096eb2fa4107
eaf3ae69-38db-444e-883b-9187dfb675d6,2018-07-31 11:50:02.976717,2018-07-31 11:50:02.976718,a50bd3f0-3a73-42f5-b617-ee683bd37f67,eb55fbd2-5848-4f54-b67c-81c5f01383dc
01b8d3e5-ecad-4424-a159-7cc4424b7260,2018-07-31 11:50:02.976820,2018-07-31 11:50:02.976821,2308a36c-2acb-414a-a603-62e1986734c8,750abda0-d147-4ffe-ad38-cd576395e38b
44c74b57-4ba9-4b75-a00a-05a2258bd938,2018-07-31 11:50:02.976867,2018-07-31 11:50:02.976868,2308a36c-2acb-414a-a603-62e1986734c8,4562297f-0362-4c49-97be-096eb2fa4107
ad6d0d6f-a662-4ba5-a012-b5f59e7e2f7c,2018-07-31 11:50:02.976917,2018-07-31 11:50:02.976920,2308a36c-2acb-414a-a603-62e1986734c8,eb55fbd2-5848-4f54-b67c-81c5f01383dc
0a700718-a8a7-4ade-909c-57e71979aa0c,2018-07-31 11:50:02.977028,2018-07-31 11:50:02.977029,46f82b17-62cc-4e01-8095-f72899ddcae0,4562297f-0362-4c49-97be-096eb2fa4107
1c42bf81-845c-4d1a-929e-b7e07de6b918,2018-07-31 11:50:02.977141,2018-07-31 11:50:02.977143,d4143336-8868-42d5-b2af-f463a38ca0dd,750abda0-d147-4ffe-ad38-cd576395e38b
dd2c495f-5767-4693-ace9-601f9258eacf,2018-07-31 11:50:02.977192,2018-07-31 11:50:02.977194,d4143336-8868-42d5-b2af-f463a38ca0dd,4562297f-0362-4c49-97be-096eb2fa4107
2a73a898-93b5-4adb-a848-51d545a2f3c5,2018-07-31 11:50:02.977247,2018-07-31 11:50:02.977249,d4143336-8868-42d5-b2af-f463a38ca0dd,eb55fbd2-5848-4f54-b67c-81c5f01383dc
58c95857-e095-42b8-9bcb-33662a5959f1,2018-07-31 11:50:02.977426,2018-07-31 11:50:02.977428,18c52542-dc6f-4a12-88b3-59ecc8e6d53d,750abda0-d147-4ffe-ad38-cd576395e38b
ef4eacc5-66fd-455d-bc42-24d86e454a3e,2018-07-31 11:50:02.977474,2018-07-31 11:50:02.977477,18c52542-dc6f-4a12-88b3-59ecc8e6d53d,4562297f-0362-4c49-97be-096eb2fa4107
ff53353a-2b70-4055-86ff-ff58eba8cb17,2018-07-31 11:50:02.977527,2018-07-31 11:50:02.977529,18c52542-dc6f-4a12-88b3-59ecc8e6d53d,eb55fbd2-5848-4f54-b67c-81c5f01383dc
f801ff10-45ed-4bb6-9cdc-a5e20878199c,2018-07-31 11:50:02.977643,2018-07-31 11:50:02.977645,828e2ac2-308b-4db5-9be1-17914f5e56d7,750abda0-d147-4ffe-ad38-cd576395e38b
913a002b-12da-4a72-8f50-806e36246ce9,2018-07-31 11:50:02.977690,2018-07-31 11:50:02.977692,828e2ac2-308b-4db5-9be1-17914f5e56d7,4562297f-0362-4c49-97be-096eb2fa4107
eb5963e6-aa58-4f70-ac45-65153ed31ca8,2018-07-31 11:50:02.977742,2018-07-31 11:50:02.977745,828e2ac2-308b-4db5-9be1-17914f5e56d7,eb55fbd2-5848-4f54-b67c-81c5f01383dc
1e622d2d-1b08-48ae-a26c-42c5fa74e3df,2018-07-31 11:50:02.977884,2018-07-31 11:50:02.977886,eb61aa80-149f-4381-a9b9-4089a65408d7,4562297f-0362-4c49-97be-096eb2fa4107
a3ff9d04-5a4e-45f2-b3a1-c6d8a827c56d,2018-07-31 11:50:02.978001,2018-07-31 11:50:02.978003,bc61656d-dc23-4624-82fd-daeaef06a36e,4562297f-0362-4c49-97be-096eb2fa4107
83732472-6eff-435f-8904-fc7bffcc387a,2018-07-31 11:50:02.978049,2018-07-31 11:50:02.978052,bc61656d-dc23-4624-82fd-daeaef06a36e,eb55fbd2-5848-4f54-b67c-81c5f01383dc
518c9ad3-5419-4b69-8e2c-5f3ece8596b4,2018-07-31 11:50:02.978197,2018-07-31 11:50:02.978199,a0ca4670-a7c5-46b0-86a3-02b493a2b495,750abda0-d147-4ffe-ad38-cd576395e38b
84272026-3090-4cde-8a12-f1c7509e7c21,2018-07-31 11:50:02.978243,2018-07-31 11:50:02.978246,a0ca4670-a7c5-46b0-86a3-02b493a2b495,4562297f-0362-4c49-97be-096eb2fa4107
97b9c028-c7e6-400f-a787-639c155525fc,2018-07-31 11:50:02.978301,2018-07-31 11:50:02.978304,a0ca4670-a7c5-46b0-86a3-02b493a2b495,eb55fbd2-5848-4f54-b67c-81c5f01383dc
df126587-f10f-48bc-95ec-af9eb7cf70f1,2018-07-31 11:50:02.978429,2018-07-31 11:50:02.978431,7ac77b5e-6127-4db4-8499-fa3020f37ab5,4562297f-0362-4c49-97be-096eb2fa4107
3a03a663-1cc1-43b2-8358-4567300baa33,2018-07-31 11:50:02.978479,2018-07-31 11:50:02.978481,7ac77b5e-6127-4db4-8499-fa3020f37ab5,eb55fbd2-5848-4f54-b67c-81c5f01383dc
c5d37e50-cb9d-483d-8c4d-e74a28781b26,2018-07-31 11:50:02.978614,2018-07-31 11:50:02.978617,85d8fb09-cc72-442f-9b44-287ed8079dbc,4562297f-0362-4c49-97be-096eb2fa4107
e0078fcc-f576-4130-9f88-402d5f35cd3f,2018-07-31 11:50:02.978740,2018-07-31 11:50:02.978743,837f9c46-0a41-4c59-99f9-cdda4ad4c9f1,4562297f-0362-4c49-97be-096eb2fa4107
eb778e94-4cf3-4829-9477-c2d8336a9084,2018-07-31 11:50:02.978877,2018-07-31 11:50:02.978879,74e51b5d-a77f-42e6-b6ee-9826101afb59,4562297f-0362-4c49-97be-096eb2fa4107
8979c02d-e2b0-4df8-9cce-ecc5c39ef8c7,2018-07-31 11:50:02.979002,2018-07-31 11:50:02.979005,466e48ab-0d43-4593-a8b1-27a6021293fe,750abda0-d147-4ffe-ad38-cd576395e38b
d0b15ed3-4c73-47c6-959a-37fadbe13ca0,2018-07-31 11:50:02.979084,2018-07-31 11:50:02.979086,466e48ab-0d43-4593-a8b1-27a6021293fe,c912f1b2-2cbb-4af0-b222-37b4a6012649
4a0e0374-7924-4f76-b0a3-7b8e1a63bb07,2018-07-31 11:50:02.979133,2018-07-31 11:50:02.979135,466e48ab-0d43-4593-a8b1-27a6021293fe,1ea95e8e-80d3-4fa0-aaea-299a29238797
8934d3b8-8aa6-4269-8709-f8ffdc96b421,2018-07-31 11:50:02.979250,2018-07-31 11:50:02.979251,7684fbd6-fd02-49a2-abfd-1525cbb1f572,4562297f-0362-4c49-97be-096eb2fa4107
32f367b9-7fec-4900-9f8d-ad22e31a8d05,2018-07-31 11:50:02.979303,2018-07-31 11:50:02.979304,7684fbd6-fd02-49a2-abfd-1525cbb1f572,eb55fbd2-5848-4f54-b67c-81c5f01383dc
9829db1c-03a8-4f8f-b265-1a25628084e9,2018-07-31 11:50:02.979451,2018-07-31 11:50:02.979453,ccca3364-5df8-45ce-aac6-a429cafc9c65,4562297f-0362-4c49-97be-096eb2fa4107
5a9a132d-c0c1-4c5d-a385-c3f46f04587b,2018-07-31 11:50:02.979502,2018-07-31 11:50:02.979504,ccca3364-5df8-45ce-aac6-a429cafc9c65,eb55fbd2-5848-4f54-b67c-81c5f01383dc
8698a602-260c-46ec-945d-fd0fff6732ee,2018-07-31 11:50:02.979552,2018-07-31 11:50:02.979554,ccca3364-5df8-45ce-aac6-a429cafc9c65,5e04c177-67d2-4166-81ac-d5a8ae6393d1
3ad8dc4f-a8a5-453c-a7c2-35789d55ba0e,2018-07-31 11:50:02.979671,2018-07-31 11:50:02.979673,11aef507-0ce2-40aa-a381-aad25c0cda3c,4562297f-0362-4c49-97be-096eb2fa4107
75aae510-6473-4f44-8829-5aca5ae43929,2018-07-31 11:50:02.979817,2018-07-31 11:50:02.979819,d4c33e51-6871-4395-8eb1-3c752bb51221,4562297f-0362-4c49-97be-096eb2fa4107
5bfd5165-93e3-488b-b26e-63a56edfb820,2018-07-31 11:50:02.979948,2018-07-31 11:50:02.979951,d9f379cf-218a-4e0f-9578-e2d82b82b156,4562297f-0362-4c49-97be-096eb2fa4107
cc782918-fcde-4a95-b67a-64541468c5c0,2018-07-31 11:50:02.979997,2018-07-31 11:50:02.979999,d9f379cf-218a-4e0f-9578-e2d82b82b156,eb55fbd2-5848-4f54-b67c-81c5f01383dc
7c7ef0eb-8667-4b2d-9a47-7fc8c70912a8,2018-07-31 11:50:02.980130,2018-07-31 11:50:02.980133,a665d1fe-47f4-497c-b467-bb1535a02c9d,4562297f-0362-4c49-97be-096eb2fa4107
c2bead30-6e78-4d31-bdd2-996b847d84d3,2018-07-31 11:50:02.980281,2018-07-31 11:50:02.980284,1baff523-b18d-46b8-81bb-c8153edc8a92,750abda0-d147-4ffe-ad38-cd576395e38b
8d6b39f4-37e8-4d39-9fa9-f9ec00362f53,2018-07-31 11:50:02.980328,2018-07-31 11:50:02.980330,1baff523-b18d-46b8-81bb-c8153edc8a92,4562297f-0362-4c49-97be-096eb2fa4107
9c6e90a2-d9dc-458d-882e-aa20f49ab6d1,2018-07-31 11:50:02.980390,2018-07-31 11:50:02.980392,1baff523-b18d-46b8-81bb-c8153edc8a92,eb55fbd2-5848-4f54-b67c-81c5f01383dc
dac2efee-895a-4dda-a30c-ff32415d0db0,2018-07-31 11:50:02.980511,2018-07-31 11:50:02.980514,bf44d22e-8606-466c-8f32-b9561da2ace8,4562297f-0362-4c49-97be-096eb2fa4107
320a6fcf-6a25-4802-8594-48f0a4523dcd,2018-07-31 11:50:02.980634,2018-07-31 11:50:02.980637,39ca6940-f55e-4f09-acd1-58db7d56e2af,4562297f-0362-4c49-97be-096eb2fa4107
7075a907-447c-41f2-b34c-fb6f9dbea150,2018-07-31 11:50:02.980755,2018-07-31 11:50:02.980758,6b865af5-7a43-4170-bc02-fc9a542865d5,4562297f-0362-4c49-97be-096eb2fa4107
b7d8f0b9-dd7f-430f-9ecc-a86adb065635,2018-07-31 11:50:02.980877,2018-07-31 11:50:02.980880,a8396e23-0cb6-4d96-8c09-d9d62fd19bf2,750abda0-d147-4ffe-ad38-cd576395e38b
f9ce02dd-516c-44e1-821f-c441fc78fd8d,2018-07-31 11:50:02.980925,2018-07-31 11:50:02.980927,a8396e23-0cb6-4d96-8c09-d9d62fd19bf2,c912f1b2-2cbb-4af0-b222-37b4a6012649
0db6f2df-0ec7-4629-a10f-7b393c2c86e2,2018-07-31 11:50:02.980976,2018-07-31 11:50:02.980979,a8396e23-0cb6-4d96-8c09-d9d62fd19bf2,1ea95e8e-80d3-4fa0-aaea-299a29238797
4d5ffd4d-925a-4f18-995d-63c0c9b6bcbb,2018-07-31 11:50:02.981139,2018-07-31 11:50:02.981142,a40c2ff9-ccac-4c76-99a1-2382c09cf716,4562297f-0362-4c49-97be-096eb2fa4107
f6e8d17b-53bb-425e-9735-8993ad33e8c3,2018-07-31 11:50:02.981280,2018-07-31 11:50:02.981282,6a825941-a80b-4a61-a2b2-1da205f2f28b,750abda0-d147-4ffe-ad38-cd576395e38b
cd76888e-6da9-4af3-bd0f-b06e55943081,2018-07-31 11:50:02.981326,2018-07-31 11:50:02.981329,6a825941-a80b-4a61-a2b2-1da205f2f28b,4562297f-0362-4c49-97be-096eb2fa4107
e95d8bd5-3ecf-4012-91fd-bf0116ab5d1b,2018-07-31 11:50:02.981387,2018-07-31 11:50:02.981389,6a825941-a80b-4a61-a2b2-1da205f2f28b,eb55fbd2-5848-4f54-b67c-81c5f01383dc
526fd793-8aa8-4880-b324-a15283b8b395,2018-07-31 11:50:02.981544,2018-07-31 11:50:02.981546,27f30e8a-115a-4ad5-ace1-5e2aa4a53a70,750abda0-d147-4ffe-ad38-cd576395e38b
a1656bf4-0ca1-4a83-a6ea-b74e224efdc9,2018-07-31 11:50:02.981592,2018-07-31 11:50:02.981594,27f30e8a-115a-4ad5-ace1-5e2aa4a53a70,4562297f-0362-4c49-97be-096eb2fa4107
81114917-c896-4108-b5c7-4e310cd2424f,2018-07-31 11:50:02.981644,2018-07-31 11:50:02.981646,27f30e8a-115a-4ad5-ace1-5e2aa4a53a70,eb55fbd2-5848-4f54-b67c-81c5f01383dc
520a2c14-7344-4553-afb2-17b7b66737d5,2018-07-31 11:50:02.981775,2018-07-31 11:50:02.981776,e28d8df6-cd30-4e89-bf0f-833e1ed0e670,3831d36e-99f2-4a9c-88b0-61dcf13d14d5
db6f5e31-fa22-473a-b76b-bbf2f30b588b,2018-07-31 11:50:02.981916,2018-07-31 11:50:02.981918,6b475ef7-51e7-4e15-b652-4e942eafa85f,750abda0-d147-4ffe-ad38-cd576395e38b
6e48095e-6930-4436-9d92-e5541176f511,2018-07-31 11:50:02.981962,2018-07-31 11:50:02.981964,6b475ef7-51e7-4e15-b652-4e942eafa85f,4562297f-0362-4c49-97be-096eb2fa4107
b42c9cb6-cdfa-478a-8d90-4f8fc6b50317,2018-07-31 11:50:02.982015,2018-07-31 11:50:02.982017,6b475ef7-51e7-4e15-b652-4e942eafa85f,eb55fbd2-5848-4f54-b67c-81c5f01383dc
8d6d12e7-24fb-4d63-8a23-cd38bc84afea,2018-07-31 11:50:02.982130,2018-07-31 11:50:02.982133,b7fd472a-6977-40cf-8ff2-6bb529275a97,750abda0-d147-4ffe-ad38-cd576395e38b
d4f87e72-1d46-4af3-8716-2ea569b1021d,2018-07-31 11:50:02.982177,2018-07-31 11:50:02.982179,b7fd472a-6977-40cf-8ff2-6bb529275a97,4562297f-0362-4c49-97be-096eb2fa4107
273cd164-4ca0-4f62-a9c6-ff5a07b831e9,2018-07-31 11:50:02.982230,2018-07-31 11:50:02.982232,b7fd472a-6977-40cf-8ff2-6bb529275a97,eb55fbd2-5848-4f54-b67c-81c5f01383dc
6923f4cc-eb88-41db-8b67-b3bbfe77a784,2018-07-31 11:50:02.982397,2018-07-31 11:50:02.982399,f64af3dc-938b-4c49-a642-31abe902fece,4562297f-0362-4c49-97be-096eb2fa4107
f3338592-d4ba-475d-9cf9-6c3d40e13cbe,2018-07-31 11:50:02.982527,2018-07-31 11:50:02.982530,38f98cad-be45-4f14-9f02-d5a119f7a134,4562297f-0362-4c49-97be-096eb2fa4107
b698e17d-d3ba-4235-bf1f-d8f8c78dcb85,2018-07-31 11:50:02.982570,2018-07-31 11:50:02.982571,38f98cad-be45-4f14-9f02-d5a119f7a134,eb55fbd2-5848-4f54-b67c-81c5f01383dc
afd2c9b8-f64e-4d06-9e8c-83702abcbf23,2018-07-31 11:50:02.982705,2018-07-31 11:50:02.982708,3dae45f8-5e54-408d-a522-a18e98fb22c9,4562297f-0362-4c49-97be-096eb2fa4107
066d1d52-e893-4a92-bc9d-ee491e087f27,2018-07-31 11:50:02.982868,2018-07-31 11:50:02.982870,5bb84939-a204-436c-80a7-ceb96a06f852,4562297f-0362-4c49-97be-096eb2fa4107
c6093282-1082-424e-ab16-6cadfed2c40f,2018-07-31 11:50:02.982992,2018-07-31 11:50:02.982994,dfe990f8-7033-4bbc-8b22-07fde896cdd0,750abda0-d147-4ffe-ad38-cd576395e38b
4c956e6e-e13a-4b76-83e2-ca02716ef5a2,2018-07-31 11:50:02.983039,2018-07-31 11:50:02.983041,dfe990f8-7033-4bbc-8b22-07fde896cdd0,4562297f-0362-4c49-97be-096eb2fa4107
4c93a2eb-59f4-4114-81df-8b50b1b9b34c,2018-07-31 11:50:02.983092,2018-07-31 11:50:02.983094,dfe990f8-7033-4bbc-8b22-07fde896cdd0,eb55fbd2-5848-4f54-b67c-81c5f01383dc
36ebb71e-49fc-4651-b28a-418f5faf1c17,2018-07-31 11:50:02.983221,2018-07-31 11:50:02.983223,0b6b75dc-c163-4199-a045-b2e5350c75df,4562297f-0362-4c49-97be-096eb2fa4107
7991230f-4c08-413c-9234-30c1b5aebae8,2018-07-31 11:50:02.983270,2018-07-31 11:50:02.983272,0b6b75dc-c163-4199-a045-b2e5350c75df,eb55fbd2-5848-4f54-b67c-81c5f01383dc
9beb9307-3226-4d9d-a998-d065efcee839,2018-07-31 11:50:02.983397,2018-07-31 11:50:02.983399,8f6f47ec-164b-4a81-9545-3c6414caeea9,4562297f-0362-4c49-97be-096eb2fa4107
c95a7d2b-6c46-4e46-ba81-5b184d0bdbe6,2018-07-31 11:50:02.983525,2018-07-31 11:50:02.983527,dd22dbd6-ae96-4ab3-b84e-2bf6b6f2d1c7,750abda0-d147-4ffe-ad38-cd576395e38b
10ee2f97-547f-4eaf-8509-231e696fd932,2018-07-31 11:50:02.983571,2018-07-31 11:50:02.983573,dd22dbd6-ae96-4ab3-b84e-2bf6b6f2d1c7,4562297f-0362-4c49-97be-096eb2fa4107
cdb44950-f385-4d79-a08d-98a14d37ef32,2018-07-31 11:50:02.983624,2018-07-31 11:50:02.983626,dd22dbd6-ae96-4ab3-b84e-2bf6b6f2d1c7,eb55fbd2-5848-4f54-b67c-81c5f01383dc
51f0417d-1424-415e-939c-e43e6e3a6972,2018-07-31 11:50:02.983780,2018-07-31 11:50:02.983782,8ea19b45-7a66-4e95-9833-f9e89611d106,750abda0-d147-4ffe-ad38-cd576395e38b
ab30a20b-7e1e-4248-baca-e0e2f02003a3,2018-07-31 11:50:02.983856,2018-07-31 11:50:02.983858,8ea19b45-7a66-4e95-9833-f9e89611d106,4562297f-0362-4c49-97be-096eb2fa4107
2e2dab7c-531e-4d4e-b63f-e7c1eb1d5b17,2018-07-31 11:50:02.983912,2018-07-31 11:50:02.983914,8ea19b45-7a66-4e95-9833-f9e89611d106,eb55fbd2-5848-4f54-b67c-81c5f01383dc
957d0c41-7ef9-4c67-9ea5-f672fe72083c,2018-07-31 11:50:02.984035,2018-07-31 11:50:02.984038,a7d09cf8-7cc3-4370-952d-fd52cd865676,750abda0-d147-4ffe-ad38-cd576395e38b
1eba0e33-e617-48a5-a6a8-0e1ad6ee6982,2018-07-31 11:50:02.984082,2018-07-31 11:50:02.984084,a7d09cf8-7cc3-4370-952d-fd52cd865676,4562297f-0362-4c49-97be-096eb2fa4107
3064e890-e824-4297-ab18-87986bce3441,2018-07-31 11:50:02.984134,2018-07-31 11:50:02.984137,a7d09cf8-7cc3-4370-952d-fd52cd865676,eb55fbd2-5848-4f54-b67c-81c5f01383dc
4f053495-8269-4d02-9022-cfc64636d74e,2018-07-31 11:50:02.984272,2018-07-31 11:50:02.984275,7bc5f57d-f679-454f-8fd3-bdffc8d54272,750abda0-d147-4ffe-ad38-cd576395e38b
46587f60-5c91-438a-b6dd-a526d76602b8,2018-07-31 11:50:02.984319,2018-07-31 11:50:02.984321,7bc5f57d-f679-454f-8fd3-bdffc8d54272,4562297f-0362-4c49-97be-096eb2fa4107
c12bcdfd-5145-460a-9303-a26cbe3405dd,2018-07-31 11:50:02.984385,2018-07-31 11:50:02.984387,7bc5f57d-f679-454f-8fd3-bdffc8d54272,eb55fbd2-5848-4f54-b67c-81c5f01383dc
63c8fe2e-7334-4392-afe3-5c5f5b15880b,2018-07-31 11:50:02.984588,2018-07-31 11:50:02.984590,bfb21c12-a2e9-4f00-b1e9-3ad71f15f2f6,4562297f-0362-4c49-97be-096eb2fa4107
b77b1034-ba5c-44db-98b8-eebec5ea7860,2018-07-31 11:50:02.984736,2018-07-31 11:50:02.984738,dcb83233-2202-4aba-8e57-490c87cf0f28,750abda0-d147-4ffe-ad38-cd576395e38b
bcb683f8-3473-4455-b139-66a95a59575a,2018-07-31 11:50:02.984784,2018-07-31 11:50:02.984786,dcb83233-2202-4aba-8e57-490c87cf0f28,4562297f-0362-4c49-97be-096eb2fa4107
98083135-8d6d-422c-91cb-5273d9fcfa34,2018-07-31 11:50:02.984838,2018-07-31 11:50:02.984840,dcb83233-2202-4aba-8e57-490c87cf0f28,eb55fbd2-5848-4f54-b67c-81c5f01383dc
d80532e8-99e6-4f00-a481-a85148b1d56e,2018-07-31 11:50:02.984998,2018-07-31 11:50:02.985000,d1fde7dc-0b57-4357-b476-8e7f85d75c1b,4562297f-0362-4c49-97be-096eb2fa4107
ed6eb174-bb93-4d46-9bdf-74f9d58253fa,2018-07-31 11:50:02.985057,2018-07-31 11:50:02.985058,d1fde7dc-0b57-4357-b476-8e7f85d75c1b,eb55fbd2-5848-4f54-b67c-81c5f01383dc
86aba25b-f39e-4ee1-8de9-2b77e0751374,2018-07-31 11:50:02.985192,2018-07-31 11:50:02.985194,8375995a-0423-488c-9e3b-5bf76cdccf8f,4562297f-0362-4c49-97be-096eb2fa4107
f3d80a63-7b38-4507-b388-403ded1b88b4,2018-07-31 11:50:02.985403,2018-07-31 11:50:02.985406,1b7cf97b-1e2f-4a90-935e-982e7aa59e0e,4562297f-0362-4c49-97be-096eb2fa4107
c56a2c97-29d0-4f56-89db-512a9dff3a83,2018-07-31 11:50:02.985467,2018-07-31 11:50:02.985469,1b7cf97b-1e2f-4a90-935e-982e7aa59e0e,eb55fbd2-5848-4f54-b67c-81c5f01383dc
97b1d129-1f48-45c9-950d-1ad498c6a9d0,2018-07-31 11:50:02.985619,2018-07-31 11:50:02.985621,cc3d69fa-c8e2-4395-8956-58d035888894,750abda0-d147-4ffe-ad38-cd576395e38b
0359ba1f-850b-4c8f-9dfb-2f462d6697b7,2018-07-31 11:50:02.985680,2018-07-31 11:50:02.985682,cc3d69fa-c8e2-4395-8956-58d035888894,c912f1b2-2cbb-4af0-b222-37b4a6012649
712bfaa3-bc13-4073-bc05-4536e84d09f3,2018-07-31 11:50:02.985741,2018-07-31 11:50:02.985743,cc3d69fa-c8e2-4395-8956-58d035888894,1ea95e8e-80d3-4fa0-aaea-299a29238797
3ace68a7-0deb-42ed-af3b-23f7d29dcfc9,2018-07-31 11:50:02.985906,2018-07-31 11:50:02.985908,4bd279fc-e358-4cdb-abc0-4e34516b21d3,750abda0-d147-4ffe-ad38-cd576395e38b
e582a204-f0f4-4aa1-897e-a2f0c48c34e7,2018-07-31 11:50:02.985970,2018-07-31 11:50:02.985973,4bd279fc-e358-4cdb-abc0-4e34516b21d3,4562297f-0362-4c49-97be-096eb2fa4107
2608d108-dad3-4f2b-bd09-30e2ff885e9b,2018-07-31 11:50:02.986040,2018-07-31 11:50:02.986042,4bd279fc-e358-4cdb-abc0-4e34516b21d3,eb55fbd2-5848-4f54-b67c-81c5f01383dc
735b0f08-2ba3-42d2-9b69-4491b601bf01,2018-07-31 11:50:02.986258,2018-07-31 11:50:02.986261,d9ce5448-30a5-46cf-a246-55ba7c8304f0,750abda0-d147-4ffe-ad38-cd576395e38b
e0cc0d57-e6b1-4817-b039-4af30dc5fea2,2018-07-31 11:50:02.986321,2018-07-31 11:50:02.986323,d9ce5448-30a5-46cf-a246-55ba7c8304f0,4562297f-0362-4c49-97be-096eb2fa4107
d09e6ab2-31ac-4368-b8ba-91b691a49f1d,2018-07-31 11:50:02.986398,2018-07-31 11:50:02.986400,d9ce5448-30a5-46cf-a246-55ba7c8304f0,eb55fbd2-5848-4f54-b67c-81c5f01383dc
0f7655fa-7673-45c2-b8a9-887d7fe60769,2018-07-31 11:50:02.986572,2018-07-31 11:50:02.986574,c04085c5-1e1d-43b8-ac4a-6a281fc16317,4562297f-0362-4c49-97be-096eb2fa4107
fa932dd7-70d2-430d-bedd-86a33861456b,2018-07-31 11:50:02.986624,2018-07-31 11:50:02.986626,c04085c5-1e1d-43b8-ac4a-6a281fc16317,eb55fbd2-5848-4f54-b67c-81c5f01383dc
196cfa4e-ed9e-4ad3-9ff9-65c0b52e5131,2018-07-31 11:50:02.986767,2018-07-31 11:50:02.986770,e334f6b6-8440-43c4-8b2c-17fc713d315c,4562297f-0362-4c49-97be-096eb2fa4107
4515d4ea-5571-4f25-9bcf-3daad166d06b,2018-07-31 11:50:02.986931,2018-07-31 11:50:02.986933,0549d3ba-3f72-4710-b26c-28c65df9c70d,750abda0-d147-4ffe-ad38-cd576395e38b
e87014ec-4b59-41bf-8658-7c042064eba7,2018-07-31 11:50:02.986990,2018-07-31 11:50:02.986993,0549d3ba-3f72-4710-b26c-28c65df9c70d,4562297f-0362-4c49-97be-096eb2fa4107
16c6631a-8fe5-4dcf-8a16-9c9076313a20,2018-07-31 11:50:02.987045,2018-07-31 11:50:02.987047,0549d3ba-3f72-4710-b26c-28c65df9c70d,eb55fbd2-5848-4f54-b67c-81c5f01383dc
c727c90c-ca61-475b-88d0-3cfe12585150,2018-07-31 11:50:02.987164,2018-07-31 11:50:02.987166,4dd0d9d0-29c0-4b42-a129-430f653eb8b2,4562297f-0362-4c49-97be-096eb2fa4107
9f0f0caf-fed6-47bb-b203-af8d38e85b6f,2018-07-31 11:50:02.987272,2018-07-31 11:50:02.987274,6581cda0-0c25-41e7-8e65-861aaea58571,750abda0-d147-4ffe-ad38-cd576395e38b
372de491-8b2c-4333-a0e2-e802aeabd920,2018-07-31 11:50:02.987325,2018-07-31 11:50:02.987327,6581cda0-0c25-41e7-8e65-861aaea58571,4562297f-0362-4c49-97be-096eb2fa4107
3fbc74ae-29c9-4741-9b16-5198c1890a83,2018-07-31 11:50:02.987397,2018-07-31 11:50:02.987399,6581cda0-0c25-41e7-8e65-861aaea58571,eb55fbd2-5848-4f54-b67c-81c5f01383dc
3fb49c09-4b7c-43fa-8bad-dd410438a32f,2018-07-31 11:50:02.987528,2018-07-31 11:50:02.987531,e8f9fe46-e21d-4d62-9637-1e386f6e8b78,750abda0-d147-4ffe-ad38-cd576395e38b
28256d5f-8ac1-4bfc-8734-8b7b2b742fbc,2018-07-31 11:50:02.987576,2018-07-31 11:50:02.987578,e8f9fe46-e21d-4d62-9637-1e386f6e8b78,c912f1b2-2cbb-4af0-b222-37b4a6012649
6020e8b0-e80a-447d-90ba-9a57b7b3dac2,2018-07-31 11:50:02.987628,2018-07-31 11:50:02.987630,e8f9fe46-e21d-4d62-9637-1e386f6e8b78,1ea95e8e-80d3-4fa0-aaea-299a29238797
12b91899-0a8b-4343-abff-324966a3e9f5,2018-07-31 11:50:02.987785,2018-07-31 11:50:02.987788,73fcedd4-2cfb-46af-83f0-302fae56edaa,750abda0-d147-4ffe-ad38-cd576395e38b
17679b36-0086-4d16-8f9b-a1cabb0b1fda,2018-07-31 11:50:02.987832,2018-07-31 11:50:02.987835,73fcedd4-2cfb-46af-83f0-302fae56edaa,4562297f-0362-4c49-97be-096eb2fa4107
3761a9ca-0716-4e2b-80a5-99788a66873d,2018-07-31 11:50:02.987885,2018-07-31 11:50:02.987887,73fcedd4-2cfb-46af-83f0-302fae56edaa,eb55fbd2-5848-4f54-b67c-81c5f01383dc
c5c817d8-6611-4709-a477-4474695225af,2018-07-31 11:50:02.988022,2018-07-31 11:50:02.988024,9e79c338-3801-498d-b6bf-fd1f3bd785f9,750abda0-d147-4ffe-ad38-cd576395e38b
2a61e368-7913-4fc7-ba96-65256052feab,2018-07-31 11:50:02.988069,2018-07-31 11:50:02.988071,9e79c338-3801-498d-b6bf-fd1f3bd785f9,4562297f-0362-4c49-97be-096eb2fa4107
3878eeb9-77ef-4e2c-82e4-5f6cf02fb845,2018-07-31 11:50:02.988121,2018-07-31 11:50:02.988123,9e79c338-3801-498d-b6bf-fd1f3bd785f9,eb55fbd2-5848-4f54-b67c-81c5f01383dc
d3eaf168-ea6f-4716-a451-a838cbed45ca,2018-07-31 11:50:02.988250,2018-07-31 11:50:02.988253,67cd14e5-f197-4186-8852-58a93bd96714,4562297f-0362-4c49-97be-096eb2fa4107
66626b00-3f41-4023-a071-906f3760c171,2018-07-31 11:50:02.988299,2018-07-31 11:50:02.988302,67cd14e5-f197-4186-8852-58a93bd96714,eb55fbd2-5848-4f54-b67c-81c5f01383dc
74d4d7a4-b2c6-48d4-86ff-b1ea89cf94b5,2018-07-31 11:50:02.988465,2018-07-31 11:50:02.988468,6405ede8-8b03-411f-9544-cd6b3f6fe7fc,750abda0-d147-4ffe-ad38-cd576395e38b
ca1bb4f5-6789-4b80-9cd2-3c1ce59d4c60,2018-07-31 11:50:02.988513,2018-07-31 11:50:02.988516,6405ede8-8b03-411f-9544-cd6b3f6fe7fc,4562297f-0362-4c49-97be-096eb2fa4107
a3e9c155-f332-4497-a30f-ff4f4718cc11,2018-07-31 11:50:02.988567,2018-07-31 11:50:02.988569,6405ede8-8b03-411f-9544-cd6b3f6fe7fc,eb55fbd2-5848-4f54-b67c-81c5f01383dc
63893b36-ce0a-4c41-8d3f-164ad6bf344d,2018-07-31 11:50:02.988732,2018-07-31 11:50:02.988734,49248d7d-e313-46a8-82ec-88c200b10c55,750abda0-d147-4ffe-ad38-cd576395e38b
b4b80370-4ceb-4d08-a262-89a1c64cc300,2018-07-31 11:50:02.988779,2018-07-31 11:50:02.988781,49248d7d-e313-46a8-82ec-88c200b10c55,4562297f-0362-4c49-97be-096eb2fa4107
89fd1c82-acb9-4bb9-90dd-bed572f6b647,2018-07-31 11:50:02.988832,2018-07-31 11:50:02.988834,49248d7d-e313-46a8-82ec-88c200b10c55,eb55fbd2-5848-4f54-b67c-81c5f01383dc
d4988704-925a-4147-9dfb-b44d41909a15,2018-07-31 11:50:02.988957,2018-07-31 11:50:02.988959,20ec43fd-c276-4410-9ab9-e5dc62ff1e83,4562297f-0362-4c49-97be-096eb2fa4107
284b35d2-315e-4d81-8844-1c447fcf1ca9,2018-07-31 11:50:02.989080,2018-07-31 11:50:02.989083,cd058f80-7db5-4e5c-8d58-c047598daca2,4562297f-0362-4c49-97be-096eb2fa4107
37990626-c9e4-45f0-bf31-2ea9472bcfcf,2018-07-31 11:50:02.989199,2018-07-31 11:50:02.989201,0f903467-f56a-441e-a82a-4614d177552e,750abda0-d147-4ffe-ad38-cd576395e38b
c45c119d-d8c1-4cdd-8c60-6c6ffceb8098,2018-07-31 11:50:02.989245,2018-07-31 11:50:02.989247,0f903467-f56a-441e-a82a-4614d177552e,4562297f-0362-4c49-97be-096eb2fa4107
f8ffe9b5-eebd-400b-b350-0710bfee4b8e,2018-07-31 11:50:02.989298,2018-07-31 11:50:02.989300,0f903467-f56a-441e-a82a-4614d177552e,eb55fbd2-5848-4f54-b67c-81c5f01383dc
00836591-4046-4cfa-a3c8-620880e99d40,2018-07-31 11:50:02.989455,2018-07-31 11:50:02.989458,d916d57a-9553-4f54-8100-fc9acb8671ac,750abda0-d147-4ffe-ad38-cd576395e38b
e7a7eaa6-dbbe-4bfb-b077-df01d1ff7868,2018-07-31 11:50:02.989504,2018-07-31 11:50:02.989506,d916d57a-9553-4f54-8100-fc9acb8671ac,c912f1b2-2cbb-4af0-b222-37b4a6012649
e5f199ac-b6a9-40bf-bbad-bdc3c27c87f1,2018-07-31 11:50:02.989556,2018-07-31 11:50:02.989558,d916d57a-9553-4f54-8100-fc9acb8671ac,1ea95e8e-80d3-4fa0-aaea-299a29238797
d55c9382-ee46-49f7-8e3c-78f044c5ebc9,2018-07-31 11:50:02.989692,2018-07-31 11:50:02.989694,ac2a7fe9-f778-4716-899f-550adc7afa15,750abda0-d147-4ffe-ad38-cd576395e38b
252760d2-b8c9-41e9-8813-d2577906e740,2018-07-31 11:50:02.989738,2018-07-31 11:50:02.989740,ac2a7fe9-f778-4716-899f-550adc7afa15,4562297f-0362-4c49-97be-096eb2fa4107
ffbb2fc5-57f6-4971-99a9-9aacbc723ccd,2018-07-31 11:50:02.989791,2018-07-31 11:50:02.989793,ac2a7fe9-f778-4716-899f-550adc7afa15,eb55fbd2-5848-4f54-b67c-81c5f01383dc
cc5534da-5101-4a60-b338-3cf5ed4c4ebc,2018-07-31 11:50:02.989915,2018-07-31 11:50:02.989917,9e508f50-ced4-4f37-9ec9-18fe2e1ff9b8,4562297f-0362-4c49-97be-096eb2fa4107
1bb969f5-97ea-4012-a633-445a1bb48657,2018-07-31 11:50:02.989965,2018-07-31 11:50:02.989967,9e508f50-ced4-4f37-9ec9-18fe2e1ff9b8,eb55fbd2-5848-4f54-b67c-81c5f01383dc
481441ab-bbb8-4768-9120-b40986191bd9,2018-07-31 11:50:02.990097,2018-07-31 11:50:02.990099,8cb0dea3-72c1-4e77-b57b-151b10b07136,4562297f-0362-4c49-97be-096eb2fa4107
da99c6f1-8389-4c38-803f-af2533098e55,2018-07-31 11:50:02.990248,2018-07-31 11:50:02.990251,3110404a-bdf9-491c-b272-cca7bea69ec8,4562297f-0362-4c49-97be-096eb2fa4107
656f59a3-86b2-42d7-8aed-e2509369fe6c,2018-07-31 11:50:02.990309,2018-07-31 11:50:02.990311,3110404a-bdf9-491c-b272-cca7bea69ec8,eb55fbd2-5848-4f54-b67c-81c5f01383dc
a8181f5d-c377-44e5-af43-b74666e728fa,2018-07-31 11:50:02.990447,2018-07-31 11:50:02.990449,28f3ddd4-c6e8-4124-bc16-029a7dbe96e5,4562297f-0362-4c49-97be-096eb2fa4107
cd3137d5-5c6b-46e6-a5e8-75563e5dde45,2018-07-31 11:50:02.990497,2018-07-31 11:50:02.990500,28f3ddd4-c6e8-4124-bc16-029a7dbe96e5,eb55fbd2-5848-4f54-b67c-81c5f01383dc
2db70ec7-94ee-49f7-8235-1f4c169d21fb,2018-07-31 11:50:02.990637,2018-07-31 11:50:02.990639,812c6179-28d7-4829-b99e-ae15d4a7cf5b,750abda0-d147-4ffe-ad38-cd576395e38b
790e444b-5e1c-48f3-9d92-d8d698f31396,2018-07-31 11:50:02.990684,2018-07-31 11:50:02.990686,812c6179-28d7-4829-b99e-ae15d4a7cf5b,4562297f-0362-4c49-97be-096eb2fa4107
8228e830-4520-478d-8235-fc8fda36ae26,2018-07-31 11:50:02.990737,2018-07-31 11:50:02.990739,812c6179-28d7-4829-b99e-ae15d4a7cf5b,eb55fbd2-5848-4f54-b67c-81c5f01383dc
9339dc7a-aab6-4606-8e93-369ed2643143,2018-07-31 11:50:02.990878,2018-07-31 11:50:02.990880,3fc52286-c6af-40b8-949c-59f2eafdd389,4562297f-0362-4c49-97be-096eb2fa4107
634cbd5f-9882-499d-bcde-75b971553c1d,2018-07-31 11:50:02.991016,2018-07-31 11:50:02.991019,e8a9bba2-b219-47a7-be04-ff6493363c27,4562297f-0362-4c49-97be-096eb2fa4107
9d2276e8-d29d-47ea-9fe4-d40478e340f3,2018-07-31 11:50:02.991146,2018-07-31 11:50:02.991148,d9de42ae-9f53-43ed-a925-93c7c38237fc,4562297f-0362-4c49-97be-096eb2fa4107
5aafd43b-7eb1-463e-ac4b-654d75c027de,2018-07-31 11:50:02.991304,2018-07-31 11:50:02.991307,fda08eb6-8daa-4daf-bfec-0fb0891cb732,750abda0-d147-4ffe-ad38-cd576395e38b
4f274c82-4259-47d3-9331-9e5d6c94ffeb,2018-07-31 11:50:02.991352,2018-07-31 11:50:02.991354,fda08eb6-8daa-4daf-bfec-0fb0891cb732,4562297f-0362-4c49-97be-096eb2fa4107
3c541bea-f6ae-4c06-ac9e-367e36aaea7a,2018-07-31 11:50:02.991414,2018-07-31 11:50:02.991416,fda08eb6-8daa-4daf-bfec-0fb0891cb732,eb55fbd2-5848-4f54-b67c-81c5f01383dc
584ba75e-1c81-4752-a04c-4216f8482122,2018-07-31 11:50:02.991545,2018-07-31 11:50:02.991547,0f0d35ea-9593-49ff-a03b-12fa2ca4fee4,4562297f-0362-4c49-97be-096eb2fa4107
e8bfabdb-e4d2-4150-adf8-800c6c1f66f5,2018-07-31 11:50:02.991594,2018-07-31 11:50:02.991596,0f0d35ea-9593-49ff-a03b-12fa2ca4fee4,eb55fbd2-5848-4f54-b67c-81c5f01383dc
59c85aba-3aa4-4c01-b9b9-b2b6c3dca66d,2018-07-31 11:50:02.991734,2018-07-31 11:50:02.991737,df508fc6-c18a-4044-b0f7-35f3b9f64c02,4562297f-0362-4c49-97be-096eb2fa4107
3685103b-c10b-4f42-aa58-1ccbb872ff74,2018-07-31 11:50:02.991882,2018-07-31 11:50:02.991884,1f1d417a-26f2-41d5-9787-af392d0f09cf,750abda0-d147-4ffe-ad38-cd576395e38b
d44db128-0777-4407-bf72-6610145b78d5,2018-07-31 11:50:02.991928,2018-07-31 11:50:02.991931,1f1d417a-26f2-41d5-9787-af392d0f09cf,4562297f-0362-4c49-97be-096eb2fa4107
eb24b6ea-6df3-4b42-a3fb-eb9aba668723,2018-07-31 11:50:02.991982,2018-07-31 11:50:02.991984,1f1d417a-26f2-41d5-9787-af392d0f09cf,eb55fbd2-5848-4f54-b67c-81c5f01383dc
cd35fb4d-7990-4652-90ce-454525c06a2b,2018-07-31 11:50:02.992099,2018-07-31 11:50:02.992101,231b486b-7512-4004-869a-0e2e9217d118,750abda0-d147-4ffe-ad38-cd576395e38b
abc1b198-9546-4bd6-a9ab-b09f33a54201,2018-07-31 11:50:02.992146,2018-07-31 11:50:02.992149,231b486b-7512-4004-869a-0e2e9217d118,4562297f-0362-4c49-97be-096eb2fa4107
9eb79831-f0f7-4c3f-b5bd-521dd81bf9ff,2018-07-31 11:50:02.992199,2018-07-31 11:50:02.992202,231b486b-7512-4004-869a-0e2e9217d118,eb55fbd2-5848-4f54-b67c-81c5f01383dc
768a30ee-1d8d-41f5-991c-aa9e021fceb8,2018-07-31 11:50:02.992335,2018-07-31 11:50:02.992337,3ae404a0-f976-4064-9d3e-81e5a719ca3c,4562297f-0362-4c49-97be-096eb2fa4107
1a01c119-fa99-4898-9569-d55110d1c45d,2018-07-31 11:50:02.992395,2018-07-31 11:50:02.992398,3ae404a0-f976-4064-9d3e-81e5a719ca3c,eb55fbd2-5848-4f54-b67c-81c5f01383dc
adca7142-88c4-43f0-8929-d27d8a08023d,2018-07-31 11:50:02.992528,2018-07-31 11:50:02.992530,4c81ca86-fc3e-4275-9510-6adaff57f6ed,4562297f-0362-4c49-97be-096eb2fa4107
a3afb27d-e7c5-4281-b87a-650481c00b65,2018-07-31 11:50:02.992577,2018-07-31 11:50:02.992579,4c81ca86-fc3e-4275-9510-6adaff57f6ed,eb55fbd2-5848-4f54-b67c-81c5f01383dc
39a739a1-4727-4d74-a5f8-88d2e3e7fda9,2018-07-31 11:50:02.992728,2018-07-31 11:50:02.992730,5751f066-28be-46af-b795-08387a27da6e,c62158e7-6771-4b6b-a606-5bcd5d5df558
31c4cacf-d192-41d5-828f-06de2906cbfc,2018-07-31 11:50:02.992863,2018-07-31 11:50:02.992866,b133455e-0196-4e5d-b69b-a962847afce3,750abda0-d147-4ffe-ad38-cd576395e38b
fbc956c3-ed49-4610-8d11-4534d6524055,2018-07-31 11:50:02.992910,2018-07-31 11:50:02.992912,b133455e-0196-4e5d-b69b-a962847afce3,4562297f-0362-4c49-97be-096eb2fa4107
76cc5192-7514-4fac-9058-0a72e61a8044,2018-07-31 11:50:02.992963,2018-07-31 11:50:02.992965,b133455e-0196-4e5d-b69b-a962847afce3,eb55fbd2-5848-4f54-b67c-81c5f01383dc
b9d4688b-4158-4c56-a73e-5f63ce576625,2018-07-31 11:50:02.993082,2018-07-31 11:50:02.993084,52882402-db53-44cd-8c61-5a00a6ecec3d,4562297f-0362-4c49-97be-096eb2fa4107
60ce473b-3950-4715-bcad-fa85826ae9bd,2018-07-31 11:50:02.993211,2018-07-31 11:50:02.993214,c2ef5d63-378b-4d5e-a1b6-0b189dc30c5e,750abda0-d147-4ffe-ad38-cd576395e38b
53534054-0273-45e6-ab12-840e43e6f8a2,2018-07-31 11:50:02.993257,2018-07-31 11:50:02.993259,c2ef5d63-378b-4d5e-a1b6-0b189dc30c5e,4562297f-0362-4c49-97be-096eb2fa4107
888dd868-e46d-4de9-8b74-2222c2467b87,2018-07-31 11:50:02.993369,2018-07-31 11:50:02.993372,c2ef5d63-378b-4d5e-a1b6-0b189dc30c5e,eb55fbd2-5848-4f54-b67c-81c5f01383dc
1a0c9e61-cfb0-4369-a45d-00f1647e4544,2018-07-31 11:50:02.993491,2018-07-31 11:50:02.993494,84f48258-fcf2-42a1-bd8b-5ed1f882aebe,750abda0-d147-4ffe-ad38-cd576395e38b
bcdf7fe5-56b1-43b1-b49f-8d2f2921b961,2018-07-31 11:50:02.993538,2018-07-31 11:50:02.993541,84f48258-fcf2-42a1-bd8b-5ed1f882aebe,4562297f-0362-4c49-97be-096eb2fa4107
0b170d94-a53f-4d24-97db-4608b1bcd8d1,2018-07-31 11:50:02.993592,2018-07-31 11:50:02.993594,84f48258-fcf2-42a1-bd8b-5ed1f882aebe,eb55fbd2-5848-4f54-b67c-81c5f01383dc
95ecbe90-fe59-47bb-839e-5e76f1029525,2018-07-31 11:50:02.993738,2018-07-31 11:50:02.993740,3dbe699f-1ba5-445b-b291-28390ae4f32d,750abda0-d147-4ffe-ad38-cd576395e38b
790b3501-a542-47bb-8815-8ff623b07b70,2018-07-31 11:50:02.993786,2018-07-31 11:50:02.993788,3dbe699f-1ba5-445b-b291-28390ae4f32d,4562297f-0362-4c49-97be-096eb2fa4107
b26af81a-623f-4887-92bd-306769483adb,2018-07-31 11:50:02.993838,2018-07-31 11:50:02.993840,3dbe699f-1ba5-445b-b291-28390ae4f32d,eb55fbd2-5848-4f54-b67c-81c5f01383dc
c50c48c6-fab7-4d71-8331-8fbd15ec7628,2018-07-31 11:50:02.993972,2018-07-31 11:50:02.993975,bfdb7a76-a36c-4e9b-ba18-e8c8b259ed91,4562297f-0362-4c49-97be-096eb2fa4107
4440d9a9-554d-46cf-8704-6120c9a70578,2018-07-31 11:50:02.994102,2018-07-31 11:50:02.994104,a5970f51-1fb6-49f3-8fb0-f862cb255415,4562297f-0362-4c49-97be-096eb2fa4107
6d6b3ea5-aa3f-49a2-b95a-a3c755f8a892,2018-07-31 11:50:02.994151,2018-07-31 11:50:02.994153,a5970f51-1fb6-49f3-8fb0-f862cb255415,eb55fbd2-5848-4f54-b67c-81c5f01383dc
3b8d4078-f609-478c-b59f-8a257554daf7,2018-07-31 11:50:02.994297,2018-07-31 11:50:02.994300,eb192b73-e92b-4948-a851-f975c86463f6,750abda0-d147-4ffe-ad38-cd576395e38b
0f258749-af66-41b4-81ec-2a5afbdf6dce,2018-07-31 11:50:02.994344,2018-07-31 11:50:02.994347,eb192b73-e92b-4948-a851-f975c86463f6,4562297f-0362-4c49-97be-096eb2fa4107
83bbb83f-6e93-4362-aa04-85535923ec49,2018-07-31 11:50:02.994407,2018-07-31 11:50:02.994409,eb192b73-e92b-4948-a851-f975c86463f6,eb55fbd2-5848-4f54-b67c-81c5f01383dc
3e9084b6-93c4-4192-9229-4a828da4b284,2018-07-31 11:50:02.994530,2018-07-31 11:50:02.994533,c7aa3dae-3934-4d36-91a3-9f53526c9438,4562297f-0362-4c49-97be-096eb2fa4107
b2d841e6-3df5-4149-b151-a8a8e94eed70,2018-07-31 11:50:02.994649,2018-07-31 11:50:02.994651,5106093c-226e-4212-83e6-ce8ac8ab693b,750abda0-d147-4ffe-ad38-cd576395e38b
b09b1d3d-bfe8-43b9-b1d8-dac9ecdbbe06,2018-07-31 11:50:02.994696,2018-07-31 11:50:02.994698,5106093c-226e-4212-83e6-ce8ac8ab693b,4562297f-0362-4c49-97be-096eb2fa4107
aa2bf605-cdf4-457a-acd5-2b0f9170cec8,2018-07-31 11:50:02.994749,2018-07-31 11:50:02.994751,5106093c-226e-4212-83e6-ce8ac8ab693b,eb55fbd2-5848-4f54-b67c-81c5f01383dc
82582c5f-5b1b-4060-808d-d4a79caa7063,2018-07-31 11:50:02.994872,2018-07-31 11:50:02.994874,40959f80-cc22-433a-bc89-1ab6789c750b,4562297f-0362-4c49-97be-096eb2fa4107
22caefdd-4962-4f1c-a05a-0d7cabded688,2018-07-31 11:50:02.994989,2018-07-31 11:50:02.994992,deaa1e8e-7233-411f-b77f-b5a16e072e64,750abda0-d147-4ffe-ad38-cd576395e38b
75d194e4-1f9d-4d0b-ab22-f42f0fac8d15,2018-07-31 11:50:02.995037,2018-07-31 11:50:02.995039,deaa1e8e-7233-411f-b77f-b5a16e072e64,4562297f-0362-4c49-97be-096eb2fa4107
e4729704-6753-47e4-b2ff-8bdb67c7a14a,2018-07-31 11:50:02.995090,2018-07-31 11:50:02.995092,deaa1e8e-7233-411f-b77f-b5a16e072e64,eb55fbd2-5848-4f54-b67c-81c5f01383dc
07711e4f-3493-4dda-90e9-77377ade7c9f,2018-07-31 11:50:02.995237,2018-07-31 11:50:02.995239,44f9b291-9903-4dbb-88e7-9d31acd7ff7e,b457ecf4-c547-4427-8e23-612ba5304082
312f3e8d-838a-4da6-89b5-b7d5afda64a5,2018-07-31 11:50:02.995287,2018-07-31 11:50:02.995289,44f9b291-9903-4dbb-88e7-9d31acd7ff7e,4562297f-0362-4c49-97be-096eb2fa4107
e122b275-a8d1-471b-adc0-7f52a515161d,2018-07-31 11:50:02.995430,2018-07-31 11:50:02.995432,d03915c3-025d-48ff-8ad8-aeb13ea4b51b,750abda0-d147-4ffe-ad38-cd576395e38b
b2103e1e-001f-439e-bf34-b30dbc2c55e3,2018-07-31 11:50:02.995477,2018-07-31 11:50:02.995479,d03915c3-025d-48ff-8ad8-aeb13ea4b51b,4562297f-0362-4c49-97be-096eb2fa4107
ceed07ed-f77f-4082-8c9e-a8cdd2aeffa0,2018-07-31 11:50:02.995530,2018-07-31 11:50:02.995532,d03915c3-025d-48ff-8ad8-aeb13ea4b51b,eb55fbd2-5848-4f54-b67c-81c5f01383dc
ed89d415-dd9e-4a1b-a294-18330c548acc,2018-07-31 11:50:02.995663,2018-07-31 11:50:02.995666,6ab34fe4-90b4-4474-a327-2a7b1cf65923,4562297f-0362-4c49-97be-096eb2fa4107
7037e6fc-2015-4c6f-aab1-4f6c65f8790a,2018-07-31 11:50:02.995790,2018-07-31 11:50:02.995793,9dd28b93-6249-4f55-8116-629d249938c8,4562297f-0362-4c49-97be-096eb2fa4107
7766a67b-9910-455a-b66a-13ae6503d87d,2018-07-31 11:50:02.995925,2018-07-31 11:50:02.995928,5a40a2fa-b125-4c1e-8100-a19187736cdb,750abda0-d147-4ffe-ad38-cd576395e38b
0b1660aa-e0ef-450d-87eb-a5e006667768,2018-07-31 11:50:02.995973,2018-07-31 11:50:02.995975,5a40a2fa-b125-4c1e-8100-a19187736cdb,4562297f-0362-4c49-97be-096eb2fa4107
c66cb244-47b6-4ca6-ae42-0d0f4101bc3d,2018-07-31 11:50:02.996026,2018-07-31 11:50:02.996029,5a40a2fa-b125-4c1e-8100-a19187736cdb,eb55fbd2-5848-4f54-b67c-81c5f01383dc
836108a0-5b71-4dbf-83d8-251f5231f1ed,2018-07-31 11:50:02.996156,2018-07-31 11:50:02.996159,af1ca25e-b38b-4203-90b8-d90f881963ae,4562297f-0362-4c49-97be-096eb2fa4107
532ca78c-5bb3-4728-98d8-e9accac57b7e,2018-07-31 11:50:02.996206,2018-07-31 11:50:02.996208,af1ca25e-b38b-4203-90b8-d90f881963ae,eb55fbd2-5848-4f54-b67c-81c5f01383dc
4bdbaad7-736f-4820-a915-3f32fd5a1968,2018-07-31 11:50:02.996337,2018-07-31 11:50:02.996339,3fbac9d5-d6ec-4201-8261-22d3d0c2684d,750abda0-d147-4ffe-ad38-cd576395e38b
d58471ed-30f1-49ab-95a3-e5b56c2dcda3,2018-07-31 11:50:02.996392,2018-07-31 11:50:02.996394,3fbac9d5-d6ec-4201-8261-22d3d0c2684d,4562297f-0362-4c49-97be-096eb2fa4107
b0571828-71c0-446b-95a6-f3c4ee406c52,2018-07-31 11:50:02.996445,2018-07-31 11:50:02.996447,3fbac9d5-d6ec-4201-8261-22d3d0c2684d,eb55fbd2-5848-4f54-b67c-81c5f01383dc
6fe6d98e-9a71-40cd-81fd-18fba8a3e312,2018-07-31 11:50:02.996577,2018-07-31 11:50:02.996579,a21fdb21-ace9-43b2-97ab-b42abd781c05,750abda0-d147-4ffe-ad38-cd576395e38b
ad5a6182-28a7-4556-86e3-add6761e811e,2018-07-31 11:50:02.996624,2018-07-31 11:50:02.996626,a21fdb21-ace9-43b2-97ab-b42abd781c05,4562297f-0362-4c49-97be-096eb2fa4107
06b4dac8-c2b1-45fc-aed1-4d4f7a4fb1cd,2018-07-31 11:50:02.996676,2018-07-31 11:50:02.996678,a21fdb21-ace9-43b2-97ab-b42abd781c05,eb55fbd2-5848-4f54-b67c-81c5f01383dc
eb31cfc0-07c1-4407-b228-92ff8ae15ff7,2018-07-31 11:50:02.996819,2018-07-31 11:50:02.996821,c5452b6f-751d-4161-bb40-e51b4abe4ca4,4562297f-0362-4c49-97be-096eb2fa4107
a57e3fce-8ee2-435d-b779-962a1d2efdcc,2018-07-31 11:50:02.996959,2018-07-31 11:50:02.996962,b0d2c140-b848-46d7-87c6-435f625ae8a0,750abda0-d147-4ffe-ad38-cd576395e38b
0118d042-b555-423f-ae20-a84d4be7b992,2018-07-31 11:50:02.997005,2018-07-31 11:50:02.997008,b0d2c140-b848-46d7-87c6-435f625ae8a0,4562297f-0362-4c49-97be-096eb2fa4107
2e967c27-f890-4a86-a733-6692b7aed8be,2018-07-31 11:50:02.997058,2018-07-31 11:50:02.997060,b0d2c140-b848-46d7-87c6-435f625ae8a0,eb55fbd2-5848-4f54-b67c-81c5f01383dc
27db2b17-8420-4749-88d3-679759de5f88,2018-07-31 11:50:02.997218,2018-07-31 11:50:02.997220,d69e74b0-9c20-4a7d-9b3d-f251eb318bfe,750abda0-d147-4ffe-ad38-cd576395e38b
6b93385b-3640-4568-812c-1109dfcde183,2018-07-31 11:50:02.997265,2018-07-31 11:50:02.997267,d69e74b0-9c20-4a7d-9b3d-f251eb318bfe,4562297f-0362-4c49-97be-096eb2fa4107
174202c4-8cdc-4e5f-8cdf-beed91e7f98f,2018-07-31 11:50:02.997318,2018-07-31 11:50:02.997320,d69e74b0-9c20-4a7d-9b3d-f251eb318bfe,eb55fbd2-5848-4f54-b67c-81c5f01383dc
70a48729-fce1-4501-adf8-ecfd6a3fb225,2018-07-31 11:50:02.997464,2018-07-31 11:50:02.997466,b7e5b638-99f0-4676-9411-c88d06d49943,4562297f-0362-4c49-97be-096eb2fa4107
44b3e941-a672-44aa-9e5d-e25e66b18f88,2018-07-31 11:50:02.997584,2018-07-31 11:50:02.997586,78af4910-3620-479b-a41b-36b0ed655c38,750abda0-d147-4ffe-ad38-cd576395e38b
117e7cb1-84a8-4038-aa13-2d937c802f8f,2018-07-31 11:50:02.997631,2018-07-31 11:50:02.997633,78af4910-3620-479b-a41b-36b0ed655c38,4562297f-0362-4c49-97be-096eb2fa4107
7bf9d423-deab-43bf-ade6-6bb268f0c63e,2018-07-31 11:50:02.997684,2018-07-31 11:50:02.997687,78af4910-3620-479b-a41b-36b0ed655c38,eb55fbd2-5848-4f54-b67c-81c5f01383dc
91159ad8-ada1-4e07-88eb-4acc582a1349,2018-07-31 11:50:02.997876,2018-07-31 11:50:02.997878,924d3c6f-9f74-4147-8044-d4025f12eac3,4562297f-0362-4c49-97be-096eb2fa4107
75f7a0b5-badc-436e-8a9d-4d4126a2dbfa,2018-07-31 11:50:02.998008,2018-07-31 11:50:02.998010,1c57b5f0-7544-4eb6-8df1-bcddc92dcd93,eb55fbd2-5848-4f54-b67c-81c5f01383dc
70bdb70c-1231-41c4-9495-ee54941ad037,2018-07-31 11:50:02.998126,2018-07-31 11:50:02.998128,7fb5157d-0fd8-46fa-801d-1e2992aee1de,750abda0-d147-4ffe-ad38-cd576395e38b
cb5d42b4-f227-4f9c-995b-e0517396058d,2018-07-31 11:50:02.998173,2018-07-31 11:50:02.998175,7fb5157d-0fd8-46fa-801d-1e2992aee1de,4562297f-0362-4c49-97be-096eb2fa4107
e31ea2eb-e883-43ba-a2e7-58949a138c13,2018-07-31 11:50:02.998225,2018-07-31 11:50:02.998228,7fb5157d-0fd8-46fa-801d-1e2992aee1de,eb55fbd2-5848-4f54-b67c-81c5f01383dc
ef92d80b-154f-4594-a16c-59d4d57b6878,2018-07-31 11:50:02.998343,2018-07-31 11:50:02.998346,fab36a85-2785-40dc-978c-fa819b3aafae,750abda0-d147-4ffe-ad38-cd576395e38b
65a9e1fa-6dbd-4123-92bb-2bf931891f04,2018-07-31 11:50:02.998399,2018-07-31 11:50:02.998401,fab36a85-2785-40dc-978c-fa819b3aafae,4562297f-0362-4c49-97be-096eb2fa4107
1702064d-e74d-4ff0-9d37-bf389f14f82e,2018-07-31 11:50:02.998453,2018-07-31 11:50:02.998455,fab36a85-2785-40dc-978c-fa819b3aafae,eb55fbd2-5848-4f54-b67c-81c5f01383dc
d81e980d-15ae-4c67-9a0a-fe41385a1c0c,2018-07-31 11:50:02.998578,2018-07-31 11:50:02.998580,c090aa08-f03c-405b-9aae-b1cf4467b4c1,eb55fbd2-5848-4f54-b67c-81c5f01383dc
b9fe3329-c483-433e-ac2a-3dc31405dde5,2018-07-31 11:50:02.998726,2018-07-31 11:50:02.998728,e0ead9bd-0c01-4716-97e9-808ec330afd2,4562297f-0362-4c49-97be-096eb2fa4107
ed6aa3dc-64eb-4db1-89be-361214eb759a,2018-07-31 11:50:02.998855,2018-07-31 11:50:02.998857,8f1b8540-e68d-4141-baa0-3e5ceeeb54d7,750abda0-d147-4ffe-ad38-cd576395e38b
c166cb5f-bcbf-40ad-8d54-cc61f9bfde41,2018-07-31 11:50:02.998901,2018-07-31 11:50:02.998903,8f1b8540-e68d-4141-baa0-3e5ceeeb54d7,4562297f-0362-4c49-97be-096eb2fa4107
3bb90493-d0de-460d-bb55-7e5cef37d08c,2018-07-31 11:50:02.998953,2018-07-31 11:50:02.998955,8f1b8540-e68d-4141-baa0-3e5ceeeb54d7,eb55fbd2-5848-4f54-b67c-81c5f01383dc
df096535-543c-4532-8a8b-893716b08dfd,2018-07-31 11:50:02.999080,2018-07-31 11:50:02.999082,0ec8bfd4-2c19-458c-a511-8b3d7487ac27,4562297f-0362-4c49-97be-096eb2fa4107
39215c20-c5da-49e8-bc09-8b48d38d535d,2018-07-31 11:50:02.999243,2018-07-31 11:50:02.999245,df4303b6-aed5-4075-98df-cadb84990165,4562297f-0362-4c49-97be-096eb2fa4107
d3b87852-262f-49b8-968d-9a22079a84f8,2018-07-31 11:50:02.999361,2018-07-31 11:50:02.999370,4ef9121b-1de2-444b-a7c3-9d99e77b9fdd,4562297f-0362-4c49-97be-096eb2fa4107
496802b0-6a79-49af-a3b4-f221aca72a02,2018-07-31 11:50:02.999505,2018-07-31 11:50:02.999507,506b4a6b-a8cf-4b69-9b9f-1d358067ac6a,750abda0-d147-4ffe-ad38-cd576395e38b
34060b0c-c9d1-432c-9a62-33ef0191716e,2018-07-31 11:50:02.999562,2018-07-31 11:50:02.999563,506b4a6b-a8cf-4b69-9b9f-1d358067ac6a,4562297f-0362-4c49-97be-096eb2fa4107
8ecf5115-9a78-4314-b684-6136b0bcb2bf,2018-07-31 11:50:02.999619,2018-07-31 11:50:02.999620,506b4a6b-a8cf-4b69-9b9f-1d358067ac6a,eb55fbd2-5848-4f54-b67c-81c5f01383dc
9c95576b-3bfd-4963-bb09-b38594efe25d,2018-07-31 11:50:02.999790,2018-07-31 11:50:02.999792,da097bc5-240e-400e-944f-0e403fbd781f,750abda0-d147-4ffe-ad38-cd576395e38b
f8251b97-e4d6-4430-ae0d-97c10f1e94f2,2018-07-31 11:50:02.999846,2018-07-31 11:50:02.999848,da097bc5-240e-400e-944f-0e403fbd781f,4562297f-0362-4c49-97be-096eb2fa4107
1db029b6-6b08-45ca-ab6e-06e57cbe3604,2018-07-31 11:50:02.999903,2018-07-31 11:50:02.999904,da097bc5-240e-400e-944f-0e403fbd781f,eb55fbd2-5848-4f54-b67c-81c5f01383dc
c7828bef-78e9-4728-8276-cfa411f894d6,2018-07-31 11:50:03.000109,2018-07-31 11:50:03.000111,6bb27abd-b30c-4bd0-b429-a570fd999e15,750abda0-d147-4ffe-ad38-cd576395e38b
025491b6-1362-4277-aab4-2eb61d6a47be,2018-07-31 11:50:03.000164,2018-07-31 11:50:03.000166,6bb27abd-b30c-4bd0-b429-a570fd999e15,4562297f-0362-4c49-97be-096eb2fa4107
0ab3c4eb-b1b9-4695-8b1e-d37b50aecac9,2018-07-31 11:50:03.000221,2018-07-31 11:50:03.000223,6bb27abd-b30c-4bd0-b429-a570fd999e15,eb55fbd2-5848-4f54-b67c-81c5f01383dc
65639cf9-83a0-45f5-8693-381496d2fbbc,2018-07-31 11:50:03.000378,2018-07-31 11:50:03.000380,1095a856-b1ba-4de4-a747-6c840cf67734,4562297f-0362-4c49-97be-096eb2fa4107
393bfe00-b8ba-4247-b985-8b9f2a57d934,2018-07-31 11:50:03.000439,2018-07-31 11:50:03.000442,1095a856-b1ba-4de4-a747-6c840cf67734,eb55fbd2-5848-4f54-b67c-81c5f01383dc
a5d47912-ebb4-4c72-a8e7-063760d92f03,2018-07-31 11:50:03.000603,2018-07-31 11:50:03.000605,61e8db81-5ca3-4c58-ac7a-3ecf4467894b,4562297f-0362-4c49-97be-096eb2fa4107
58cd643b-4bf5-4e4e-af16-33ef52d55c3a,2018-07-31 11:50:03.000661,2018-07-31 11:50:03.000663,61e8db81-5ca3-4c58-ac7a-3ecf4467894b,eb55fbd2-5848-4f54-b67c-81c5f01383dc
52766726-74fd-42a8-aa31-4e0669ba0f60,2018-07-31 11:50:03.000892,2018-07-31 11:50:03.000896,bd48a549-e911-4a43-b78c-815647343fb6,750abda0-d147-4ffe-ad38-cd576395e38b
11e8a501-5ce5-491f-a6b2-1edbdd70b275,2018-07-31 11:50:03.000981,2018-07-31 11:50:03.000985,bd48a549-e911-4a43-b78c-815647343fb6,4562297f-0362-4c49-97be-096eb2fa4107
c56e04d2-9ea1-4547-83f2-2c783d7c77f2,2018-07-31 11:50:03.001070,2018-07-31 11:50:03.001073,bd48a549-e911-4a43-b78c-815647343fb6,eb55fbd2-5848-4f54-b67c-81c5f01383dc
44cd1a60-dbdb-4c75-afe4-0f0aee832a3e,2018-07-31 11:50:03.001242,2018-07-31 11:50:03.001244,84dc0be9-7ae2-4615-a74f-b276f3beec17,4562297f-0362-4c49-97be-096eb2fa4107
45971515-db34-4e90-b80f-31ed70300655,2018-07-31 11:50:03.001420,2018-07-31 11:50:03.001422,97e5fa3b-8b12-4132-814d-dbb9335c6709,4562297f-0362-4c49-97be-096eb2fa4107
e793c73d-5c2b-4fdf-873b-f01b4bf6e72a,2018-07-31 11:50:03.001572,2018-07-31 11:50:03.001574,4a5b165b-e996-4954-ba66-7c8b6834c403,750abda0-d147-4ffe-ad38-cd576395e38b
265994f8-315e-4226-aa36-f360cf35ee35,2018-07-31 11:50:03.001628,2018-07-31 11:50:03.001630,4a5b165b-e996-4954-ba66-7c8b6834c403,c912f1b2-2cbb-4af0-b222-37b4a6012649
050b74be-40d4-4c87-8e22-9abc93793601,2018-07-31 11:50:03.001686,2018-07-31 11:50:03.001687,4a5b165b-e996-4954-ba66-7c8b6834c403,1ea95e8e-80d3-4fa0-aaea-299a29238797
34f293bc-1312-44e2-9025-23fd8858b454,2018-07-31 11:50:03.001904,2018-07-31 11:50:03.001907,a8756dac-62a7-4b51-8d07-ab0cecb6e600,4562297f-0362-4c49-97be-096eb2fa4107
4969df70-2e34-45c1-b5b8-3c37e8948c8f,2018-07-31 11:50:03.002113,2018-07-31 11:50:03.002115,e56d2659-7c04-4ed9-a354-75bbe45647c6,4562297f-0362-4c49-97be-096eb2fa4107
6ab84812-bcda-4b7f-81b2-ebabd74f74ff,2018-07-31 11:50:03.002260,2018-07-31 11:50:03.002262,0bf2bc60-48f4-4b2e-849f-31e25da08c91,4562297f-0362-4c49-97be-096eb2fa4107
ff1242bc-439e-46f4-90de-d676fa5ff0ac,2018-07-31 11:50:03.002319,2018-07-31 11:50:03.002321,0bf2bc60-48f4-4b2e-849f-31e25da08c91,eb55fbd2-5848-4f54-b67c-81c5f01383dc
cf745cb6-83c4-42b5-a5af-faaf858b103d,2018-07-31 11:50:03.002558,2018-07-31 11:50:03.002560,1849447b-4f62-4318-81d3-9fef9c31482c,4562297f-0362-4c49-97be-096eb2fa4107
a8d51e94-e03c-457a-8dca-8797898b995a,2018-07-31 11:50:03.002620,2018-07-31 11:50:03.002622,1849447b-4f62-4318-81d3-9fef9c31482c,eb55fbd2-5848-4f54-b67c-81c5f01383dc
fa2e74b4-b757-4849-9970-48d03441c9e5,2018-07-31 11:50:03.002811,2018-07-31 11:50:03.002813,dec8a962-0b66-48bc-bddc-e14736a9aaec,750abda0-d147-4ffe-ad38-cd576395e38b
3a7fb982-2cb3-4852-a2cd-b371b9997f35,2018-07-31 11:50:03.002874,2018-07-31 11:50:03.002876,dec8a962-0b66-48bc-bddc-e14736a9aaec,4562297f-0362-4c49-97be-096eb2fa4107
be0aea61-0170-4a1d-8077-6ecdc9159cc0,2018-07-31 11:50:03.002939,2018-07-31 11:50:03.002941,dec8a962-0b66-48bc-bddc-e14736a9aaec,eb55fbd2-5848-4f54-b67c-81c5f01383dc
9e55d1a4-c21e-499b-876b-d57413ffb49c,2018-07-31 11:50:03.003113,2018-07-31 11:50:03.003115,c8ff13c0-8b82-4187-b21b-8962ef62cd0e,750abda0-d147-4ffe-ad38-cd576395e38b
bfb3a50e-220d-4ac1-a41f-df4a2d6f2ed3,2018-07-31 11:50:03.003174,2018-07-31 11:50:03.003176,c8ff13c0-8b82-4187-b21b-8962ef62cd0e,c912f1b2-2cbb-4af0-b222-37b4a6012649
0e217920-2573-4b4a-97a8-b65882f453a5,2018-07-31 11:50:03.003234,2018-07-31 11:50:03.003236,c8ff13c0-8b82-4187-b21b-8962ef62cd0e,1ea95e8e-80d3-4fa0-aaea-299a29238797
6d5eddb1-4d9f-4535-b728-3a9af75bea9e,2018-07-31 11:50:03.003460,2018-07-31 11:50:03.003462,02a1485c-2c6e-4f4c-9f52-17c1d59dab59,750abda0-d147-4ffe-ad38-cd576395e38b
25fc78bf-1bea-43d4-8852-c92793442b7d,2018-07-31 11:50:03.003572,2018-07-31 11:50:03.003575,02a1485c-2c6e-4f4c-9f52-17c1d59dab59,4562297f-0362-4c49-97be-096eb2fa4107
a137572f-d19a-4e6c-bf22-8711bc9128b7,2018-07-31 11:50:03.003627,2018-07-31 11:50:03.003629,02a1485c-2c6e-4f4c-9f52-17c1d59dab59,eb55fbd2-5848-4f54-b67c-81c5f01383dc
f507a378-0c59-4fe6-9d4b-ab1b4516044b,2018-07-31 11:50:03.003761,2018-07-31 11:50:03.003764,58b8f94e-c1c4-4a8f-bc2b-bd96e35b83fd,4562297f-0362-4c49-97be-096eb2fa4107
701809f2-1690-4ab3-9e59-d3582f8a253d,2018-07-31 11:50:03.003813,2018-07-31 11:50:03.003815,58b8f94e-c1c4-4a8f-bc2b-bd96e35b83fd,eb55fbd2-5848-4f54-b67c-81c5f01383dc
264ce03b-9679-41ab-a8ce-ac51a63714da,2018-07-31 11:50:03.003946,2018-07-31 11:50:03.003948,2032756b-ee41-4782-bbca-59b237fe3d9e,750abda0-d147-4ffe-ad38-cd576395e38b
0246fb4c-f9e8-49ea-bb72-b736fe7e6112,2018-07-31 11:50:03.003995,2018-07-31 11:50:03.003997,2032756b-ee41-4782-bbca-59b237fe3d9e,4562297f-0362-4c49-97be-096eb2fa4107
b7f5617a-6b0a-4ee2-ac76-e2d2f273469a,2018-07-31 11:50:03.004048,2018-07-31 11:50:03.004050,2032756b-ee41-4782-bbca-59b237fe3d9e,eb55fbd2-5848-4f54-b67c-81c5f01383dc
df4b2ba1-cf49-4c5a-a56f-9fd96b97a7c8,2018-07-31 11:50:03.004192,2018-07-31 11:50:03.004195,cd77e3c0-58b5-4097-860d-81c9865ff0a8,4562297f-0362-4c49-97be-096eb2fa4107
763d5fda-0569-41c7-8efa-980782b0d286,2018-07-31 11:50:03.004310,2018-07-31 11:50:03.004312,69c829e2-94e2-4190-99a0-b895cd2726e8,750abda0-d147-4ffe-ad38-cd576395e38b
653ada3d-716a-4d09-bbac-2d74253f5e9f,2018-07-31 11:50:03.004357,2018-07-31 11:50:03.004359,69c829e2-94e2-4190-99a0-b895cd2726e8,4562297f-0362-4c49-97be-096eb2fa4107
ed3b603c-9617-47c8-b4af-2b67cea8cce3,2018-07-31 11:50:03.004419,2018-07-31 11:50:03.004421,69c829e2-94e2-4190-99a0-b895cd2726e8,eb55fbd2-5848-4f54-b67c-81c5f01383dc
89bb8a7f-6fc9-4e85-ab6f-ca32390c230a,2018-07-31 11:50:03.004539,2018-07-31 11:50:03.004541,87b28327-55ab-47e2-8bd9-53330ecd1295,750abda0-d147-4ffe-ad38-cd576395e38b
7c0a5819-12f6-4897-9c90-3b6ed83949e3,2018-07-31 11:50:03.004586,2018-07-31 11:50:03.004588,87b28327-55ab-47e2-8bd9-53330ecd1295,4562297f-0362-4c49-97be-096eb2fa4107
f5c2bf28-b631-416f-8c0d-d8aa14d247f7,2018-07-31 11:50:03.004639,2018-07-31 11:50:03.004641,87b28327-55ab-47e2-8bd9-53330ecd1295,eb55fbd2-5848-4f54-b67c-81c5f01383dc
9f0ba5a0-cd4a-42e2-9df0-1f4e62e3e7ad,2018-07-31 11:50:03.004782,2018-07-31 11:50:03.004785,e7d2ccee-5288-4257-85bc-e4a2babf91ee,4562297f-0362-4c49-97be-096eb2fa4107
96293a97-6b33-42b5-ae24-aedd490729ce,2018-07-31 11:50:03.004930,2018-07-31 11:50:03.004932,2b756f1b-f695-46fe-ab00-c3e390c336a0,4562297f-0362-4c49-97be-096eb2fa4107
09eb6198-8180-45c3-9178-f6a2b44035f3,2018-07-31 11:50:03.004979,2018-07-31 11:50:03.004982,2b756f1b-f695-46fe-ab00-c3e390c336a0,eb55fbd2-5848-4f54-b67c-81c5f01383dc
43bff01e-209f-40f9-a76e-1ef2cfa52458,2018-07-31 11:50:03.005112,2018-07-31 11:50:03.005114,ef391074-52ab-4a6b-b572-e40d575e3755,eb55fbd2-5848-4f54-b67c-81c5f01383dc
44338f14-f6cb-41e0-ac16-9f423318a7d6,2018-07-31 11:50:03.005241,2018-07-31 11:50:03.005243,a3246604-801d-438e-a200-f97976a83659,4562297f-0362-4c49-97be-096eb2fa4107
b4158cd6-5b80-40b5-a5cd-7a07a2ffcb41,2018-07-31 11:50:03.005373,2018-07-31 11:50:03.005375,974853ba-e4e2-463d-8d7d-ff75dbd16797,750abda0-d147-4ffe-ad38-cd576395e38b
10fea4ec-7929-4d53-94fa-7b7e865e6f07,2018-07-31 11:50:03.005422,2018-07-31 11:50:03.005423,974853ba-e4e2-463d-8d7d-ff75dbd16797,4562297f-0362-4c49-97be-096eb2fa4107
dd72f966-a809-499e-a71d-fae2182ae4a1,2018-07-31 11:50:03.005476,2018-07-31 11:50:03.005478,974853ba-e4e2-463d-8d7d-ff75dbd16797,eb55fbd2-5848-4f54-b67c-81c5f01383dc
138237c6-d459-4de4-b44c-8443c4b25ffa,2018-07-31 11:50:03.005618,2018-07-31 11:50:03.005620,da8e3105-0b2e-450b-b8c3-59654b663152,4562297f-0362-4c49-97be-096eb2fa4107
5c15eb46-e64e-4c03-b964-41c048cd90bd,2018-07-31 11:50:03.005738,2018-07-31 11:50:03.005741,0c09e269-e0e1-4725-946c-416e3c55614b,4562297f-0362-4c49-97be-096eb2fa4107
b5a508e6-5293-4666-ba0e-b5b2c895018b,2018-07-31 11:50:03.005788,2018-07-31 11:50:03.005791,0c09e269-e0e1-4725-946c-416e3c55614b,eb55fbd2-5848-4f54-b67c-81c5f01383dc
20f6f55a-2530-4c10-8116-dead1e126362,2018-07-31 11:50:03.005913,2018-07-31 11:50:03.005916,9535ee24-610d-4f9e-9a12-a2317628149d,750abda0-d147-4ffe-ad38-cd576395e38b
5fc31ba3-4947-4c68-bc09-622988407a5e,2018-07-31 11:50:03.005960,2018-07-31 11:50:03.005963,9535ee24-610d-4f9e-9a12-a2317628149d,4562297f-0362-4c49-97be-096eb2fa4107
e82416b3-01e0-4eb6-b9af-1e50bdbb7b78,2018-07-31 11:50:03.006014,2018-07-31 11:50:03.006017,9535ee24-610d-4f9e-9a12-a2317628149d,eb55fbd2-5848-4f54-b67c-81c5f01383dc
efaa417a-f243-4a8c-ab7d-24a2961ca66b,2018-07-31 11:50:03.006138,2018-07-31 11:50:03.006141,8e755f52-4ca9-43dd-860a-ae09ef28305f,750abda0-d147-4ffe-ad38-cd576395e38b
9be844fe-e095-4c74-bda8-d90f8507885d,2018-07-31 11:50:03.006185,2018-07-31 11:50:03.006187,8e755f52-4ca9-43dd-860a-ae09ef28305f,4562297f-0362-4c49-97be-096eb2fa4107
07cb60ba-f54c-4a23-81ba-cdabb1b5e7bf,2018-07-31 11:50:03.006237,2018-07-31 11:50:03.006240,8e755f52-4ca9-43dd-860a-ae09ef28305f,eb55fbd2-5848-4f54-b67c-81c5f01383dc
08e17c9c-0bf1-4797-88e7-c832407d6391,2018-07-31 11:50:03.006402,2018-07-31 11:50:03.006404,2645daf3-beb7-4137-98cf-c28b97008d89,750abda0-d147-4ffe-ad38-cd576395e38b
29369186-1e86-490a-8ef8-58b8c23938b5,2018-07-31 11:50:03.006449,2018-07-31 11:50:03.006451,2645daf3-beb7-4137-98cf-c28b97008d89,4562297f-0362-4c49-97be-096eb2fa4107
994c3cd2-a7e4-4d20-8d0f-196e8b1133fa,2018-07-31 11:50:03.006502,2018-07-31 11:50:03.006504,2645daf3-beb7-4137-98cf-c28b97008d89,eb55fbd2-5848-4f54-b67c-81c5f01383dc
a180c4c9-8f59-4e38-bef6-589fbd64d632,2018-07-31 11:50:03.006627,2018-07-31 11:50:03.006630,64bdb745-2bbb-49af-837b-6f3f98cd941a,750abda0-d147-4ffe-ad38-cd576395e38b
ef629eec-73c6-4b30-98f6-217a7cd158db,2018-07-31 11:50:03.006675,2018-07-31 11:50:03.006677,64bdb745-2bbb-49af-837b-6f3f98cd941a,4562297f-0362-4c49-97be-096eb2fa4107
fcb96750-a5d1-4748-8281-187c23a8b9cf,2018-07-31 11:50:03.006728,2018-07-31 11:50:03.006730,64bdb745-2bbb-49af-837b-6f3f98cd941a,eb55fbd2-5848-4f54-b67c-81c5f01383dc
b7bd277d-e9fe-46ec-8113-c51df56b8cea,2018-07-31 11:50:03.006855,2018-07-31 11:50:03.006857,c4236326-e557-4e99-bea8-55838fc9bb0f,4562297f-0362-4c49-97be-096eb2fa4107
de2492a8-a602-485a-8373-164597c17372,2018-07-31 11:50:03.006904,2018-07-31 11:50:03.006907,c4236326-e557-4e99-bea8-55838fc9bb0f,1ea95e8e-80d3-4fa0-aaea-299a29238797
17912f6b-6704-4940-884e-f7bacb77603a,2018-07-31 11:50:03.006956,2018-07-31 11:50:03.006958,c4236326-e557-4e99-bea8-55838fc9bb0f,c912f1b2-2cbb-4af0-b222-37b4a6012649
3516a02c-86d6-4f7c-9a99-05c8034e5410,2018-07-31 11:50:03.007073,2018-07-31 11:50:03.007076,933f49f3-d6c8-4632-8633-e7447a09ff55,750abda0-d147-4ffe-ad38-cd576395e38b
7dac5349-6a54-415b-bd20-43d0cf5eacd7,2018-07-31 11:50:03.007120,2018-07-31 11:50:03.007122,933f49f3-d6c8-4632-8633-e7447a09ff55,4562297f-0362-4c49-97be-096eb2fa4107
e74cba14-518f-4923-9676-f06a2a769a19,2018-07-31 11:50:03.007178,2018-07-31 11:50:03.007181,933f49f3-d6c8-4632-8633-e7447a09ff55,eb55fbd2-5848-4f54-b67c-81c5f01383dc
34ca4e38-769b-49bc-9971-8a494c5a1c7e,2018-07-31 11:50:03.007336,2018-07-31 11:50:03.007338,4e306d96-e77f-4794-b818-eba5c85140de,750abda0-d147-4ffe-ad38-cd576395e38b
1ee6dd91-0494-49fa-8904-6710b77ecde5,2018-07-31 11:50:03.007396,2018-07-31 11:50:03.007398,4e306d96-e77f-4794-b818-eba5c85140de,eb55fbd2-5848-4f54-b67c-81c5f01383dc
9b7171cf-deb1-4aae-8194-a908ffdcfc91,2018-07-31 11:50:03.007522,2018-07-31 11:50:03.007524,79a18636-3419-4e22-92a3-d40c92eced14,3831d36e-99f2-4a9c-88b0-61dcf13d14d5
933e811d-5089-43f1-86d6-4c6d32ae4945,2018-07-31 11:50:03.007658,2018-07-31 11:50:03.007661,09f32e91-6579-4db1-91e4-4a0655af51ac,4562297f-0362-4c49-97be-096eb2fa4107
72d471ca-e446-48e7-ba18-d5546e1817e2,2018-07-31 11:50:03.007708,2018-07-31 11:50:03.007710,09f32e91-6579-4db1-91e4-4a0655af51ac,eb55fbd2-5848-4f54-b67c-81c5f01383dc
0470d9d7-442f-477e-b1e5-b977b410e9de,2018-07-31 11:50:03.007825,2018-07-31 11:50:03.007828,fc5457f9-30bd-403e-b3d7-778bcb8ed826,750abda0-d147-4ffe-ad38-cd576395e38b
fa863805-b3b9-4fa9-9745-623711a0aba0,2018-07-31 11:50:03.007873,2018-07-31 11:50:03.007875,fc5457f9-30bd-403e-b3d7-778bcb8ed826,4562297f-0362-4c49-97be-096eb2fa4107
57504968-34f2-41d8-b5f8-b2d70dd17768,2018-07-31 11:50:03.007954,2018-07-31 11:50:03.007957,fc5457f9-30bd-403e-b3d7-778bcb8ed826,eb55fbd2-5848-4f54-b67c-81c5f01383dc
b569ad80-90b6-47c8-9173-87de5da6b1bf,2018-07-31 11:50:03.008106,2018-07-31 11:50:03.008108,73eaebe0-1dd7-461d-8d79-5687b4465c7b,4562297f-0362-4c49-97be-096eb2fa4107
d5a8192e-d931-43b9-9c78-4bac31a24db2,2018-07-31 11:50:03.008239,2018-07-31 11:50:03.008241,8136c798-e67d-4339-8b5e-e52897e70d1f,750abda0-d147-4ffe-ad38-cd576395e38b
9f492a3f-4f59-4d52-b09d-081757a4b030,2018-07-31 11:50:03.008286,2018-07-31 11:50:03.008288,8136c798-e67d-4339-8b5e-e52897e70d1f,4562297f-0362-4c49-97be-096eb2fa4107
94bf575a-c918-4b8f-b32d-22514b235877,2018-07-31 11:50:03.008338,2018-07-31 11:50:03.008340,8136c798-e67d-4339-8b5e-e52897e70d1f,eb55fbd2-5848-4f54-b67c-81c5f01383dc
d4e34d4d-e2a7-4312-a998-ad9dd5d3c97f,2018-07-31 11:50:03.008486,2018-07-31 11:50:03.008489,d28415b0-e933-4395-a66b-7d983a63abec,4562297f-0362-4c49-97be-096eb2fa4107
ceaeaea2-9a08-4aed-ab83-899c8b8befdb,2018-07-31 11:50:03.008605,2018-07-31 11:50:03.008607,b768dbb0-9840-4a7a-9ac7-c3aeae0ec16c,750abda0-d147-4ffe-ad38-cd576395e38b
1d19e51a-acf2-4c3c-a9e1-43d1ca8120fb,2018-07-31 11:50:03.008652,2018-07-31 11:50:03.008654,b768dbb0-9840-4a7a-9ac7-c3aeae0ec16c,4562297f-0362-4c49-97be-096eb2fa4107
f2c66f8f-75b9-4f8d-b1e5-12e2c28499c8,2018-07-31 11:50:03.008705,2018-07-31 11:50:03.008707,b768dbb0-9840-4a7a-9ac7-c3aeae0ec16c,eb55fbd2-5848-4f54-b67c-81c5f01383dc
feeddf85-92b4-4980-9219-0a510217cb86,2018-07-31 11:50:03.008861,2018-07-31 11:50:03.008863,48ce46cb-7aba-406c-8330-f6c5b43389c1,750abda0-d147-4ffe-ad38-cd576395e38b
fac90577-8a40-4f61-8385-5dac18d4e7cf,2018-07-31 11:50:03.008908,2018-07-31 11:50:03.008911,48ce46cb-7aba-406c-8330-f6c5b43389c1,4562297f-0362-4c49-97be-096eb2fa4107
0e6558b7-f16e-4977-b4cf-c449b957ebe8,2018-07-31 11:50:03.008962,2018-07-31 11:50:03.008964,48ce46cb-7aba-406c-8330-f6c5b43389c1,eb55fbd2-5848-4f54-b67c-81c5f01383dc
de4aa1cd-7663-46e2-bc89-7c3501762d6e,2018-07-31 11:50:03.009093,2018-07-31 11:50:03.009095,4fe0ec12-331f-470d-abb2-5401bcf53714,4562297f-0362-4c49-97be-096eb2fa4107
0520e367-cdd4-4e66-a100-fd77a892cebc,2018-07-31 11:50:03.009142,2018-07-31 11:50:03.009144,4fe0ec12-331f-470d-abb2-5401bcf53714,eb55fbd2-5848-4f54-b67c-81c5f01383dc
9ed09412-aed1-43e8-9679-4fcaaa9ea2b2,2018-07-31 11:50:03.009271,2018-07-31 11:50:03.009273,0e7f4f25-44eb-42f8-af11-da0b70a1f956,4562297f-0362-4c49-97be-096eb2fa4107
bc167be7-00be-4c8a-bbf3-6bc7a7039b8a,2018-07-31 11:50:03.009428,2018-07-31 11:50:03.009430,72aac46c-bf78-4357-bdd4-26212e8df890,4562297f-0362-4c49-97be-096eb2fa4107
7481ea2e-ca23-4191-815e-9c317d61339e,2018-07-31 11:50:03.009559,2018-07-31 11:50:03.009562,5182824e-5801-42d6-bfe8-28cdb279afc9,750abda0-d147-4ffe-ad38-cd576395e38b
846c7f12-c56a-4d53-aebb-3581abe9901d,2018-07-31 11:50:03.009607,2018-07-31 11:50:03.009609,5182824e-5801-42d6-bfe8-28cdb279afc9,4562297f-0362-4c49-97be-096eb2fa4107
7d635620-341f-472f-aaf7-a7c9d451bfbf,2018-07-31 11:50:03.009659,2018-07-31 11:50:03.009661,5182824e-5801-42d6-bfe8-28cdb279afc9,eb55fbd2-5848-4f54-b67c-81c5f01383dc
56722dd4-6ae4-40a7-80cf-d5e5969d3a01,2018-07-31 11:50:03.009788,2018-07-31 11:50:03.009790,49c7fa9b-ab48-4c17-8f19-27253f7cfd08,4562297f-0362-4c49-97be-096eb2fa4107
8452473d-91e2-47ef-90fc-6e5f816667f6,2018-07-31 11:50:03.009903,2018-07-31 11:50:03.009906,1c29056b-92f2-4c34-9c3c-6f05f3f178e5,750abda0-d147-4ffe-ad38-cd576395e38b
e1aff4bd-d21e-4279-9fbb-89faea78f82b,2018-07-31 11:50:03.009952,2018-07-31 11:50:03.009954,1c29056b-92f2-4c34-9c3c-6f05f3f178e5,c912f1b2-2cbb-4af0-b222-37b4a6012649
95b02cba-286c-46d2-aed6-29072c907746,2018-07-31 11:50:03.010005,2018-07-31 11:50:03.010007,1c29056b-92f2-4c34-9c3c-6f05f3f178e5,1ea95e8e-80d3-4fa0-aaea-299a29238797
81362443-1c84-442e-a8e6-078ca0e596f4,2018-07-31 11:50:03.010187,2018-07-31 11:50:03.010189,5cb58401-99b5-4bf4-b01a-5ca970be1d44,750abda0-d147-4ffe-ad38-cd576395e38b
a49347ff-fa05-4d97-b74b-18aacab78cfd,2018-07-31 11:50:03.010234,2018-07-31 11:50:03.010236,5cb58401-99b5-4bf4-b01a-5ca970be1d44,4562297f-0362-4c49-97be-096eb2fa4107
24cfc91c-f5e4-4b6d-bce8-b7f6378c425b,2018-07-31 11:50:03.010287,2018-07-31 11:50:03.010290,5cb58401-99b5-4bf4-b01a-5ca970be1d44,eb55fbd2-5848-4f54-b67c-81c5f01383dc
8f898d66-62c8-4b34-8d29-5a19b4f18275,2018-07-31 11:50:03.010429,2018-07-31 11:50:03.010432,477953c1-ea26-4b01-9c6f-a87c310fe136,750abda0-d147-4ffe-ad38-cd576395e38b
6973bafb-ab05-441b-9a2c-58f31db3bfdf,2018-07-31 11:50:03.010478,2018-07-31 11:50:03.010480,477953c1-ea26-4b01-9c6f-a87c310fe136,c912f1b2-2cbb-4af0-b222-37b4a6012649
d498bea2-ef8c-4363-9c38-234e0a9ff03f,2018-07-31 11:50:03.010530,2018-07-31 11:50:03.010532,477953c1-ea26-4b01-9c6f-a87c310fe136,1ea95e8e-80d3-4fa0-aaea-299a29238797
daa0c0e3-e284-4041-a1d6-4796ec16fe34,2018-07-31 11:50:03.010666,2018-07-31 11:50:03.010668,a169c018-0b18-411a-97b8-66c45bea8a87,4562297f-0362-4c49-97be-096eb2fa4107
f760e3a4-381c-4f1e-9d95-dfa7215d66f8,2018-07-31 11:50:03.010715,2018-07-31 11:50:03.010717,a169c018-0b18-411a-97b8-66c45bea8a87,eb55fbd2-5848-4f54-b67c-81c5f01383dc
7100dfc1-9edb-4b7a-8080-de81c9781996,2018-07-31 11:50:03.010868,2018-07-31 11:50:03.010870,ab743202-206c-4c37-99b1-9a46db93bd4c,750abda0-d147-4ffe-ad38-cd576395e38b
ed0c3015-581a-4797-b35d-2f2689d3816b,2018-07-31 11:50:03.010915,2018-07-31 11:50:03.010917,ab743202-206c-4c37-99b1-9a46db93bd4c,4562297f-0362-4c49-97be-096eb2fa4107
c66c1f47-e830-4ab2-972b-74f2b64c7be2,2018-07-31 11:50:03.010968,2018-07-31 11:50:03.010971,ab743202-206c-4c37-99b1-9a46db93bd4c,eb55fbd2-5848-4f54-b67c-81c5f01383dc
413ee42d-715c-4805-bf34-e73aaafc5e54,2018-07-31 11:50:03.011086,2018-07-31 11:50:03.011089,0aa0823d-83c0-4c69-a332-88284c527b76,750abda0-d147-4ffe-ad38-cd576395e38b
8e935441-47f8-47d9-8488-f4f60bd2598a,2018-07-31 11:50:03.011133,2018-07-31 11:50:03.011135,0aa0823d-83c0-4c69-a332-88284c527b76,4562297f-0362-4c49-97be-096eb2fa4107
9fd71e84-96e7-40a7-a341-ae6be1e174ec,2018-07-31 11:50:03.011186,2018-07-31 11:50:03.011188,0aa0823d-83c0-4c69-a332-88284c527b76,eb55fbd2-5848-4f54-b67c-81c5f01383dc
9ffa15db-47f1-4429-9b7a-1666cf60f7d9,2018-07-31 11:50:03.011307,2018-07-31 11:50:03.011309,f4766ad6-2e10-4571-aa0c-c353b96d4d90,4562297f-0362-4c49-97be-096eb2fa4107
a377075a-5c6c-409b-a0f8-1213a40e0e39,2018-07-31 11:50:03.011440,2018-07-31 11:50:03.011443,471e9d12-1ff3-493d-a0d3-ab8ffa6842c0,750abda0-d147-4ffe-ad38-cd576395e38b
fca10f97-d8ab-48c0-aec3-126dc0088a7e,2018-07-31 11:50:03.011487,2018-07-31 11:50:03.011490,471e9d12-1ff3-493d-a0d3-ab8ffa6842c0,4562297f-0362-4c49-97be-096eb2fa4107
042bc1b6-751c-40e9-b9f5-d2e024e2d404,2018-07-31 11:50:03.011541,2018-07-31 11:50:03.011543,471e9d12-1ff3-493d-a0d3-ab8ffa6842c0,eb55fbd2-5848-4f54-b67c-81c5f01383dc
daba864e-2807-4575-9a89-abc40bcd8056,2018-07-31 11:50:03.011671,2018-07-31 11:50:03.011674,6a9bb8e9-ce6f-4e48-8c57-5a7d62770771,4562297f-0362-4c49-97be-096eb2fa4107
4a292c89-e828-4f57-b3a2-a98960bf0f15,2018-07-31 11:50:03.011721,2018-07-31 11:50:03.011723,6a9bb8e9-ce6f-4e48-8c57-5a7d62770771,eb55fbd2-5848-4f54-b67c-81c5f01383dc
795b9e6f-b40c-43db-89ae-72e5adf2299b,2018-07-31 11:50:03.011865,2018-07-31 11:50:03.011867,43c56651-c2da-4e66-a8fe-23915734fabd,4562297f-0362-4c49-97be-096eb2fa4107
916d0d86-f447-4680-9d23-3b34e9a2879f,2018-07-31 11:50:03.011996,2018-07-31 11:50:03.011999,41bf20d7-7741-4347-ade3-915cee799e88,750abda0-d147-4ffe-ad38-cd576395e38b
c1e0a981-b0d0-4471-a22d-771a06f51b9b,2018-07-31 11:50:03.012043,2018-07-31 11:50:03.012045,41bf20d7-7741-4347-ade3-915cee799e88,4562297f-0362-4c49-97be-096eb2fa4107
7bbe7201-f993-459b-b484-0e783f5f534b,2018-07-31 11:50:03.012096,2018-07-31 11:50:03.012098,41bf20d7-7741-4347-ade3-915cee799e88,eb55fbd2-5848-4f54-b67c-81c5f01383dc
a9ae905b-e9ec-49e2-8200-c68fefa4f25e,2018-07-31 11:50:03.012222,2018-07-31 11:50:03.012225,ef43182c-e253-4ce6-a1c5-5c7b62f720bf,4562297f-0362-4c49-97be-096eb2fa4107
224dbd04-d15c-4ac1-af7d-89ad480a2189,2018-07-31 11:50:03.012347,2018-07-31 11:50:03.012350,40a08efe-4d7c-4aec-905f-ba47597ecc96,4562297f-0362-4c49-97be-096eb2fa4107
61baf14e-ae87-4bf5-9a65-3dfb7f66fb18,2018-07-31 11:50:03.012408,2018-07-31 11:50:03.012410,40a08efe-4d7c-4aec-905f-ba47597ecc96,1ea95e8e-80d3-4fa0-aaea-299a29238797
8e45b33b-02c0-40ce-be4b-874ff9cbee86,2018-07-31 11:50:03.012487,2018-07-31 11:50:03.012489,40a08efe-4d7c-4aec-905f-ba47597ecc96,c912f1b2-2cbb-4af0-b222-37b4a6012649
d3cc24dc-b210-4f27-9b49-c6941db2126b,2018-07-31 11:50:03.012649,2018-07-31 11:50:03.012652,760f9068-426e-4c30-9829-177259d1da0f,750abda0-d147-4ffe-ad38-cd576395e38b
935bd8d2-70f2-4e6c-ad3e-d0129a21a605,2018-07-31 11:50:03.012697,2018-07-31 11:50:03.012699,760f9068-426e-4c30-9829-177259d1da0f,4562297f-0362-4c49-97be-096eb2fa4107
75acce57-4b99-4e66-9f57-86423b37a3e5,2018-07-31 11:50:03.012749,2018-07-31 11:50:03.012751,760f9068-426e-4c30-9829-177259d1da0f,eb55fbd2-5848-4f54-b67c-81c5f01383dc
f39d7bdd-26f2-4755-8f89-c6f649681ded,2018-07-31 11:50:03.012889,2018-07-31 11:50:03.012891,12342f12-2d74-44c4-9f00-a5c12ac2659c,750abda0-d147-4ffe-ad38-cd576395e38b
21fa1cbb-a613-46a4-991e-422336aff127,2018-07-31 11:50:03.012935,2018-07-31 11:50:03.012938,12342f12-2d74-44c4-9f00-a5c12ac2659c,4562297f-0362-4c49-97be-096eb2fa4107
2b037234-397b-46ef-87f8-c86f764ca08a,2018-07-31 11:50:03.012987,2018-07-31 11:50:03.012990,12342f12-2d74-44c4-9f00-a5c12ac2659c,eb55fbd2-5848-4f54-b67c-81c5f01383dc
eb5941cb-f7c9-4574-ad75-cfaddb2d9ea6,2018-07-31 11:50:03.013106,2018-07-31 11:50:03.013108,13e878bc-bd88-4900-85bf-34b7cdac3c00,750abda0-d147-4ffe-ad38-cd576395e38b
0ab6ded1-197c-4dd0-af6f-9603c52ca5d6,2018-07-31 11:50:03.013153,2018-07-31 11:50:03.013155,13e878bc-bd88-4900-85bf-34b7cdac3c00,4562297f-0362-4c49-97be-096eb2fa4107
f575b8a3-6f5c-435e-a220-c2e753a8dacd,2018-07-31 11:50:03.013207,2018-07-31 11:50:03.013209,13e878bc-bd88-4900-85bf-34b7cdac3c00,eb55fbd2-5848-4f54-b67c-81c5f01383dc
f73a6dee-09ab-4dd4-a7a3-626c6734dc81,2018-07-31 11:50:03.013377,2018-07-31 11:50:03.013379,21130f88-dac2-4c36-9d9b-1fd9dc07750e,750abda0-d147-4ffe-ad38-cd576395e38b
7144c116-45ff-438c-af94-ae941d323cf4,2018-07-31 11:50:03.013426,2018-07-31 11:50:03.013428,21130f88-dac2-4c36-9d9b-1fd9dc07750e,4562297f-0362-4c49-97be-096eb2fa4107
50a22e1b-f7e8-4c52-a0b1-cf1519b700ff,2018-07-31 11:50:03.013479,2018-07-31 11:50:03.013481,21130f88-dac2-4c36-9d9b-1fd9dc07750e,eb55fbd2-5848-4f54-b67c-81c5f01383dc
621a5143-18bd-4381-8c69-20b051e9dc54,2018-07-31 11:50:03.013605,2018-07-31 11:50:03.013607,99dc55a0-49f4-464d-910b-99a46c5fac77,750abda0-d147-4ffe-ad38-cd576395e38b
6217acae-2455-4dcd-8632-dff1f7b20df2,2018-07-31 11:50:03.013651,2018-07-31 11:50:03.013653,99dc55a0-49f4-464d-910b-99a46c5fac77,4562297f-0362-4c49-97be-096eb2fa4107
ebd31d81-d454-4dd6-9720-12e46fa0c3b9,2018-07-31 11:50:03.013704,2018-07-31 11:50:03.013707,99dc55a0-49f4-464d-910b-99a46c5fac77,eb55fbd2-5848-4f54-b67c-81c5f01383dc
f68008d2-5f2e-4430-8930-baaa41015ac1,2018-07-31 11:50:03.013820,2018-07-31 11:50:03.013822,5b926143-7916-446c-aefb-806585afe2dc,750abda0-d147-4ffe-ad38-cd576395e38b
326aa872-fe77-42cb-b797-f879f0dcb75d,2018-07-31 11:50:03.013867,2018-07-31 11:50:03.013869,5b926143-7916-446c-aefb-806585afe2dc,4562297f-0362-4c49-97be-096eb2fa4107
921797bf-f2a2-4a60-bc0c-48d49607680f,2018-07-31 11:50:03.013920,2018-07-31 11:50:03.013922,5b926143-7916-446c-aefb-806585afe2dc,eb55fbd2-5848-4f54-b67c-81c5f01383dc
570b3eb3-7af6-4cdf-88d2-d885f932ca13,2018-07-31 11:50:03.014084,2018-07-31 11:50:03.014087,04f42cd7-bd81-42d2-bf9e-eca1d04e1936,750abda0-d147-4ffe-ad38-cd576395e38b
4442747c-fcf8-4a2b-87fd-58eab69af247,2018-07-31 11:50:03.014132,2018-07-31 11:50:03.014134,04f42cd7-bd81-42d2-bf9e-eca1d04e1936,4562297f-0362-4c49-97be-096eb2fa4107
745cfc36-256d-47c8-8ef4-f0ec9cd6f7e0,2018-07-31 11:50:03.014185,2018-07-31 11:50:03.014187,04f42cd7-bd81-42d2-bf9e-eca1d04e1936,eb55fbd2-5848-4f54-b67c-81c5f01383dc
46ddfa1d-1b78-47b2-96c9-42fefd648e46,2018-07-31 11:50:03.014315,2018-07-31 11:50:03.014317,ac303b30-c98f-4b8a-a044-d90aaaa69093,4562297f-0362-4c49-97be-096eb2fa4107
b77f9b5f-2165-4389-93e8-592c6a9c0511,2018-07-31 11:50:03.014457,2018-07-31 11:50:03.014459,9d0966f6-2a89-4734-a406-2fd112831a3e,750abda0-d147-4ffe-ad38-cd576395e38b
e7065ef2-62bb-4f6c-aac0-d433338d2df3,2018-07-31 11:50:03.014504,2018-07-31 11:50:03.014506,9d0966f6-2a89-4734-a406-2fd112831a3e,4562297f-0362-4c49-97be-096eb2fa4107
b9309584-a8f8-4084-8809-cf82f8aa15ed,2018-07-31 11:50:03.014556,2018-07-31 11:50:03.014559,9d0966f6-2a89-4734-a406-2fd112831a3e,eb55fbd2-5848-4f54-b67c-81c5f01383dc
9adebc74-8e0e-4fc7-9ce4-fdba589e30d4,2018-07-31 11:50:03.014678,2018-07-31 11:50:03.014680,09205f28-289b-42b0-926b-dc6b4c214393,4562297f-0362-4c49-97be-096eb2fa4107
9c3b227e-5b49-4950-87c2-f5afcb13b43f,2018-07-31 11:50:03.014819,2018-07-31 11:50:03.014821,23c917dd-86d4-4f27-94ab-cf7ec3e1d541,4562297f-0362-4c49-97be-096eb2fa4107
258beaec-6eb3-43ac-bcd1-b6d45202d21c,2018-07-31 11:50:03.014964,2018-07-31 11:50:03.014966,9dabb50e-00a1-46e5-8966-8a54ac424de6,750abda0-d147-4ffe-ad38-cd576395e38b
5b4fc5e0-5c50-4169-a425-d3a0477e3a45,2018-07-31 11:50:03.015010,2018-07-31 11:50:03.015012,9dabb50e-00a1-46e5-8966-8a54ac424de6,4562297f-0362-4c49-97be-096eb2fa4107
64e136e3-1e41-48a7-bc38-d4232c3baaad,2018-07-31 11:50:03.015064,2018-07-31 11:50:03.015066,9dabb50e-00a1-46e5-8966-8a54ac424de6,eb55fbd2-5848-4f54-b67c-81c5f01383dc
5afc5585-0bb1-49e5-98a5-440eb53b60a0,2018-07-31 11:50:03.015196,2018-07-31 11:50:03.015198,aae4c148-6fe6-4179-b5b8-4d19c0686d17,750abda0-d147-4ffe-ad38-cd576395e38b
1ff31bd3-12ad-4eca-ac50-daba33b244e2,2018-07-31 11:50:03.015243,2018-07-31 11:50:03.015245,aae4c148-6fe6-4179-b5b8-4d19c0686d17,4562297f-0362-4c49-97be-096eb2fa4107
74fe56a6-1f52-47e5-a1b5-7c19c4c389b0,2018-07-31 11:50:03.015296,2018-07-31 11:50:03.015298,aae4c148-6fe6-4179-b5b8-4d19c0686d17,eb55fbd2-5848-4f54-b67c-81c5f01383dc
5c03600c-d27f-4455-b0fc-79b1bfbf8479,2018-07-31 11:50:03.015447,2018-07-31 11:50:03.015449,833d5567-69bc-4132-85f2-cbd7b5d8796d,750abda0-d147-4ffe-ad38-cd576395e38b
eca211b0-453c-4f33-a710-5fa476844a69,2018-07-31 11:50:03.015495,2018-07-31 11:50:03.015497,833d5567-69bc-4132-85f2-cbd7b5d8796d,4562297f-0362-4c49-97be-096eb2fa4107
c2cfc3e4-00f6-44ea-983b-0cc9477f6e38,2018-07-31 11:50:03.015548,2018-07-31 11:50:03.015550,833d5567-69bc-4132-85f2-cbd7b5d8796d,eb55fbd2-5848-4f54-b67c-81c5f01383dc
bad79a72-57c4-4f6b-98f9-8b76c8fb301c,2018-07-31 11:50:03.015664,2018-07-31 11:50:03.015666,a17ebc94-b167-4784-89a1-698f8964e8d8,750abda0-d147-4ffe-ad38-cd576395e38b
bf2d045f-1986-4c40-8ccd-3aa05cbe33bc,2018-07-31 11:50:03.015711,2018-07-31 11:50:03.015713,a17ebc94-b167-4784-89a1-698f8964e8d8,4562297f-0362-4c49-97be-096eb2fa4107
00d2a763-6eb0-470b-aac3-e6a3f90302e6,2018-07-31 11:50:03.015764,2018-07-31 11:50:03.015766,a17ebc94-b167-4784-89a1-698f8964e8d8,eb55fbd2-5848-4f54-b67c-81c5f01383dc
ad1dd471-8e9e-44cc-a5e7-d98f425a6a5b,2018-07-31 11:50:03.015901,2018-07-31 11:50:03.015904,1d69eeb7-d3ab-48d9-8899-2d54476832ba,4562297f-0362-4c49-97be-096eb2fa4107
3b903bd5-f6a3-4889-a005-7fd2d69d4547,2018-07-31 11:50:03.015951,2018-07-31 11:50:03.015953,1d69eeb7-d3ab-48d9-8899-2d54476832ba,eb55fbd2-5848-4f54-b67c-81c5f01383dc
c187acd1-55b7-4654-909b-e4cd0e928224,2018-07-31 11:50:03.016076,2018-07-31 11:50:03.016078,338b3ade-2807-4a28-bbaf-73b50cecca7f,4562297f-0362-4c49-97be-096eb2fa4107
fa1c22dd-399f-4463-9958-797e55040214,2018-07-31 11:50:03.016125,2018-07-31 11:50:03.016127,338b3ade-2807-4a28-bbaf-73b50cecca7f,eb55fbd2-5848-4f54-b67c-81c5f01383dc
e0383550-e8cf-4c25-a44b-d67463e32432,2018-07-31 11:50:03.016272,2018-07-31 11:50:03.016274,0317aedf-574f-4655-a956-f47109da49ca,4562297f-0362-4c49-97be-096eb2fa4107
3717f238-4adc-4069-ad56-e504192e400e,2018-07-31 11:50:03.016322,2018-07-31 11:50:03.016324,0317aedf-574f-4655-a956-f47109da49ca,eb55fbd2-5848-4f54-b67c-81c5f01383dc
e3efcbaa-be36-4c61-92f7-269a87a26ab7,2018-07-31 11:50:03.016448,2018-07-31 11:50:03.016450,7a9bfc3e-0573-4e26-aed7-6a1f766fa437,750abda0-d147-4ffe-ad38-cd576395e38b
d55e8e10-e768-4926-a870-20f8c079c45e,2018-07-31 11:50:03.016496,2018-07-31 11:50:03.016498,7a9bfc3e-0573-4e26-aed7-6a1f766fa437,4562297f-0362-4c49-97be-096eb2fa4107
a1c4c5d2-2ed8-4e30-8ce0-36e150ea1bea,2018-07-31 11:50:03.016548,2018-07-31 11:50:03.016550,7a9bfc3e-0573-4e26-aed7-6a1f766fa437,eb55fbd2-5848-4f54-b67c-81c5f01383dc
c701cd6e-8444-4b4d-89c1-7e0afe65671c,2018-07-31 11:50:03.016668,2018-07-31 11:50:03.016671,4ac74b28-e989-46f8-aedf-1c833378357d,4562297f-0362-4c49-97be-096eb2fa4107
0fa81e92-1589-477e-b173-47c2e61e4279,2018-07-31 11:50:03.016746,2018-07-31 11:50:03.016748,4ac74b28-e989-46f8-aedf-1c833378357d,eb55fbd2-5848-4f54-b67c-81c5f01383dc
d29f4322-316e-4899-aa9f-7f1fed90ddd3,2018-07-31 11:50:03.016883,2018-07-31 11:50:03.016885,7c41cd9d-fea3-484b-9e76-e0561fb01556,4562297f-0362-4c49-97be-096eb2fa4107
60624169-e135-40b0-901c-fa4c9cf5d74e,2018-07-31 11:50:03.016930,2018-07-31 11:50:03.016933,7c41cd9d-fea3-484b-9e76-e0561fb01556,eb55fbd2-5848-4f54-b67c-81c5f01383dc
61092d14-c872-4324-8e25-6034b04d9dd2,2018-07-31 11:50:03.017060,2018-07-31 11:50:03.017062,b861bf31-866f-4b60-b153-bfd64ebe83db,4562297f-0362-4c49-97be-096eb2fa4107
2e61cd2a-be8e-4a00-aebb-71651002f325,2018-07-31 11:50:03.017109,2018-07-31 11:50:03.017111,b861bf31-866f-4b60-b153-bfd64ebe83db,eb55fbd2-5848-4f54-b67c-81c5f01383dc
e5c13b03-20b6-440b-96bc-51337f1e85c7,2018-07-31 11:50:03.017254,2018-07-31 11:50:03.017257,694e05e7-3284-4eeb-a88f-3b50ee50f8ed,4562297f-0362-4c49-97be-096eb2fa4107
a6bac27d-9c66-435b-9065-cea85d1b4de0,2018-07-31 11:50:03.017304,2018-07-31 11:50:03.017306,694e05e7-3284-4eeb-a88f-3b50ee50f8ed,eb55fbd2-5848-4f54-b67c-81c5f01383dc
90380f6d-5e0d-423f-8fbb-0675347c117b,2018-07-31 11:50:03.017438,2018-07-31 11:50:03.017441,d7be0ac1-af83-4982-9740-e49bcc7ad17a,4562297f-0362-4c49-97be-096eb2fa4107
3e65b12e-ff2f-4c91-b1ab-b2133f33a702,2018-07-31 11:50:03.017569,2018-07-31 11:50:03.017571,8f8e27bf-799d-408d-8eec-ea11b05d2668,4562297f-0362-4c49-97be-096eb2fa4107
805fe700-799b-484f-813b-46cf9a5ab6b1,2018-07-31 11:50:03.017687,2018-07-31 11:50:03.017690,7f275eb2-2fcd-4f4b-8396-cc0a3e7001f2,750abda0-d147-4ffe-ad38-cd576395e38b
deec774d-ffcd-4f63-b062-a5c46244f271,2018-07-31 11:50:03.017734,2018-07-31 11:50:03.017736,7f275eb2-2fcd-4f4b-8396-cc0a3e7001f2,4562297f-0362-4c49-97be-096eb2fa4107
d42d2201-dffa-4deb-9b42-b74ed7bcc151,2018-07-31 11:50:03.017786,2018-07-31 11:50:03.017789,7f275eb2-2fcd-4f4b-8396-cc0a3e7001f2,eb55fbd2-5848-4f54-b67c-81c5f01383dc
52a71aa6-4b4f-41c6-9593-a2fb03209c1c,2018-07-31 11:50:03.017938,2018-07-31 11:50:03.017941,f41593e7-de21-4e4b-a9f7-59df9e0e11dc,4562297f-0362-4c49-97be-096eb2fa4107
869b81b0-6b65-4a5a-81b2-2037776309c3,2018-07-31 11:50:03.017988,2018-07-31 11:50:03.017990,f41593e7-de21-4e4b-a9f7-59df9e0e11dc,eb55fbd2-5848-4f54-b67c-81c5f01383dc
e14f5c8e-5e1b-466d-9d04-39b846f79f4f,2018-07-31 11:50:03.018105,2018-07-31 11:50:03.018108,99a7ed26-3b91-4550-8262-d4196fcae9bd,4562297f-0362-4c49-97be-096eb2fa4107
f5346e1c-e537-460a-a40c-757c03bcb64d,2018-07-31 11:50:03.018221,2018-07-31 11:50:03.018224,8abbe0ce-e1d1-4a90-9989-295637374d02,4562297f-0362-4c49-97be-096eb2fa4107
11b67160-bf3f-4e7d-97ce-89770ccab70c,2018-07-31 11:50:03.018342,2018-07-31 11:50:03.018345,8fe992d8-1019-492a-b36b-9cfc3293ac6b,750abda0-d147-4ffe-ad38-cd576395e38b
94aed560-bf79-453c-b576-52a269bd2ba6,2018-07-31 11:50:03.018398,2018-07-31 11:50:03.018400,8fe992d8-1019-492a-b36b-9cfc3293ac6b,4562297f-0362-4c49-97be-096eb2fa4107
9e1aaf1a-4265-416f-a817-03e65110f406,2018-07-31 11:50:03.018452,2018-07-31 11:50:03.018454,8fe992d8-1019-492a-b36b-9cfc3293ac6b,eb55fbd2-5848-4f54-b67c-81c5f01383dc
69a930bd-4a86-4667-8021-a11efc546ce1,2018-07-31 11:50:03.018578,2018-07-31 11:50:03.018581,3c8b4908-ed9e-43ea-a720-c690221857a6,4562297f-0362-4c49-97be-096eb2fa4107
b2b61cbf-fcfd-4a15-8109-377978862757,2018-07-31 11:50:03.018737,2018-07-31 11:50:03.018739,f09f36b9-12b1-4c88-bccb-017afa9bc3d8,750abda0-d147-4ffe-ad38-cd576395e38b
6cb9b6b0-e32f-45a6-99ce-b4684ad12f15,2018-07-31 11:50:03.018785,2018-07-31 11:50:03.018787,f09f36b9-12b1-4c88-bccb-017afa9bc3d8,4562297f-0362-4c49-97be-096eb2fa4107
e77d5aaa-b730-4037-a824-826cc86f5d10,2018-07-31 11:50:03.018837,2018-07-31 11:50:03.018839,f09f36b9-12b1-4c88-bccb-017afa9bc3d8,eb55fbd2-5848-4f54-b67c-81c5f01383dc
618c57c1-caea-4a4d-b08e-dabbdda6d345,2018-07-31 11:50:03.018957,2018-07-31 11:50:03.018959,02322201-e2e3-4e4a-b4d3-8121ade4c987,750abda0-d147-4ffe-ad38-cd576395e38b
2965ff7d-55be-4988-a650-f6053ccf9436,2018-07-31 11:50:03.019004,2018-07-31 11:50:03.019006,02322201-e2e3-4e4a-b4d3-8121ade4c987,4562297f-0362-4c49-97be-096eb2fa4107
fa647855-3c40-42fe-9161-3a2b7d2aa531,2018-07-31 11:50:03.019056,2018-07-31 11:50:03.019058,02322201-e2e3-4e4a-b4d3-8121ade4c987,eb55fbd2-5848-4f54-b67c-81c5f01383dc
b71082a4-7940-4e37-89eb-1b9e92e3c4b5,2018-07-31 11:50:03.019193,2018-07-31 11:50:03.019195,b2a7314a-7861-410b-b551-480c61ff582f,4562297f-0362-4c49-97be-096eb2fa4107
95b72b9c-f83c-4b76-9f6b-b80a2f88555a,2018-07-31 11:50:03.019316,2018-07-31 11:50:03.019319,1da95422-d6b9-470c-9078-05f899b1d8d4,4562297f-0362-4c49-97be-096eb2fa4107
5b98c3fc-1e14-4510-bdfa-f249cd3c31a0,2018-07-31 11:50:03.019459,2018-07-31 11:50:03.019461,28c30f70-e4a8-4f69-9b40-b6ca8b2d32b7,4562297f-0362-4c49-97be-096eb2fa4107
4c1518d6-67f6-45a9-b684-73e18e4ba79d,2018-07-31 11:50:03.019579,2018-07-31 11:50:03.019581,763aee4e-2d3c-4ca5-a34a-0825e8c75889,4562297f-0362-4c49-97be-096eb2fa4107
