"id","frame_size","created","last_modified"
"1158cec6-a0e9-4cb1-8997-85bbef2f6d89",7,"2018-01-11 06:00:00+00","2018-01-11 06:00:00+00"
"13913c8f-47de-4aff-91a7-fa8fdfa28bbe",14,"2018-01-11 06:00:00+00","2018-01-11 06:00:00+00"
"38554b63-6aee-414b-9f97-a23069b1741c",2,"2018-01-11 06:00:00+00","2018-01-11 06:00:00+00"
"68334783-ea29-4f1f-b146-72513f4e8123",16,"2018-01-11 06:00:00+00","2018-01-11 06:00:00+00"
"862a82da-6ab0-46a1-9a19-71374516d0e4",23,"2018-01-11 06:00:00+00","2018-01-11 06:00:00+00"
"89dfd698-ae3e-4ea2-9dcf-fe1f42012910",36,"2018-01-11 06:00:00+00","2018-01-11 06:00:00+00"
"a3b9aa31-af6d-4052-8f73-552545a13e09",9,"2018-01-11 06:00:00+00","2018-01-11 06:00:00+00"
"b61d5f93-9079-400d-a1c4-403c1f5571e8",11,"2018-01-11 06:00:00+00","2018-01-11 06:00:00+00"
"c730510a-88e1-4a2a-8a27-20ed56cd2e13",20,"2018-01-11 06:00:00+00","2018-01-11 06:00:00+00"
"d33fbbee-fad3-48d2-9f85-a7f826409e79",18,"2018-01-11 06:00:00+00","2018-01-11 06:00:00+00"
"d5fd4ac4-af62-4cf6-bdad-b47d0e82d1d2",24,"2018-01-11 06:00:00+00","2018-01-11 06:00:00+00"
"d8f733a4-b3b8-4039-a161-037dee348ba3",30,"2018-01-11 06:00:00+00","2018-01-11 06:00:00+00"
"dd9b6fda-7daf-4855-ab2f-6858f2ea8186",15,"2018-02-01 19:39:52.656+00","2018-02-01 19:39:52.656+00"
"e02065f0-62c4-492c-ae83-7f94868bbb71",12,"2018-01-11 06:00:00+00","2018-01-11 06:00:00+00"
"51c82a01-a772-42a4-ae05-2e6ef4ac6b56",17,"2018-04-07 14:56:20.667507+00","2018-04-07 14:56:20.667528+00"
"25fa7558-0f26-48f4-8361-88c775326396",22,"2018-04-07 15:36:13.821733+00","2018-04-07 15:36:13.821753+00"
