'id','remarks','created','last_modified','collection_id'
'1836851f-7617-4ae0-b2d0-b8250b85c076','','2018-02-07 16:07:40.907689+00','2018-02-07 16:07:40.907672+00','df95bd6a-d8bd-4a54-b588-c64d16f2c32d'
'e9958acf-3aab-4799-b1a7-051aed193e41','','2018-02-07 16:07:43.915518+00','2018-02-07 16:07:43.915501+00','a38808f6-3959-4098-9257-9328623f5fd4'
'26ba2059-e5fb-469e-850e-a405377a8b9e','','2018-02-07 16:07:45.371267+00','2018-02-07 16:07:45.371258+00','4bc3ab28-c068-4331-be35-ae235da99cf4'
'83550e4d-28b4-4554-8f33-eabc42a41c2f','','2018-02-07 16:07:45.978343+00','2018-02-07 16:07:45.978321+00','a3cc8a41-4915-4353-a3bd-1bc69da305b6'
'e6480bf8-5545-40a4-affc-36e849513334','','2018-02-07 16:07:53.603058+00','2018-02-07 16:07:53.60304+00','b2d114b8-0a05-4086-9b37-b1d6a406a1ef'
'20011421-1f3c-4dfc-b8e8-39902d8e4549','','2018-02-07 16:08:08.646879+00','2018-02-07 16:08:08.646871+00','b821f70c-a3d9-4ba8-a7c3-4faeeb2e19a9'
'1d27b76a-63ab-410d-9e7b-12d693374e91','','2018-02-07 16:08:09.475595+00','2018-02-07 16:08:09.475578+00','128e8383-73b6-4697-ac2d-3cdacc147685'
'15a56bf4-c851-4a70-b2df-70f52654a280','','2018-02-07 16:08:23.091061+00','2018-02-07 16:08:23.091051+00','aab9178e-d902-4f9f-8fd3-1bd7c5d21732'
'08a17ea8-9740-44bc-93c2-94759538531f','','2018-02-07 16:08:37.632909+00','2018-02-07 16:08:37.632878+00','2c50d798-871c-4649-a17c-947672335ed1'
'adea622e-7988-496d-b833-6058c8966c2d','','2018-02-07 16:08:38.921434+00','2018-02-07 16:08:38.921425+00','6b72e912-b762-40aa-ad9c-a20815f0f151'
'2f5068e7-b817-42a6-bccc-7bd564d33c3d','','2018-02-07 16:08:42.321141+00','2018-02-07 16:08:42.321132+00','7d751d11-5afe-43d9-8992-0e0126ddc93c'
'705035f0-eb24-46df-8b36-a34f51078ed5','','2018-02-07 16:08:55.699698+00','2018-02-07 16:08:55.699689+00','e0e5fc1c-026f-4d54-97a0-8ae075d3901d'
'1946cf8d-dc17-44f6-abe7-5ef2a5a84136','','2018-02-07 16:09:00.372086+00','2018-02-07 16:09:00.37207+00','70f5680a-16ff-4859-ac07-a0a21a394688'
'4f97cea8-3e94-4a08-9693-f360140aced0','','2018-02-07 16:09:07.312828+00','2018-02-07 16:09:07.31282+00','b0babd28-b04e-4e3f-96fe-c3aff6feb33d'
'81b41b52-dded-40a4-96a2-b18de3a6d267','','2018-02-07 16:09:07.837535+00','2018-02-07 16:09:07.837526+00','fadee3fd-3a37-442d-8918-0c6db8b1622f'
'eb3e6f84-e3d9-4130-ab6e-28ebfc19cabd','','2018-02-07 16:09:11.134262+00','2018-02-07 16:09:11.134254+00','8cdb424b-a405-44ad-87df-a757ed4781f3'
'cc38544f-3d2f-4653-b087-9df6bf507d6a','','2018-02-07 16:09:13.681171+00','2018-02-07 16:09:13.681162+00','9a7d220f-3f58-436f-a7c2-17198af42665'
'1cb17ef7-2634-4780-baf8-6ce4d85540c3','','2018-02-07 16:09:14.536778+00','2018-02-07 16:09:14.536765+00','4a5f325f-86a5-4a64-bea7-b1dba598ae00'
'4d9b98b5-5b84-4788-838e-105016683fb8','','2018-02-07 16:09:15.345868+00','2018-02-07 16:09:15.345859+00','e38d167c-be58-4ece-b4cf-8720ea7f07bd'
'ba06f722-f5f8-4065-87e6-0de8a1335a93','','2018-02-07 16:09:16.292745+00','2018-02-07 16:09:16.292736+00','9abf388f-f70b-4bb3-89eb-d04d1ba5ddc4'
'77028b9f-f7aa-4b68-ab3f-f2d0f32e878b','','2018-02-07 16:09:17.970356+00','2018-02-07 16:09:17.970325+00','b18dcd1e-e025-418f-be76-ce0a325f942d'
'9502d794-a9de-49f1-aa84-572486fa95e8','','2018-02-07 16:09:19.405389+00','2018-02-07 16:09:19.40538+00','4a8d1dca-b67b-4f6c-b470-d909e6cb553f'
'fc1c1e4a-fd27-4e34-8c15-efea99046f44','','2018-02-07 16:09:19.973958+00','2018-02-07 16:09:19.973939+00','c6b325b9-1e04-4941-91f8-e2f6849b5f0c'
'1510ee42-4b62-41d8-bc02-5155b517e3c2','','2018-02-07 16:09:20.54081+00','2018-02-07 16:09:20.540802+00','9189b060-315e-4d4e-888a-c4bc561a67b3'
'ebcace75-b74c-44e8-9103-f6216937ae8d','','2018-02-07 16:09:21.676495+00','2018-02-07 16:09:21.676487+00','0973e20d-fe45-4397-ac52-5018fefdee27'
'a15383c2-ccfb-4130-b62f-61b31b383460','','2018-02-07 16:09:25.428693+00','2018-02-07 16:09:25.428685+00','f84bf080-de8f-4e35-97dd-96a6ade08a86'
'b8bfd9e3-1caa-4037-8ad4-49dc62a7c90f','','2018-02-07 16:09:28.7455+00','2018-02-07 16:09:28.745493+00','a2e0f770-0f9d-4460-bc0b-2226b60a6aa3'
'a5faea1b-9014-48f3-b147-1fde4171867a','','2018-02-07 16:09:31.101584+00','2018-02-07 16:09:31.101574+00','1ce5ea6f-7d0e-4426-9955-f0a33bf80b28'
'b9d06b91-da69-4b41-9d57-9d9fe526ebd8','','2018-02-07 16:09:34.707428+00','2018-02-07 16:09:34.70741+00','48eeaccd-d3af-492d-9504-eda7f5f28e79'
'8c73ca58-fb93-4c34-81fb-619771d1d4c8','','2018-02-07 16:09:40.659887+00','2018-02-07 16:09:40.659879+00','e2dcaed5-11ae-4792-8b18-430952ff6b7f'
'd1a8a3b1-5fca-4e83-a020-8e8f1438b857','','2018-02-07 16:09:44.737162+00','2018-02-07 16:09:44.737154+00','5192c68c-6ecd-4fc6-a8de-0c7005ec8f79'
'fa3ed1dc-d6f2-4d50-b71b-a9d32182ab20','','2018-02-07 16:09:46.43625+00','2018-02-07 16:09:46.436241+00','c67e5a8d-7160-4872-9435-f207856d9326'
'7f1937db-13fa-4519-b75b-cc6a3b91466d','','2018-02-07 16:09:47.6725+00','2018-02-07 16:09:47.672493+00','eba1df7e-a7ab-48d9-8a38-82fa81bc58e0'
'55abc136-c8dd-4009-ad3d-a3d78ecfc5bb','','2018-02-07 16:09:49.441474+00','2018-02-07 16:09:49.441455+00','19dc984f-f7ad-4c9a-9e45-6e3f9cff2f4b'
'a85b28f4-57fe-46f3-b6e9-733aec8f206a','','2018-02-07 16:09:52.61318+00','2018-02-07 16:09:52.613171+00','2b572dae-3f98-446b-b192-462409b8566f'
'6b630875-d5ad-471f-a331-65e4ed0e772d','','2018-02-07 16:09:53.461522+00','2018-02-07 16:09:53.461506+00','003ebff6-5805-40ee-b5a2-2edf19473546'
'196df4c0-e0bf-4cbc-8665-9b3b019f2531','','2018-02-07 16:09:57.687362+00','2018-02-07 16:09:57.687345+00','adaf1823-1086-40c6-b570-eb6f18a863e3'
'39f7db22-3245-4774-ba66-0fcc6bccf9eb','','2018-02-07 16:09:58.767777+00','2018-02-07 16:09:58.76776+00','bcdc9893-184c-4937-9fbc-13c1fa9d3970'
'85b096f9-12fb-4ff7-8966-a93072d78b70','','2018-02-07 16:09:59.170261+00','2018-02-07 16:09:59.170243+00','979a1cac-0e5f-46d9-af2a-1ace2807c003'
'c910a668-092c-4500-af14-b95bf96e16df','','2018-02-07 16:10:00.676697+00','2018-02-07 16:10:00.676679+00','0eaa5b40-a375-43e9-a626-e75e0c8692f4'
'247a997c-ce1e-4411-b7cd-635b146e8f9b','','2018-02-07 16:10:21.390262+00','2018-02-07 16:10:21.390254+00','99277d2b-6dfb-40a6-a3cb-77ee4bae3dd2'
'e18f2799-d42d-484f-97b7-8b8ca7a946bb','','2018-02-07 16:10:22.654296+00','2018-02-07 16:10:22.654279+00','bc902e93-42b3-44d7-a65b-9142800e86ff'
'b2894cc8-9593-4965-9da4-2ff3af08486e','','2018-02-07 16:10:26.803387+00','2018-02-07 16:10:26.803378+00','a170f7cc-281b-48fe-a9cd-32e0680021af'
'622fa6a3-d994-4d34-ba23-8d4b334d2104','','2018-02-07 16:10:38.476243+00','2018-02-07 16:10:38.476226+00','e86ff613-591c-41a1-b84f-f8f34e0697b1'
'e4c7f0a7-4457-4f41-8aa2-eaa16aba9b54','','2018-02-07 16:10:43.989512+00','2018-02-07 16:10:43.989504+00','6a54be0f-f93e-4568-b5f8-591a69b0a7f7'
'bab16b03-8582-4350-af14-8343c895a366','','2018-02-07 16:10:47.391333+00','2018-02-07 16:10:47.391324+00','807b4d22-06dc-4393-aec2-b260112a7b63'
'6c30d062-3687-4f8e-a118-03658e43abae','','2018-02-07 16:10:49.213142+00','2018-02-07 16:10:49.213134+00','e7955ce9-a0cb-4dd4-9e84-2309ac83ec6d'
'6cd570a4-e795-42da-8225-a68fb97006c6','','2018-02-07 16:10:59.642901+00','2018-02-07 16:10:59.642891+00','0c06ed1b-143f-41cf-9bb2-b9cec4e0f20d'
'e8a08a1d-e773-4abf-9ee7-6f126cb62f09','','2018-02-07 16:11:06.411034+00','2018-02-07 16:11:06.411026+00','4f0f34b2-3810-4ba9-ba1e-0d987c808ddf'
'8f127a45-2bd9-4e62-86f5-c2bf9f22ffc7','','2018-02-07 16:11:07.579348+00','2018-02-07 16:11:07.57933+00','fab5f6ab-fde0-40ae-9cb3-57c4a90afb10'
'cee86fd2-8d6d-488e-b94b-879ca2840f40','','2018-02-07 16:11:09.640159+00','2018-02-07 16:11:09.640142+00','370cb199-8795-4b2a-8869-2a51c773dab8'
'7ebfb6d5-4721-46e4-ac19-73280b4238be','','2018-02-07 16:11:10.043392+00','2018-02-07 16:11:10.043384+00','8906d585-1a6f-4627-b54b-294204f9dc8f'
'd2b31280-b9c6-4f0c-96a9-949200f8c91f','','2018-02-07 16:11:10.603666+00','2018-02-07 16:11:10.603658+00','a13321aa-e360-481b-b697-a28d70013fa8'
'fedc3829-263a-4eb4-803a-e0452c63bff8','','2018-02-07 16:11:11.089419+00','2018-02-07 16:11:11.08941+00','3dd8f211-dbdd-46d3-9f96-f03b7a437d20'
'72285774-b39a-4ae2-9b32-604b1b14cd41','','2018-02-07 16:11:15.02417+00','2018-02-07 16:11:15.024161+00','4e0f8cb9-d739-4d37-b0e6-d2104859e9d0'
'50f4eb54-e13b-430f-a5ec-3c32c96ef302','','2018-02-07 16:11:16.398428+00','2018-02-07 16:11:16.39842+00','3ab20909-3e77-4fcb-baa0-42c9e4f670e7'
'604739be-28a0-4b08-83a3-8f0bd64cb8ba','','2018-02-07 16:11:20.149001+00','2018-02-07 16:11:20.148955+00','3d5a43f9-45a9-48c7-886f-f17db052380e'
'fa3de873-b60c-4362-b0c1-cffb69a6387c','','2018-02-07 16:11:28.065412+00','2018-02-07 16:11:28.065403+00','0cef28fb-7c9b-4e52-b6c9-01bde5cecf83'
'959e21b6-17b2-425c-9723-b1596e61844f','','2018-02-07 16:11:40.04788+00','2018-02-07 16:11:40.047863+00','f099e04d-6121-49a9-8cc3-c4c82724874a'
'07d2b781-a127-409e-8ffc-8cbf25b86867','','2018-02-07 16:11:45.431738+00','2018-02-07 16:11:45.43172+00','caa6101a-9471-42d6-a5b4-eb70e431c793'
'8d10161f-7a29-4be2-9e55-89907564d4cf','','2018-02-07 16:11:45.847417+00','2018-02-07 16:11:45.847409+00','d6377f92-2f74-4354-8bd9-1916abf86e46'
'85e2d956-e2a2-4e5e-814b-dabc9ee9b286','','2018-02-07 16:11:47.893794+00','2018-02-07 16:11:47.893774+00','d1ba4cee-2a67-4c38-879a-dca05f6329a6'
'6988e150-4716-4343-a8b3-b96a196d5b36','','2018-02-07 16:12:04.500627+00','2018-02-07 16:12:04.500611+00','c8a53be1-f017-4ebf-905c-44b442a81ab4'
'66993797-56a0-4ab8-870b-88bd1b42a328','','2018-02-07 16:12:05.088077+00','2018-02-07 16:12:05.08806+00','7c02a57b-e5c7-4672-950a-abe8f57c603d'
'2dd3c6f6-f44a-44fa-92ad-ebccd7f423cb','','2018-02-07 16:12:07.04667+00','2018-02-07 16:12:07.046652+00','b1caac55-c091-4da7-a603-24f1262ab3e3'
'bff5ca7c-3c26-4cc5-b429-dddcf27ac5f5','','2018-02-07 16:12:12.904493+00','2018-02-07 16:12:12.904484+00','54126a0d-fee6-49d0-b213-3f56e953a90b'
'74a48c20-4b20-4c29-9bdd-87198fd4c133','','2018-02-07 16:12:19.526632+00','2018-02-07 16:12:19.526615+00','89aa5447-e3c0-43ec-8598-4ac5eacbac31'
'a5faade5-8689-49e3-ad7d-a80f4ee8d81f','','2018-02-07 16:12:21.109489+00','2018-02-07 16:12:21.109481+00','002cb9c7-5ba6-4e20-9fdc-1b20447f35bc'
'aa5a4e02-3756-4b79-817f-41fbe7c077a0','','2018-02-07 16:12:25.060554+00','2018-02-07 16:12:25.060546+00','f7673da6-cd0f-4ac0-9e8a-cf412e05ba49'
'd0d05eeb-5980-4e55-83b6-9d3e0d5a0d6e','','2018-02-07 16:12:28.153247+00','2018-02-07 16:12:28.153229+00','09182eb1-4539-43c4-9124-3816081b67a9'
'a59c8897-ecdf-4f9f-b02e-72f84566cf39','','2018-02-07 16:12:40.405528+00','2018-02-07 16:12:40.405519+00','cf00f1d5-fd24-4dc3-a7b9-0a3e8e4a6692'
'63063ae7-4512-49f8-9813-baffadb550dc','','2018-02-07 16:12:42.150026+00','2018-02-07 16:12:42.150007+00','62323a77-5995-4daf-a257-47ebd02cc2b7'
'318326ee-48ea-41e3-abf9-ff08d61660f5','','2018-02-07 16:12:44.689858+00','2018-02-07 16:12:44.68985+00','39a12cb8-5714-4d0c-84ce-1933c89f802f'
'4fa41e91-5694-422c-ae4d-4e7511384272','','2018-02-07 16:13:04.36285+00','2018-02-07 16:13:04.362832+00','0c9b04b0-94a9-4251-956d-629eadadd164'
'8d7f633d-247e-4cc0-8f37-7a97b404bbb6','Line index for TxDOT 89','2018-02-07 16:11:21.852814+00','2018-04-07 15:01:38.0531+00','937d8ccb-396c-410b-a730-d086a7ea88d5'
'2d626231-c895-480d-8c08-7a55f262c910','2 line indexes for Collin 1990','2018-02-07 16:07:37.699092+00','2018-04-07 14:43:02.850217+00','f8b5149d-fd85-4ed2-a3f6-3a924f9bc1d4'
'b7917a2c-2ef6-4c06-950e-114d071423b5','1 line index for Bexar 1992','2018-02-07 16:11:25.664477+00','2018-04-07 15:12:30.276043+00','531594f8-0cb1-442f-9f0d-839d20e617d4'
'9cc47770-9942-46fb-b91b-21540e314e79','1 line index for Williamson 1988','2018-02-07 16:09:48.389281+00','2018-04-07 16:29:23.39644+00','dd26beeb-c2b7-4917-a7b6-8711ecbb3553'
'fe83740c-bacc-480a-bc66-bf4b0dd35e80','1 line index for Dallas 1980','2018-02-07 16:10:20.986467+00','2018-04-07 15:42:07.398758+00','1800f848-039c-47e3-a515-93d5ce61d1e7'
'a4202572-4fa3-4653-83f4-fe01d6f040be','1 line index for Brazos 1979','2018-02-07 16:11:44.764617+00','2018-04-07 15:57:23.709339+00','6f6ebe02-15f4-43b7-8cf1-7206449f83e5'
'b7bd1ec8-fd16-4614-8402-6775ce824267','1 line index for Hays 1980','2018-02-07 16:08:17.216598+00','2018-04-07 16:11:55.532099+00','82bf0615-17ef-4579-a815-7236e859f83f'
'2dd29038-61c3-4305-8b99-78684ee29b60','1 line index for Harrison 1963','2018-02-07 16:09:27.024438+00','2018-04-07 16:46:41.380273+00','d33fac57-c93c-46b8-ad60-13efdee3ad77'
'd63893bb-6a92-4ba2-91d8-66ebbb444b5a','1 line index for El Paso 1988','2018-02-07 16:09:44.094446+00','2018-04-07 17:17:18.805141+00','b2622048-78b6-4b31-a865-982e9bd39d66'
'62f419ce-fb89-4bdd-b409-c552fd77b05c','1 line index for McLennan 1982','2018-02-07 16:12:20.44432+00','2018-04-07 18:07:42.224964+00','364599c1-fc6e-4fc4-8c8c-428dc0680e23'
'416e0dc9-0ec1-4990-94c4-d008c55adfca','1 line index for Nueces 1979','2018-02-07 16:10:52.247013+00','2018-04-07 18:08:38.262165+00','52a62bc6-68b7-437b-afe5-6f5ea879c87b'
'ef7bfbac-acf3-4aab-bc42-31dee01085e1','1 line index for Orange 1987','2018-02-07 16:09:33.046027+00','2018-04-07 18:32:23.506573+00','404a3a6c-c3a9-48bf-8d5b-01d065c74b9e'
'ba16111f-e185-4a6c-877f-e8bf51f3f0e8','1 line index for Potter 1989','2018-02-07 16:10:05.812101+00','2018-04-07 19:14:54.444297+00','d53a9272-6df3-4d09-9a9b-80be73723635'
'45fc33f9-5410-4ed9-a312-6f780fdf41ce','1 line index for El Paso 1979','2018-02-07 16:09:29.398851+00','2018-04-07 20:01:18.537234+00','f165b12f-3413-4921-ab2e-c37adb07ec3f'
'4685efdb-9d10-4012-89ad-773f04353469','Line index for Bexar 1977','2018-02-07 16:09:23.972037+00','2018-04-07 20:15:35.078827+00','0eb32dfa-8956-4d9a-a92f-3845ba2faf41'
'1195effd-d11d-43ed-b182-d4bc7019da9a','1 Line index for Chambers 1970','2018-02-07 16:11:14.377964+00','2018-04-07 20:29:03.991631+00','1c26a932-7de3-4835-bf81-7eb1bd1a1c87'
'3e34178d-6b82-4e21-a456-c3b0bb248115','2 line indexes for Fort Bend 1985','2018-02-07 16:10:34.427897+00','2018-04-07 20:46:33.159189+00','b50fc728-97f7-428d-b459-942b02a4199b'
'77c8870e-8210-43f1-b426-d491c9a08129','1 line index for Gregg 1987','2018-02-07 16:08:39.447509+00','2018-04-07 21:06:27.163436+00','b8abd03c-cf9e-4f86-93fe-cd4489209b4d'
'a152ef22-5937-4dea-a557-d4b143145af6','1 line index for Galveston 1978','2018-02-07 16:10:15.771949+00','2018-04-08 00:05:48.352442+00','f3bd3641-b5d0-482b-86b6-afa4c91e129b'
'994dcf47-9786-46a3-a7ae-b0526a208084','1 line index for Grayson 1942
Q:\Historic_Images\Grayson\Index\USDA_1942.tif','2018-02-07 16:10:48.358734+00','2018-05-17 16:18:24.592605+00','509ea31c-c789-4fd6-98c4-19cea9fefd30'
'f68f00d1-e96c-4912-a627-8e16a0111ec5','','2018-02-07 16:13:10.875304+00','2018-02-07 16:13:10.875271+00','f42a83b2-8dd7-4375-aa52-a37ae3f47084'
'566119b2-dafd-446c-8ffc-b0eedd2cd005','','2018-02-07 16:13:14.495864+00','2018-02-07 16:13:14.495855+00','71a0e0db-6195-4d9e-b417-8cb49f702e77'
'593cfb7a-3323-482a-b1e6-84eb15a1df50','','2018-02-07 16:13:18.309995+00','2018-02-07 16:13:18.309979+00','8b2b89ed-bee8-40c1-a4e0-992d18f80bcf'
'699d0305-52cd-457c-b148-c561b9ee6951','','2018-02-07 16:13:23.936506+00','2018-02-07 16:13:23.936488+00','93eac5fa-b56f-444c-8023-cdb277fa2f37'
'e02ba15a-df6d-4db5-952b-e29dd3666a18','','2018-02-07 16:13:24.35083+00','2018-02-07 16:13:24.350777+00','e494adab-d263-4e3f-a4ac-73d2e29e0e1c'
'07114fd7-967e-447b-827b-ff8951ed6142','','2018-02-07 16:13:26.742737+00','2018-02-07 16:13:26.742698+00','ac696e6e-1f3f-4347-bb32-38a9a477fda2'
'670306f3-6080-4654-a016-6fe520ec131b','','2018-02-07 16:13:29.484227+00','2018-02-07 16:13:29.484209+00','583840eb-c582-4504-9ce3-88d696a85b11'
'e56952fa-8db7-46d0-9b93-68d2ec5b6670','','2018-02-07 16:13:30.691898+00','2018-02-07 16:13:30.691878+00','fac285f1-5192-42e7-a2ac-a97a6e4e2b2e'
'5e319f39-69b6-4e07-af9a-71f2a5224829','','2018-02-07 16:13:32.52452+00','2018-02-07 16:13:32.524511+00','0f9bef51-46de-4be8-8679-8bafb1c123f3'
'1f8526f3-daeb-48b3-940c-9495943ce189','','2018-02-07 16:13:39.011583+00','2018-02-07 16:13:39.011565+00','33925727-4752-4a19-b051-fb4ed4fa4497'
'0e7a1d7a-9547-4028-bdc8-c03b9033b786','','2018-02-07 16:13:39.429378+00','2018-02-07 16:13:39.429369+00','71542393-095f-4915-96e1-571f1ab3be34'
'a6d5d0c9-b336-4eb0-8617-fe256c517af5','','2018-02-07 16:13:41.214462+00','2018-02-07 16:13:41.214445+00','009b8368-d014-442c-8d44-a2510a1cea62'
'8beac97b-b0c8-47d7-a171-fd900c551059','','2018-02-07 16:13:46.842753+00','2018-02-07 16:13:46.842729+00','ac235c90-5901-4e28-af63-3af7c763d51d'
'7d9f80ee-224e-4bf4-adcf-a98ecd7fd646','','2018-02-07 16:13:59.587734+00','2018-02-07 16:13:59.587725+00','1fefa764-56ca-45e8-8bc7-aea70e82f0ce'
'a636d9c9-efcd-43ad-9cba-e73509fbea78','','2018-02-07 16:14:10.063693+00','2018-02-07 16:14:10.063684+00','b23dbb2a-a13d-4e31-9194-0631c34bcca6'
'3707ab07-9fa4-4949-b905-b5b782079b0e','','2018-02-07 16:14:18.357962+00','2018-02-07 16:14:18.357953+00','6579f04a-e0ef-4523-ac1e-8d9d25a0343f'
'c30ebd45-36f3-4b9d-a682-fdbef3c53a13','','2018-02-07 16:14:20.686068+00','2018-02-07 16:14:20.68606+00','832f9646-e395-4c8c-90bf-8ba22db86490'
'da609793-064c-458c-966d-f9623549ec8b','','2018-02-07 16:14:22.809836+00','2018-02-07 16:14:22.809819+00','6b83a5ca-2a64-4fd2-8435-bb222cd8e5c3'
'494ba605-645c-40d5-ae40-d1420d18ca24','','2018-02-07 16:14:26.667521+00','2018-02-07 16:14:26.667512+00','d0be1307-9999-462c-a9d6-4fd9dd2cfbdb'
'7b99cf16-97aa-45ee-840e-9de690df38c9','','2018-02-07 16:14:32.167308+00','2018-02-07 16:14:32.167298+00','ec0200be-82b0-499e-a038-7f00e20b5cf0'
'a03aaa1f-9d48-4f8a-97f9-fa08b8ee9418','','2018-02-07 16:14:33.704912+00','2018-02-07 16:14:33.704894+00','016da42a-e83f-4b4e-b560-a6678acb9fd6'
'36f5ef9d-33c4-4fd7-ab5c-1c66927b1861','','2018-02-07 16:14:36.464363+00','2018-02-07 16:14:36.464354+00','43064bb6-c05d-43f1-865c-3b4ef1de7f4d'
'9990ec2e-f3a1-4b6f-a144-7deb2a8d2fa3','','2018-02-07 16:14:38.055488+00','2018-02-07 16:14:38.055471+00','08c6b2a2-bc26-4c14-b1af-2c7410e3946b'
'485d1b64-8dc7-4305-981a-1d4a9e05ddcb','','2018-02-07 16:14:39.062497+00','2018-02-07 16:14:39.062481+00','ec7d97d2-f8d3-4241-b130-fc96acf78bb8'
'cb6421da-464d-4c10-8287-8ee0e9a9378f','','2018-02-07 16:14:40.0751+00','2018-02-07 16:14:40.075055+00','47fdb711-b791-4ef9-a833-122994dce6f8'
'adc1aa48-b30b-4f33-b98e-24c173ab77ea','','2018-02-07 16:14:40.994784+00','2018-02-07 16:14:40.994776+00','e457e4ec-9d31-4efd-85fb-55c4b6c5b65f'
'e32ec074-1b9c-4de3-a21d-e0f5b991c410','','2018-02-07 16:14:42.793411+00','2018-02-07 16:14:42.793401+00','83cd44c0-b6ed-41de-bc6e-356bde2e21fe'
'a360a1e0-37a1-4aca-868f-6bc3678d9db0','','2018-02-07 16:14:44.631558+00','2018-02-07 16:14:44.631539+00','b8166c64-54f5-46db-91f3-0afe31e39c99'
'a1992f11-c727-443d-a5da-533cc80a178f','','2018-02-07 16:14:45.094762+00','2018-02-07 16:14:45.094731+00','47892076-7975-41a8-9662-3759ded23cce'
'a0cd7ce6-e570-4c6d-9ca9-5d0225d3025c','','2018-02-07 16:14:48.400195+00','2018-02-07 16:14:48.400186+00','8d5434d9-6c1c-4925-ae99-b1d05eb1e399'
'69d2fc10-34ff-4816-a8cc-0f9beb6ed5ee','','2018-02-07 16:14:57.630989+00','2018-02-07 16:14:57.63097+00','b4d5e192-a793-4324-b38d-adc3f5ebe683'
'90fa6964-b049-4466-a2c5-5adc21bd32ad','','2018-02-07 16:14:58.582912+00','2018-02-07 16:14:58.582894+00','0dfc1a8b-3d12-47ab-8422-36b63013f8e6'
'5857d217-bbb3-4946-a375-42e47aff8c0a','','2018-02-07 16:14:59.497762+00','2018-02-07 16:14:59.497753+00','72992e3c-f6a0-404c-a6a3-c5f878b5c88d'
'8cf37922-231d-47a2-bcdf-83c6c24ff2b8','','2018-02-07 16:15:01.793119+00','2018-02-07 16:15:01.79311+00','205e7f4b-53cb-4403-83e5-184fddecb648'
'c3622f96-d11a-42b2-bcf8-633454341039','','2018-02-07 16:15:02.29405+00','2018-02-07 16:15:02.294033+00','1ee70f57-3b21-43c5-978c-f296db900e80'
'bb1218f0-fe88-4152-9b75-aeacbb0d5034','','2018-02-07 16:15:04.64051+00','2018-02-07 16:15:04.640502+00','5402b653-a508-4584-8e42-cb9c8b06e5ef'
'57907dcb-5cd0-46ed-9079-e61de3fc33d5','','2018-02-07 16:15:08.177074+00','2018-02-07 16:15:08.177057+00','a876b0b5-5040-4f85-9d7b-dd221942eb74'
'96423a6e-32c9-4533-af60-711217947d7d','','2018-02-07 16:15:09.269208+00','2018-02-07 16:15:09.2692+00','2d911117-c860-46a1-8330-ad069c2f690e'
'3f6810d9-5d55-4918-9342-b424f46e88ee','','2018-02-07 16:15:10.556338+00','2018-02-07 16:15:10.556331+00','857021d9-c602-49c8-9e99-e94379492dea'
'2ff98ebf-42cb-49d4-9153-8d7510188ef8','','2018-02-07 16:15:13.844355+00','2018-02-07 16:15:13.844346+00','3bc6dbf2-8f3d-4bbe-bbd8-611f7d6106b7'
'150d67bb-44a9-4067-ac78-4cded4e229cb','','2018-02-07 16:15:17.940495+00','2018-02-07 16:15:17.940487+00','b439f4ca-56b1-49ba-8ef8-633245bef6a0'
'427a363a-a92f-4c10-be37-88ed81f08230','','2018-02-07 16:15:23.227058+00','2018-02-07 16:15:23.227048+00','665debc3-989e-465d-98c3-6dbff104dcd6'
'33e72077-d3f3-47af-86e5-aacdadfbbe53','','2018-02-07 16:15:24.183147+00','2018-02-07 16:15:24.183138+00','057e5a3d-5812-4ec4-afcf-e78619023bf8'
'3e904020-00e0-4911-b1c2-69b6d4c491b2','','2018-02-07 16:15:34.515063+00','2018-02-07 16:15:34.515044+00','707f5411-db13-4c4c-9861-418ba6f46892'
'0847e671-0e49-424b-b728-07382003e96d','','2018-02-07 16:15:42.343458+00','2018-02-07 16:15:42.34345+00','b7e34dc3-0768-4378-9b08-fce1f07e4022'
'5eface42-0231-4610-93c0-d9e5c5d62ad2','','2018-02-07 16:15:44.212755+00','2018-02-07 16:15:44.212719+00','828b7ee3-773b-4a9e-b5d8-d7a4c6a99f62'
'cafd4096-96c6-4745-8113-dd44cd08608d','','2018-02-07 16:15:45.87782+00','2018-02-07 16:15:45.8778+00','17596a17-5bea-4017-ab7b-5b9c42650f10'
'a93a34e4-c8ac-4a38-9e5b-0670594a3abd','','2018-02-07 16:15:50.217535+00','2018-02-07 16:15:50.217517+00','047ec0c4-cd4f-4c50-9b52-25342c0592db'
'049741ce-7273-4763-858a-cc4bba006eee','','2018-02-07 16:15:58.426635+00','2018-02-07 16:15:58.426627+00','72c4dc35-9d33-48ef-8427-deada260c649'
'73851de1-dd25-4c85-b80d-4851080fd870','','2018-02-07 16:15:58.923846+00','2018-02-07 16:15:58.923837+00','eb023a32-d369-49ea-8f66-4aa84466dda8'
'2088d856-f819-49f3-8f21-f6f9dee36818','','2018-02-07 16:15:59.425199+00','2018-02-07 16:15:59.42518+00','e1036576-6c4c-439c-ae55-a0d29ebb7be3'
'0564f645-6b24-47fa-82c0-cbfa5488c570','','2018-02-07 16:16:00.298651+00','2018-02-07 16:16:00.298642+00','83ede83e-7253-4ec9-a02c-2fc65b4d1877'
'3d0b814a-05ea-4827-b2c7-84be1d3b4794','','2018-02-07 16:16:15.206587+00','2018-02-07 16:16:15.206578+00','166e9344-d198-45ea-87fb-e67e753de2e0'
'a48033d7-6110-4c0e-abb3-163b0901a8cf','','2018-02-07 16:16:16.243973+00','2018-02-07 16:16:16.243966+00','0d60a121-e781-41b0-b10d-d87355ae467c'
'5fc9be8e-f9c7-45dc-8e75-1f5868f3583a','','2018-02-07 16:16:17.640348+00','2018-02-07 16:16:17.64034+00','2930f1eb-bac8-44e1-a040-d962bf12f33c'
'4631854b-29e0-4408-8927-6dc82469fbc2','','2018-02-07 16:16:20.52379+00','2018-02-07 16:16:20.523782+00','62f2c56d-2260-4557-bbeb-1a3b7243c650'
'0b829e06-c9b5-4893-ba76-f682cdab9727','','2018-02-07 16:16:21.646183+00','2018-02-07 16:16:21.646174+00','0bc64bd5-2e45-44a5-9fd6-620341f1bd8d'
'e0f77e1c-44a6-4025-a8e1-ec3d72a69af3','','2018-02-07 16:16:23.365535+00','2018-02-07 16:16:23.365527+00','60e45fb1-32ac-4840-9fea-75beec91f12b'
'3ead93cc-c0f6-417b-af39-6ff09e4ab8c3','','2018-02-07 16:16:23.906083+00','2018-02-07 16:16:23.906066+00','57c9e2b7-4707-4f58-9419-8f535c18ad75'
'247dd0c8-ab92-4d15-84a6-99cbc0d1df74','','2018-02-07 16:16:24.906844+00','2018-02-07 16:16:24.906827+00','34e03d5a-b93a-40f5-8eba-e545157deefd'
'8d1f9bc3-24a7-4109-9cbc-52fe1729f7da','','2018-02-07 16:16:31.404655+00','2018-02-07 16:16:31.404639+00','812d9dd8-3f11-4e14-bf57-ffc5c4afa517'
'618c9974-f540-499f-a382-915f2f2627e5','','2018-02-07 16:16:35.405435+00','2018-02-07 16:16:35.405427+00','6cc60f4b-c0d5-487d-8343-8e5a15bbe3fe'
'cf98dc1d-051b-43ea-90f6-cecd900573d3','','2018-02-07 16:16:39.102905+00','2018-02-07 16:16:39.102897+00','ca2500f1-b1da-4399-81eb-8856a2248628'
'be58fdcd-e63a-47b3-96e2-23ef595b496f','','2018-02-07 16:16:39.647208+00','2018-02-07 16:16:39.647163+00','436d790f-190f-4d70-babb-81ac37ce3ad3'
'3b5f4eae-cfb4-4e07-952d-ba5713c56c22','','2018-02-07 16:16:40.659798+00','2018-02-07 16:16:40.659788+00','d7cb54a7-2573-4025-9e25-2331ab2754ad'
'd06b2aeb-7767-420a-88a9-546a30bb041f','','2018-02-07 16:16:48.714068+00','2018-02-07 16:16:48.71406+00','4ebdbfe3-f8cc-4669-aee1-388b30f71683'
'687fa15f-5ba9-4a94-ab9e-e4a64a258ff1','','2018-02-07 16:16:49.339033+00','2018-02-07 16:16:49.33901+00','a5fd24ca-8b49-42a8-ab75-f6c48d221ef5'
'f1fff7e8-24df-448a-b25d-be48463089f5','','2018-02-07 16:16:50.630474+00','2018-02-07 16:16:50.630446+00','d8715bcf-5806-4132-b18f-1ef9aa3ac8d2'
'8dab91be-169c-4cc5-9d31-a221a8028050','','2018-02-07 16:16:51.923663+00','2018-02-07 16:16:51.923655+00','f2d628b6-eb92-4ddc-a92c-d771db244c07'
'c9c670bf-e1f1-4a00-bf42-54625ef4933a','','2018-02-07 16:16:52.906139+00','2018-02-07 16:16:52.906131+00','ea421c29-63ef-40cc-9c4d-ed5c5882aca9'
'fd91d201-f2e6-4594-97bc-f4ab25992443','','2018-02-07 16:16:53.460879+00','2018-02-07 16:16:53.46087+00','2c79828f-3fe8-47bc-8285-87649988a168'
'cd9874cf-d3d1-4b12-a856-f685ceec85fb','','2018-02-07 16:16:57.456362+00','2018-02-07 16:16:57.456344+00','852824db-d04b-4acb-9eaa-03ac54124a4c'
'cbc505ef-8e26-4a36-beb6-3864c59009c4','','2018-02-07 16:16:57.914691+00','2018-02-07 16:16:57.914682+00','553fb520-5561-4dbc-998d-04495d096de0'
'0051e25e-a104-47f3-b1fe-221f773f1288','','2018-02-07 16:17:04.689873+00','2018-02-07 16:17:04.689856+00','d076b43b-556b-486e-a336-d4e5343188c7'
'881caa2b-7fe2-41e3-8236-182cea71b646','','2018-02-07 16:17:05.987881+00','2018-02-07 16:17:05.987873+00','86f8c6c6-d796-4a7d-9b8b-0ca2127d644f'
'34925d0f-e9dc-4fcb-99e8-b5f1e40870a4','','2018-02-07 16:17:11.942482+00','2018-02-07 16:17:11.942474+00','25930889-4e96-40f2-99f6-cdf022dd8ef7'
'4f001c53-656f-420d-adee-aaadff2e853c','','2018-02-07 16:17:19.427138+00','2018-02-07 16:17:19.427127+00','61823a60-fe07-41e9-94f7-462dc7d23de7'
'713d9873-48e8-4673-8a72-2e3ad988149e','','2018-02-07 16:17:20.343211+00','2018-02-07 16:17:20.343193+00','e1edce94-f24b-44ea-84e4-b3f8e16f9a12'
'0bd9a54c-ee48-4ac4-b19b-4be4b247f85a','','2018-02-07 16:17:22.090087+00','2018-02-07 16:17:22.090078+00','5fc75e23-8d8f-41b4-b01a-57c65f1c5d10'
'48f62403-e56d-49d1-b3b5-2e9c5c6f7e3c','','2018-02-07 16:17:24.979122+00','2018-02-07 16:17:24.979114+00','e07548ee-3a3a-43d3-8f5b-d9ce969f9fe4'
'eed42665-412f-4425-9172-bf0a93631ace','','2018-02-07 16:17:27.261125+00','2018-02-07 16:17:27.261117+00','8d1eafa4-bdbf-46d2-9911-060de179146e'
'097f92f6-1e90-4d72-b1b2-90b706e8e689','','2018-02-07 16:17:33.186266+00','2018-02-07 16:17:33.186257+00','0d639d80-45ea-4a48-bbac-61bfe4a01389'
'7104c1c4-0f0f-491a-9017-6d5ba9fa8e54','','2018-02-07 16:17:34.099473+00','2018-02-07 16:17:34.099465+00','768d54be-d4da-4461-9b4c-344df69a46f6'
'58602b8e-c523-4985-a45c-14b905721214','','2018-02-07 16:17:36.139662+00','2018-02-07 16:17:36.139648+00','62ce9438-dda3-4bce-b8df-7922f7c794ed'
'9db55928-76f2-48a2-874e-2eda817f716a','','2018-02-07 16:17:41.110221+00','2018-02-07 16:17:41.110212+00','ed570cd4-3782-4109-a4d4-4470dd01794a'
'ebdeda55-d862-418a-b851-433202746b3c','','2018-02-07 16:17:41.611474+00','2018-02-07 16:17:41.611466+00','1525049c-4eb6-4e3d-99dd-d39c3550130a'
'82873e7d-4371-46ca-ac27-24027a56a40f','','2018-02-07 16:17:47.801989+00','2018-02-07 16:17:47.801981+00','44ff7ba6-b19d-474c-ac5d-768954c3b4ea'
'1e385b14-7365-490f-9d95-b3c3b55e22b8','','2018-02-07 16:17:52.45606+00','2018-02-07 16:17:52.456042+00','b99e7f12-f0ef-4d13-90b9-a9820a83b1ee'
'84acd60b-48c3-4132-bf6f-158e09357ed0','1 index present. Around Tyler','2018-02-07 16:14:35.729431+00','2018-04-07 13:30:37.232676+00','414ad571-1ea4-470e-be55-c4881131d539'
'488d9d6e-9aa6-4f0e-ba8f-bf117216c0a4','1 line index for Bexar collection 1985/1986','2018-02-07 16:13:09.956737+00','2018-04-07 15:46:47.210652+00','21019998-a64e-4e75-a2db-9e9db48eb308'
'3bfbf8f6-b60b-48a8-9145-993d80b04536','1 line index for Williamson 1990','2018-02-07 16:13:25.308614+00','2018-04-07 17:00:21.029222+00','441d7a03-9788-4ee9-bf3c-defd7eaf1d95'
'e5cf26e2-19f8-4580-bd8f-2d29f4d648b4','1 line index for Harris 1992','2018-02-07 16:13:16.431748+00','2018-04-07 17:26:22.178127+00','744aa8a6-3f25-42fd-ac2b-6810b19ea5fa'
'e084ae9f-5bfb-4261-bdda-f1046e574df3','1 line index for Jasper 1968','2018-02-07 16:13:55.167476+00','2018-04-07 19:35:58.760704+00','b38ecaec-d5e7-471a-a6e3-b42484b9c941'
'18d76b6c-1923-4609-b5b9-5648fc29e06c','2 Line indexes for Harris 1979','2018-02-07 16:15:56.765717+00','2018-04-07 19:55:15.523912+00','fd4e9209-e6c0-40c4-829c-9ceab4ff64af'
'b341c943-c95f-4999-b36f-664de0c71055','1 line index for Potter 1959','2018-02-07 16:14:27.208982+00','2018-04-07 20:39:21.733306+00','eb009273-eacc-442c-98c1-be5c8367e274'
'f3bedf67-806c-4b4c-84b8-e1b4dc6bbc1c','1 Line index for Tarrant 1956','2018-02-07 16:14:55.532337+00','2018-04-07 20:43:39.732109+00','393f9cf8-e535-4da3-ba0a-cae7ba2caf8a'
'1a5302fd-f9eb-412d-8e24-92fa3ef9e55b','1 line index for Cameron 1077','2018-02-07 16:14:02.420867+00','2018-04-07 20:58:08.741497+00','fc2f2f31-36a4-4e16-abd5-e08188c5b609'
'7ed093c9-934c-426c-87c1-04d63e56a1f8','2 line indexes for Tarrant 1964','2018-02-07 16:14:50.690088+00','2018-04-07 23:23:53.391271+00','f34381f7-8f88-4bc0-8e99-18d9d789095a'
'ed03cde2-8e32-4fb8-b11c-d4ef24b57306','Collection has line index in Edwards box, not yet scanned','2018-02-07 16:17:08.093385+00','2018-06-29 18:52:13.869275+00','931a2b5c-d5a5-44a1-8fac-43b944be23ae'
'a136b94e-69e7-40b0-b40e-a577cd9e7165','','2018-02-07 16:17:54.408376+00','2018-02-07 16:17:54.40836+00','1177fe56-eae2-49a9-89a9-9905e75564e2'
'e70c6c14-bf70-404a-8a16-f37cfc9eb5e0','','2018-02-07 16:18:21.390165+00','2018-02-07 16:18:21.390148+00','7abed321-25b9-4c60-833b-7bed31340df1'
'7dedf90d-d75c-4d64-a96c-42136a705c80','','2018-02-07 16:18:37.735887+00','2018-02-07 16:18:37.73587+00','98c85465-ed16-4713-b92f-be1f054ecef4'
'6f7746ad-29d1-4ce5-a3b3-1b589892d51e','','2018-02-07 16:18:42.145042+00','2018-02-07 16:18:42.145033+00','f4dd3b51-f071-47c6-974e-fbe0c1559d11'
'503ea74d-8248-483d-bfb7-c4ab832b6b34','','2018-02-07 16:18:43.061422+00','2018-02-07 16:18:43.061414+00','95060813-fc6e-436e-a54c-eed6bed72b38'
'b9ae0651-e1b6-4c8c-ba03-bd9c38fb9e50','','2018-02-07 16:18:46.112395+00','2018-02-07 16:18:46.112384+00','0bc68ae7-8091-4b2e-808d-e90494aaf0ab'
'9fd2a065-a2a6-4975-91aa-0ecb0a59ee51','','2018-02-07 16:18:50.012651+00','2018-02-07 16:18:50.012633+00','3f17e7b3-291d-4899-b973-fc4cd47d29c4'
'23843d34-c374-41cf-9a7e-745b824be710','','2018-02-07 16:18:50.429206+00','2018-02-07 16:18:50.429197+00','5da6ff8b-31e1-4b9f-968f-15960efd11c5'
'167f4b1f-c2a5-4198-9544-d4fe9a0264ba','','2018-02-07 16:18:52.134919+00','2018-02-07 16:18:52.134901+00','556cae87-d973-4a70-b01c-614749f5cbf7'
'7da2cf20-2e0f-4b30-bf63-6cef3a237aa7','','2018-02-07 16:18:53.053392+00','2018-02-07 16:18:53.053375+00','e7614ea3-acdc-46b1-bca3-5ba1b9414c4d'
'52b72b95-d5c4-4e3e-84cf-a906680425e9','','2018-02-07 16:19:02.120239+00','2018-02-07 16:19:02.120218+00','f2deed1c-3010-4b06-a0fb-8c717271fdaa'
'4c75d88d-76c0-4835-958e-e8ad67cc08d7','','2018-02-07 16:19:03.03698+00','2018-02-07 16:19:03.036956+00','681c8617-fb37-4e09-b095-819ee5352c4a'
'c30abbcf-6d2a-440c-b7a7-13918e5baf7d','','2018-02-07 16:19:03.546999+00','2018-02-07 16:19:03.546981+00','ca5d3d99-40f4-4f4b-8f6d-072ec933514a'
'614457f5-18f5-4ace-8691-cdf5ba130e52','','2018-02-07 16:19:09.450743+00','2018-02-07 16:19:09.450735+00','8ae214f9-89c9-4045-a0eb-1e595fa2d0e4'
'74ba79e5-4286-4f9f-93eb-7e1d60c6cb79','','2018-02-07 16:19:10.744078+00','2018-02-07 16:19:10.744061+00','bf392e65-4cba-41c9-82f8-21a354430b28'
'2eb6012a-2843-4380-ae56-439b18e29f10','','2018-02-07 16:19:15.572716+00','2018-02-07 16:19:15.572698+00','add87959-dffb-47e9-a35a-f00d0e147b02'
'd00ef605-6e12-40bb-b6e3-6ecaa2bd67cb','','2018-02-07 16:19:24.486643+00','2018-02-07 16:19:24.486635+00','5195bc78-0358-4359-b2a5-3b0f53b74a72'
'c2a848f5-50b6-4272-890b-6933f614a90b','','2018-02-07 16:19:25.179963+00','2018-02-07 16:19:25.179955+00','b99696a2-6509-4fbe-8f65-3d30779d3d2d'
'14daa697-c0b1-44fc-a5bc-980527f3f6cd','','2018-02-07 16:19:25.875005+00','2018-02-07 16:19:25.874997+00','0d7f3879-7648-431b-ac88-cfa0c0796823'
'49bd179f-a055-48d1-9c10-e3cb1bb49ca8','','2018-02-07 16:19:31.795369+00','2018-02-07 16:19:31.795361+00','6215d500-3643-404f-ba63-e1f2a400719a'
'115c4b0f-3f6a-4c55-8b04-e71bd045b4e3','','2018-02-07 16:19:37.640883+00','2018-02-07 16:19:37.640874+00','019f4c0c-ce7a-4f9d-a4c0-761fd33f2d54'
'a4903adf-5047-4a29-b80c-ffe3a1aca528','','2018-02-07 16:19:40.57862+00','2018-02-07 16:19:40.578601+00','abd2ff7e-e89c-4ff0-90d4-2b1ce3cb56c0'
'af6ac7a0-348e-4ba3-be6c-36b22636f521','','2018-02-07 16:19:52.256671+00','2018-02-07 16:19:52.256662+00','9e7861be-eca9-4086-a276-c8b7a8273740'
'1a9438f9-1a13-4ab9-837c-ca3933c6bc9d','','2018-02-07 16:19:53.59662+00','2018-02-07 16:19:53.596603+00','20e15005-9736-4f22-a325-3079aca31e90'
'1a199f4d-a600-445a-96c7-204628a0404a','','2018-02-07 16:19:54.642858+00','2018-02-07 16:19:54.64285+00','8deb34ec-cc64-44f0-9895-1423b8d361db'
'6fb8fc5b-86fb-4460-8def-ab9012344215','','2018-02-07 16:19:56.213135+00','2018-02-07 16:19:56.213127+00','4c36bf9c-00f0-4093-8344-8655454e22fa'
'57a77395-599f-49ba-a27d-bae374b2a203','','2018-02-07 16:19:56.879959+00','2018-02-07 16:19:56.879945+00','932a0f4c-615e-40b2-abe6-6bab6961bf24'
'04cc59ec-4334-4d45-9c87-44b8c15da9b1','','2018-02-07 16:19:57.895144+00','2018-02-07 16:19:57.895126+00','e492e2f5-f205-4708-a8b3-0e35e2d7e81b'
'b8a7de4d-bb0f-4da6-a564-2c4efc0fc3e2','','2018-02-07 16:19:59.403378+00','2018-02-07 16:19:59.403369+00','af6c8225-a8fb-4ed1-8dd7-5f46afaaa785'
'd03cb8d4-f1be-4907-a742-6f329d5f0564','','2018-02-07 16:19:59.88553+00','2018-02-07 16:19:59.885521+00','e9d8c01e-ccbf-4382-87c6-9d8273af971e'
'df4b750b-cc93-41c7-a843-8672c3454b83','','2018-02-07 16:20:03.544518+00','2018-02-07 16:20:03.54451+00','5ffdb460-7908-44b0-b3ab-5086357e56e1'
'1ce42ff0-bcf7-4ba4-b0eb-c2c876a05d5f','','2018-02-07 16:20:06.194806+00','2018-02-07 16:20:06.194788+00','ee8e7df4-5265-4d9a-82c4-6b4fba885e5e'
'92c08d37-56f0-4783-a933-9b17ecafafa7','','2018-02-07 16:20:15.899983+00','2018-02-07 16:20:15.899951+00','f8cba740-2e1f-490a-8cf3-ad71bf661fbf'
'cd45eaee-ed12-48c8-a9a1-0f6ebe4d12d4','','2018-02-07 16:20:16.303995+00','2018-02-07 16:20:16.303977+00','8a4cb3a6-37f8-46f8-831f-702378884565'
'89f8e906-8e6e-4816-9db8-c0c15b6f8b47','','2018-02-07 16:20:16.890644+00','2018-02-07 16:20:16.890625+00','b220bde5-ed35-48a0-b156-be917d4d8153'
'8b7b61a6-045c-40e9-b539-d35ef51d8905','','2018-02-07 16:20:19.377984+00','2018-02-07 16:20:19.377976+00','a7c97c7f-df94-47c1-a18c-7f16dc4c1d3a'
'e182fb15-de72-404a-ac98-ec832a5c30e5','','2018-02-07 16:20:19.864597+00','2018-02-07 16:20:19.864579+00','500a57ab-8154-436e-8f48-4e15717f9cc5'
'd5eb9a32-30f3-4cb3-806d-ea8ec0f377b0','','2018-02-07 16:20:22.830782+00','2018-02-07 16:20:22.830773+00','54fcbe9e-ff43-495c-b524-6128218b7d1d'
'0f485d55-b7a7-4518-b80b-d6399bb2ec14','','2018-02-07 16:20:28.772571+00','2018-02-07 16:20:28.772553+00','3d41f04a-7bb1-4e10-9123-f0fa363b4a5e'
'1ff004ba-810a-4617-a622-9b82f8416994','','2018-02-07 16:20:29.173716+00','2018-02-07 16:20:29.173699+00','6f62ad2a-fa39-48d4-8d83-8891f9377bbc'
'd0800733-0441-401f-be68-81253f014517','','2018-02-07 16:20:29.575391+00','2018-02-07 16:20:29.575373+00','d1b5b195-98ab-4b58-96e2-ae2120583ce2'
'84b37885-09fd-44aa-a0b1-26dca49b095d','','2018-02-07 16:20:31.656806+00','2018-02-07 16:20:31.656797+00','1b137aca-0b52-4682-872a-4843347a007f'
'34c34cbb-d860-4b87-aca1-dab4c3ed071e','','2018-02-07 16:20:32.753105+00','2018-02-07 16:20:32.753087+00','cc1facb8-7b25-4e08-87ae-83b45862ed4b'
'9942a2a5-1319-4d34-b1ee-2c890225a926','','2018-02-07 16:20:35.14611+00','2018-02-07 16:20:35.146091+00','6804a6ac-45fa-452b-9f8c-9bd9f0bd68f9'
'b51f172e-7057-4e6a-a82b-18bb596357f8','','2018-02-07 16:20:38.365882+00','2018-02-07 16:20:38.365874+00','648e8393-b3fc-419f-acf4-9012f662574a'
'a03118d8-b07b-4998-912c-3b14a0fc9f05','','2018-02-07 16:20:38.847825+00','2018-02-07 16:20:38.847808+00','bba6c387-1e28-4f1e-ac42-38287a19f2b7'
'9b222b6d-e2f1-4404-8b5b-4dac7bdc568c','','2018-02-07 16:20:41.872139+00','2018-02-07 16:20:41.87213+00','b2b8c2b5-af51-4ad3-9a06-50705658de0e'
'ae559df9-cc92-4c7d-bdf7-dbc372f24b6b','','2018-02-07 16:20:44.844601+00','2018-02-07 16:20:44.844585+00','ca701ad0-2d64-4560-a834-bbce1930bb62'
'f535b48b-794a-4ba8-a83e-31c815a96aaf','','2018-02-07 16:20:48.04803+00','2018-02-07 16:20:48.048012+00','d700abb8-dc01-4245-8ecc-a7254bf71032'
'4db97eb2-4e88-4b7e-b359-a6ea649643e3','','2018-02-07 16:20:53.144917+00','2018-02-07 16:20:53.1449+00','8e88021f-69e7-4237-8287-f58b67b9a48f'
'5a725bdd-cf34-4064-a2f6-3e3f54a8f336','','2018-02-07 16:20:56.149732+00','2018-02-07 16:20:56.149714+00','29222d51-c989-4dee-a9ba-e949f2c31094'
'8f392383-0312-4255-b7e0-e94d91a5be0a','','2018-02-07 16:20:58.606927+00','2018-02-07 16:20:58.606918+00','a39a6af6-83c0-4627-88ee-98a40b2564d5'
'20ba545f-43aa-45d2-a059-a0890a4a2161','','2018-02-07 16:21:01.076195+00','2018-02-07 16:21:01.076186+00','5ee47496-8c86-4edf-8f11-95f3f9bc341d'
'17e818fd-4c6b-446a-84b8-206269cfe1de','','2018-02-07 16:21:02.397257+00','2018-02-07 16:21:02.39724+00','3f105bdc-eabd-441e-99d6-9d8a4199e022'
'0df3a93c-c472-446d-a828-dd1573ba8a6c','','2018-02-07 16:21:02.806503+00','2018-02-07 16:21:02.806485+00','5dcfd1c4-3cc2-4d22-8905-cc91eb93aa96'
'a25250c4-605a-4f14-82c4-c549e90bcdc0','','2018-02-07 16:21:03.213346+00','2018-02-07 16:21:03.213329+00','ac96c44c-97fd-438c-a816-69feedfc33ad'
'f7005740-2bcc-40ee-9ca4-32f19a165826','','2018-02-07 16:21:04.795832+00','2018-02-07 16:21:04.795822+00','721ea36e-30e6-43a7-937d-1230604fe58a'
'13f5da36-42a4-4e16-a3d4-0e2b45f83069','','2018-02-07 16:21:07.263671+00','2018-02-07 16:21:07.263654+00','3775c1bd-baa8-4d65-8d59-d7c131da9a9a'
'5f85d70a-9ffb-42f0-94a3-d127b1d113a7','','2018-02-07 16:21:07.66488+00','2018-02-07 16:21:07.664848+00','969cb5c9-ef60-4f5f-abe7-8f9366cbe9e2'
'18249f72-89d6-49e5-8717-8ba4f7ea5301','','2018-02-07 16:21:08.067233+00','2018-02-07 16:21:08.067216+00','8c0a11c9-d723-479f-b9aa-f4ec1ac16e94'
'4afcac6f-bee1-4bcb-81cc-c2a97dd995e7','','2018-02-07 16:21:09.277766+00','2018-02-07 16:21:09.277758+00','0c6666ae-5953-4cad-ba2e-b9712785d6d7'
'd5b38456-3cef-4c64-ba3a-63a39d1891c5','','2018-02-07 16:21:11.370871+00','2018-02-07 16:21:11.370854+00','2cc5e01d-9845-44e2-8776-960064a6dab4'
'e1307634-6b75-4abc-b554-fe59b670235b','','2018-02-07 16:21:13.789196+00','2018-02-07 16:21:13.789179+00','01af2560-4f24-412e-82a8-3689944d1df2'
'55aefca6-1394-49bc-b698-2be3421043f2','','2018-02-07 16:21:14.193478+00','2018-02-07 16:21:14.193436+00','fca550aa-3263-4c49-8947-ab2a04aaa966'
'0fe48a13-78a3-4398-9e3e-ad5038515f33','','2018-02-07 16:21:15.450114+00','2018-02-07 16:21:15.450097+00','0cc94aca-18d1-4be1-8723-38cdc76a8acf'
'd1961b9b-6a2d-4dfe-add3-e8755ac3999d','','2018-02-07 16:21:19.510649+00','2018-02-07 16:21:19.51063+00','9ff1bd83-01b9-47f5-8864-10edd0748883'
'a62f9ce2-624e-4e54-9824-c5d4d5094bda','','2018-02-07 16:21:23.324055+00','2018-02-07 16:21:23.324046+00','c4db9883-f121-402e-a274-cd53d371960c'
'8908a01e-9052-4704-a2dd-642df3ef6a56','','2018-02-07 16:21:24.667301+00','2018-02-07 16:21:24.667284+00','b199728f-af34-4b95-ac7a-4416ab3d2253'
'8413d5e4-3444-4586-87c8-99d88d88ee54','','2018-02-07 16:21:26.086974+00','2018-02-07 16:21:26.086965+00','c4bf43cd-1feb-4b06-8172-4165e82d04d7'
'ce7a0c30-e6d0-4316-9aa7-45875a52c37e','','2018-02-07 16:21:28.443367+00','2018-02-07 16:21:28.443359+00','cadce9b4-2236-4849-bbe7-b5f91c9e99c5'
'98346bc3-a662-4f92-806f-622f08838467','','2018-02-07 16:21:33.659618+00','2018-02-07 16:21:33.659599+00','c4a36d90-3b9a-40fe-9bd9-94fb9acc1ed0'
'9df64dc8-23c6-4b7b-98cd-d5bc47b86173','','2018-02-07 16:21:38.404077+00','2018-02-07 16:21:38.40406+00','cb36ee19-213f-49cf-a789-ce6ece258dcd'
'3f7ae6c5-b949-42fc-9858-1487cb03c8bc','','2018-02-07 16:21:39.53584+00','2018-02-07 16:21:39.535821+00','566d2d87-f1d6-4b5d-8605-b034c0d44412'
'd5c51d9e-ca5b-4c79-bab7-88796cfc3ea5','','2018-02-07 16:21:39.941116+00','2018-02-07 16:21:39.941098+00','ce2a2ac2-4999-4f53-9957-cc9865a54a6d'
'7c748367-94a2-452a-ad35-228b2979f851','','2018-02-07 16:21:40.353141+00','2018-02-07 16:21:40.353124+00','c3478972-8b6f-4a02-ab44-6fc8fec204a2'
'd77888d9-0042-43ce-be70-efb67f079bc3','','2018-02-07 16:21:40.755452+00','2018-02-07 16:21:40.755406+00','6cede430-3f29-477f-9242-057f0059bd94'
'b984bbfd-39dd-4a3a-bea9-5a6da5329884','','2018-02-07 16:21:41.924545+00','2018-02-07 16:21:41.924528+00','69262b0a-ca6b-488d-ab88-efe394dbd1dd'
'506d1189-eedb-4a90-9684-b538e5efbdda','','2018-02-07 16:21:42.849569+00','2018-02-07 16:21:42.84955+00','f27ad861-f770-4684-ba6d-34bfc93032ce'
'96995589-e007-4b97-a90c-245533d9d522','','2018-02-07 16:21:43.293465+00','2018-02-07 16:21:43.293449+00','027f692b-ca19-46e0-8ecf-940680169e13'
'bf197a16-1225-4c46-ba6f-9eab15705da8','','2018-02-07 16:21:44.339946+00','2018-02-07 16:21:44.339927+00','a45714ef-514d-4fc5-9039-92066a861793'
'f1c76b31-b0c8-4db3-ad03-6dc9040fddc5','','2018-02-07 16:21:44.744017+00','2018-02-07 16:21:44.74401+00','740b202f-3fd7-45bc-91ac-94871a18a258'
'cdd5437e-58a2-41a2-82f5-1b55bb7805bc','','2018-02-07 16:21:45.952173+00','2018-02-07 16:21:45.952156+00','8e46955c-d415-42f4-9389-52464dfc5d78'
'e0c399e7-256b-48cf-a7d5-75a5e79899a0','','2018-02-07 16:21:46.360649+00','2018-02-07 16:21:46.360629+00','e4f3d9c6-be92-4c74-951b-97e13936c418'
'8e424333-df27-4d53-a69b-a7931d66f312','','2018-02-07 16:21:47.123975+00','2018-02-07 16:21:47.123958+00','4b7fb067-6918-417e-960f-5af9a9ed908d'
'395ef11d-769e-40f4-8765-2adebd2749d2','','2018-02-07 16:21:47.568262+00','2018-02-07 16:21:47.568244+00','afdaa277-d361-4d23-a36c-61da75f019a0'
'ac43fc9b-7f18-4c02-b1d9-14f4fc1f1b4a','','2018-02-07 16:21:50.936648+00','2018-02-07 16:21:50.93663+00','b1fc6e5b-2f22-4ca0-a316-f79eebbe7454'
'9559654a-fdf6-40ce-8539-f15bc6a122d1','','2018-02-07 16:21:54.839378+00','2018-02-07 16:21:54.83936+00','22b1b9b0-9e82-4e6c-9d44-b425b9420c1d'
'e28cb7d3-ebfe-4d69-a872-08230ffb4883','','2018-02-07 16:21:55.925201+00','2018-02-07 16:21:55.925183+00','90c4efd4-ea44-4ba8-a9dc-45d662f185f8'
'55df869c-91db-46b9-b300-61438f943c9d','','2018-02-07 16:21:56.328642+00','2018-02-07 16:21:56.328624+00','757b6879-4813-4547-b500-7bda19d4074c'
'c9b33105-5358-43cf-a0b2-5ffbc9529635','','2018-02-07 16:21:57.099719+00','2018-02-07 16:21:57.099702+00','63cf9a6c-c7f3-46f6-b5ee-336fa4c90151'
'9132069a-ee06-4954-8671-dd7091baeb2d','','2018-02-07 16:21:57.50501+00','2018-02-07 16:21:57.504993+00','d40ea992-3c3c-4a3a-b2e0-38abf521c3aa'
'9ea7d34f-ce95-4a85-8296-5a91644ef8de','','2018-02-07 16:21:59.177917+00','2018-02-07 16:21:59.177897+00','feada9a4-7d53-40a3-8980-285ad137ff57'
'3f43173c-9047-479f-a9ee-5d4b8689fdd2','','2018-02-07 16:21:59.942888+00','2018-02-07 16:21:59.942843+00','7b2ea27c-ea2f-4a3e-aaa2-7f6f1b66af52'
'b613122a-de9d-42ee-866a-0cb6b3e8bd60','Line index for 1967','2018-02-07 16:19:19.87073+00','2018-04-07 15:42:55.638081+00','d7a51784-a51f-4f13-9be7-b99bd3f5c43a'
'272ad857-bd22-4b4a-9fa5-328dd2cf6375','1 line index for Moore 1967','2018-02-07 16:19:19.187125+00','2018-04-07 18:41:29.640964+00','0cf0f9a5-1ec9-4470-ae25-a8ad10a86b61'
'2f41c816-e2ee-4dfc-a741-ecf3917c90eb','1 line index for Lubbock 1983','2018-02-07 16:20:33.683846+00','2018-04-07 18:52:47.39152+00','9247bbdc-41e4-4c75-bee0-b26685366929'
'6b257524-ffd7-4b06-80ba-d66279b5de53','2 line indexes for Dallas 1958','2018-02-07 16:20:49.873125+00','2018-04-07 23:55:10.165923+00','f72950bd-e5aa-430e-a31f-3b3dcff805ab'
'a91bff5a-cee6-4e0b-9973-99c2c05bbe3c','1 line index for Cline Texas, not yet scanned','2018-02-07 16:19:47.866766+00','2018-06-11 20:42:29.417178+00','1b98b279-a4fb-41b6-8fec-12fadb0d3615'
'9c5ece90-f2b6-42f4-92d9-cfc4babb2976','Has line index, index has not yet been scanned','2018-02-07 16:21:54.437659+00','2018-06-11 20:59:46.299293+00','9dcbeac4-3fa6-4ce3-b69f-f9afa2a5284c'
'46ec0521-0c9b-4848-a3c7-ca7e403d0070','collection has line index, not yet scanned.','2018-02-07 16:21:48.272102+00','2018-06-27 18:11:54.288+00','c15161b1-1825-45ef-addf-7db4a89a2e9e'
'7607c03e-e72e-4c15-89e7-6228cbf890f0','Collection has line index in box','2018-02-07 16:21:31.955862+00','2018-06-29 14:00:21.739341+00','8a2926b0-b298-4b34-9565-50a188a86e5e'
'6400a614-cd5c-47e8-a44b-7790835218ce','','2018-02-07 16:22:00.348895+00','2018-02-07 16:22:00.348878+00','d5077e7c-673b-4438-84c9-b6cab5cff214'
'a106f6cb-87c5-4c47-ae8a-20b781b6f26f','','2018-02-07 16:22:02.658204+00','2018-02-07 16:22:02.658159+00','e920832e-d449-48dd-824d-5c731cf9ae3b'
'6e051f41-bf38-4dba-926c-914312b04d8a','','2018-02-07 16:22:03.795032+00','2018-02-07 16:22:03.795014+00','ba38a7d1-c7e1-4656-8de3-62aa55674709'
'698d2bd1-ec36-4a00-81ef-ffb7ea51929f','','2018-02-07 16:22:04.605402+00','2018-02-07 16:22:04.605394+00','148dbdb0-f645-4b7f-9d33-a344da03b3e3'
'b239ebc4-6222-4920-8820-e0f8a47f16fd','','2018-02-07 16:22:06.185129+00','2018-02-07 16:22:06.185111+00','a753346a-ac9b-4059-ac9f-bf23f7405afb'
'938d00d3-99ff-4118-983b-104ff3987b9d','','2018-02-07 16:22:08.463115+00','2018-02-07 16:22:08.463098+00','bddfdf94-0336-45fb-852a-ccd007199ef4'
'929fbf03-55f2-43ec-a7c5-467f257c9df2','','2018-02-07 16:22:08.864433+00','2018-02-07 16:22:08.864426+00','056f787d-10d3-4eda-b684-9ee3a677bc03'
'79f9c58a-2ec4-415d-bb38-38d029332919','','2018-02-07 16:22:09.671672+00','2018-02-07 16:22:09.671654+00','0250ca04-77cc-430d-b471-be6fa07a4d95'
'792a3250-899b-4080-897d-e4ca9cbb1173','','2018-02-07 16:22:11.122377+00','2018-02-07 16:22:11.122368+00','793f6583-6e6a-407c-b3ab-2526834a6394'
'de648bcb-018f-4b7c-9d2a-094e6cd84c32','','2018-02-07 16:22:12.296421+00','2018-02-07 16:22:12.296413+00','45520f04-1530-4313-8f5b-bce895cf24fa'
'da3ce483-4d90-4e3c-b877-ed98399328d6','','2018-02-07 16:22:13.269091+00','2018-02-07 16:22:13.269082+00','24abc224-ac7f-4810-93ae-d9e687e61cd5'
'9ccfd12a-6aca-48b8-968f-6ab100f98a2a','','2018-02-07 16:22:19.446855+00','2018-02-07 16:22:19.446838+00','647d4faf-1014-4730-8171-44aa34d7da3a'
'2e852956-a128-4ee8-88fd-b209423f5f6c','','2018-02-07 16:22:20.96538+00','2018-02-07 16:22:20.965362+00','58115a6a-261e-4197-82de-e3e9fa5fc6ca'
'2f02c480-812e-42a1-b31d-2748c18926b6','','2018-02-07 16:22:26.428481+00','2018-02-07 16:22:26.428464+00','a8e81b81-bf28-40f3-8508-1674d62f4005'
'fa95b0b8-abf0-4f0c-8723-7c132c78a12e','','2018-02-07 16:22:29.941391+00','2018-02-07 16:22:29.941373+00','9df27b69-fcd7-4325-b5ab-283e977143a7'
'652738ac-d264-444f-adb0-59ed21c0dabc','','2018-02-07 16:22:35.051179+00','2018-02-07 16:22:35.051171+00','511bb1ee-ea66-44d9-bdd6-e5972a82ad63'
'2a24247b-54ae-4499-ad6b-33f79b95b7ee','','2018-02-07 16:22:36.021916+00','2018-02-07 16:22:36.021898+00','ad8d65b4-5ec7-4650-ac5a-82c5fc6e737b'
'530a2618-0b7d-4eab-9b3e-70689434a66d','','2018-02-07 16:22:38.929288+00','2018-02-07 16:22:38.92928+00','bcccb21e-ea4e-4d6b-9a87-c7be3e3c90ae'
'13d871e2-2277-43ec-8f60-3dff716a051e','','2018-02-07 16:22:43.072915+00','2018-02-07 16:22:43.072906+00','e7dfac88-2a24-46a0-89ca-70aa215d728a'
'ac08a59b-92f5-4b75-81ff-620dfaaa8997','','2018-02-07 16:22:44.859287+00','2018-02-07 16:22:44.859269+00','1b6719bf-bc59-4068-8838-af1b796a3911'
'e9b074f3-8f46-4298-9ed3-7f74b8f5479b','','2018-02-07 16:22:49.824499+00','2018-02-07 16:22:49.824491+00','7b58e133-e96b-43a0-8df9-16c72b368b6f'
'31473991-31a6-40ca-a446-a5d7ad844ee3','','2018-02-07 16:22:55.60134+00','2018-02-07 16:22:55.601331+00','475f6dcb-e99b-4ebe-ad3b-48c3b7e4da7f'
'6672231c-4403-4e54-9d9d-565536c61378','','2018-02-07 16:23:05.477708+00','2018-02-07 16:23:05.4777+00','396fe9c2-ec0c-48e8-8992-fe51e02d3d0a'
'cc9f38c5-5011-4fbe-9827-582a64ca870d','','2018-02-07 16:23:18.427817+00','2018-02-07 16:23:18.427808+00','9e3a14a9-a482-4e89-b30a-811c9e1fd1c4'
'd470f1dc-07a1-471d-84a2-9780017c71fe','','2018-02-07 16:23:18.952876+00','2018-02-07 16:23:18.952858+00','1cc3867c-d8ee-4b6a-a416-50a850c3c35e'
'8800e2fd-84d7-47a8-bcc2-9fb7306af8bb','','2018-02-07 16:23:21.357274+00','2018-02-07 16:23:21.357266+00','56490923-c080-4cff-8433-f50d4c08e71d'
'762caf8c-6379-41ee-b479-cf85a03d8893','','2018-02-07 16:23:28.87663+00','2018-02-07 16:23:28.876613+00','057dad51-5936-480a-b13d-167fa532237d'
'f0100050-8fda-4a27-989f-b78a3e5ed440','','2018-02-07 16:23:32.549139+00','2018-02-07 16:23:32.549109+00','0da5e660-55ee-4f26-8731-220eb1229174'
'1f313b9a-a285-4f9d-b1fd-94cea84c0bef','','2018-02-07 16:23:33.279948+00','2018-02-07 16:23:33.27993+00','8e9f4eda-18b3-4756-9b0d-f198164233ba'
'caf99663-3d4c-4ede-9cf0-00320aa709eb','','2018-02-07 16:23:36.044256+00','2018-02-07 16:23:36.044247+00','9755fdf2-4ed4-41bd-bcaf-e3c47be7e9cf'
'048fd18b-bdfc-4dd9-81b3-d340a8aebd74','','2018-02-07 16:23:37.383744+00','2018-02-07 16:23:37.383735+00','a7d1b2aa-d2c2-4375-84ae-11b76def0ad9'
'09d9e341-6fbf-4b0a-9e75-600e64994ff0','','2018-02-07 16:23:38.877634+00','2018-02-07 16:23:38.877626+00','50cc8bb0-8a15-4958-8e2b-8ceb401c9dcc'
'a10369e0-4aad-4b94-9236-9478cea6f4a4','','2018-02-07 16:23:51.226033+00','2018-02-07 16:23:51.226024+00','530ddf0c-7850-474d-8d03-862c650dfca6'
'2e440261-20cb-4dcc-857c-523b26bd7133','','2018-02-07 16:23:52.250565+00','2018-02-07 16:23:52.250545+00','4445bcb1-7967-49a6-9035-33d9b075bb4e'
'52adf137-cd4d-4936-9b93-40d60c537130','','2018-02-07 16:23:53.025984+00','2018-02-07 16:23:53.025966+00','531401f3-a091-4c4c-b198-1f2479be9181'
'98f27a67-3a13-4889-9478-07e75e248db0','','2018-02-07 16:23:55.677057+00','2018-02-07 16:23:55.677048+00','37d7f98f-f0a1-4451-abc4-aa251e65e85c'
'9d19e0ae-4a69-4d6b-8e27-500cebba1e1c','','2018-02-07 16:24:02.001758+00','2018-02-07 16:24:02.001741+00','f71c83d4-f78b-4552-81fc-ed7594db52f1'
'71f6d88a-2d1b-4f20-887d-e88cd361c1be','','2018-02-07 16:24:08.595108+00','2018-02-07 16:24:08.59509+00','d84dd28f-5cf6-4292-86fd-a7da5b86eef0'
'b9341f5f-eaa3-4b09-8f60-d5a6ea9f85d6','','2018-02-07 16:24:12.25217+00','2018-02-07 16:24:12.252153+00','8147d631-a29f-4d17-9681-72c48662492a'
'41e140b5-4d29-4a2d-acd5-9811128710bc','','2018-02-07 16:24:18.140857+00','2018-02-07 16:24:18.140849+00','d17fb155-c7bd-4583-9e68-70585b6db5f6'
'c6e3e006-8e65-4a05-9c94-0b7a8a5fd4ea','','2018-02-07 16:24:21.60008+00','2018-02-07 16:24:21.600073+00','66b67a0b-f5d1-4267-a51d-7311bd805cd6'
'1c04307a-85f5-4ea2-bb88-cffa754dc769','','2018-02-07 16:24:23.416252+00','2018-02-07 16:24:23.416234+00','c8184b58-86d6-4d71-bed2-3b4d98874fb4'
'd5e42a15-272c-442c-9ea3-75f42ec79f7b','','2018-02-07 16:24:28.878106+00','2018-02-07 16:24:28.878073+00','ccbc5b4e-3f08-44b9-82fe-425ff2f94e64'
'9fded92b-d652-4071-8358-467c496d8dc1','','2018-02-07 16:24:37.158651+00','2018-02-07 16:24:37.158633+00','a537e437-7640-403c-8798-717be3ce5783'
'6106baaa-b48a-4d7e-afe7-e1e1864a2c23','','2018-02-07 16:24:44.350107+00','2018-02-07 16:24:44.350098+00','f9445399-d381-422c-8d1a-41460d1dddee'
'3106cc34-0574-4ec7-a789-07bcd1b120e7','','2018-02-07 16:24:47.913646+00','2018-02-07 16:24:47.91363+00','78949041-5e09-4c2f-8c7b-be7998d46462'
'a8c26817-57b7-4e16-82b7-dbae77cc47a6','','2018-02-07 16:24:53.481817+00','2018-02-07 16:24:53.4818+00','77edee40-a897-452a-9736-c6a4409fc217'
'b062cdfc-1d5e-4893-84a5-b19c88209f56','','2018-02-07 16:24:53.886603+00','2018-02-07 16:24:53.886586+00','d9add502-3b8d-426c-8eec-d0e63bdc4d34'
'7b0e8f7d-1691-49ba-8d46-05e45d448c80','Q:\Historic_Images\GLO\Index\GLO_1979_Copano_Bay_East.tif','2018-04-04 18:16:45.651435+00','2018-04-04 18:16:45.651455+00','bf3cf7ca-486b-463f-afb3-91946f0cf543'
'6e8a6cc9-4a65-4fbf-92b1-54b716fe54b7','Q:\Historic_Images\GLO\Index\GLO_1978_Galveston_to_JamaicaBeach.tif','2018-04-04 17:02:30.893246+00','2018-04-04 18:29:53.499263+00','b4775378-3a6c-41b7-a2a1-99ec59cd0ca7'
'23badcf4-217c-4e68-8426-133d9c1b3f2a','Q:\Historic_Images\GLO\Index\GLO_1979_PortBay_CopanoBay.tif','2018-04-04 16:19:02.603297+00','2018-04-04 16:39:35.897725+00','68c63165-9340-4de8-8030-3779aa195b4c'
'79c95c6d-8d24-436f-a060-2b92b6b51242','Q:\Historic_Images\GLO\Index\GLO_1978_Tiki_Island.tif','2018-04-04 16:48:29.400895+00','2018-04-04 16:48:29.400915+00','acb6b1e7-9073-471f-8ab0-4757e7a2b3fd'
'e6c798c0-9073-4962-9cea-4e173ccc2311','Q:\Historic_Images\GLO\Index\GLO_1978_SanLuisPass_to_Seawall.tif','2018-04-04 16:56:07.616057+00','2018-04-04 16:56:07.616077+00','fdd1f3d4-e7b3-4098-9b89-113a6c80f03e'
'1c47490e-68a9-436e-af7e-647e0760c5ce','Q:\Historic_Images\GLO\Index\GLO_1977_Matagorda_Island.tif','2018-04-04 16:55:48.336006+00','2018-04-04 16:57:55.599157+00','6277717e-ba16-4b50-8034-985bcd8d5c1b'
'4909ccfc-5dc2-407c-8a31-b9b079b65a45','Q:\Historic_Images\GLO\Index\GLO_1979_Neches_River_Jetties.tif','2018-04-05 17:14:11.429143+00','2018-04-05 17:14:11.429163+00','816e8de1-0927-40f5-87d2-0c8c6988307f'
'4163806c-b23b-450f-b032-bd0e69c89b1f','Q:\Historic_Images\GLO\Index\GLO_1979_Bolivar_Penninsula.tif','2018-04-04 17:10:02.555712+00','2018-04-04 17:10:02.555732+00','816e8de1-0927-40f5-87d2-0c8c6988307f'
'830f57f7-5381-40c4-ae69-cb29e9801253','Q:\Historic_Images\GLO\Index\GLO_1979_Copano_Bay_Westside.tif','2018-04-04 18:19:56.842104+00','2018-04-04 18:19:56.842125+00','61c2ae45-fac5-4dc7-8db5-9a0c101f8d6f'
'c76067ba-6e7c-4d4d-8871-c019c7cadc5d','Q:\Historic_Images\GLO\Index\GLO_1979_Mustang_Island.tif','2018-04-04 17:19:52.110641+00','2018-04-04 17:19:52.110662+00','b24ab74e-bb68-45f2-ae7f-d24b7c35096d'
'82b9d6c9-aa48-40c0-8773-ca737a18dfdb','Q:\Historic_Images\GLO\Index\GLO_1978_AransasPass_RedfishCV.tif','2018-04-04 17:40:41.399088+00','2018-04-04 18:28:09.969918+00','2bcc6b2c-fc85-478f-8fed-2611a8495b46'
'19d88fd0-eae4-4764-aff6-e74d8c6efe9c','Q:\Historic_Images\GLO\Index\GLO_1981_Lavaca_Bay.tif','2018-04-04 17:50:20.397579+00','2018-04-04 17:50:20.397599+00','020e9f9d-fc3d-4dfe-9494-dd8c1817f691'
'ee5d9021-d3f3-4ae3-81e1-75093c7af113','Q:\Historic_Images\GLO\Index\GLO_1983_CC_Shoreline.tif','2018-04-04 17:55:39.83204+00','2018-04-04 17:55:39.832063+00','30871f6e-ca18-417d-8db5-e8ea1d8cdb4b'
'90d84a2e-5f9e-435f-98e9-150be80929fb','Q:\Historic_Images\GLO\Index\GLO_1978_Presidio.tif','2018-04-04 17:59:16.283944+00','2018-04-04 17:59:16.283965+00','0ba367dc-40ec-4f68-badd-9cff43b340fc'
'a26ea430-cdad-4ba6-bc8b-e02018de5eab','Q:\Historic_Images\GLO\Index\GLO_1979_Corpus_Christi.tif','2018-04-04 16:22:26.556348+00','2018-04-04 18:25:00.129467+00','5a1a2d7b-107b-400b-bbc3-946d7831e5ea'
'8454d127-2a66-41ef-a074-ff4a17f7e69a','Q:\Historic_Images\GLO\Index\GLO_1979_Flour_Bluff.tif','2018-04-04 18:12:06.597285+00','2018-04-04 18:12:06.597306+00','3245ed8d-ecaa-4b9f-854c-d51e8f24142d'
'cbf52d22-e206-4004-9abb-92bc2798e82b','Q:\Historic_Images\GLO\Index\GLO_1979_CrystalBeach_JohnsonBayou.tif','2018-02-07 16:15:59.840925+00','2018-04-04 18:13:48.110209+00','4b2fdf65-3b6c-44c9-a326-088c325a7bd5'
'72ac6ba0-3254-401f-b42c-6f30843aa870','Q:\Historic_Images\GLO\Index\GLO_1973_Laguna_Madre.tif','2018-04-04 18:13:48.113318+00','2018-04-04 18:13:48.113339+00','4b2fdf65-3b6c-44c9-a326-088c325a7bd5'
'eb8ab234-471a-41ce-aaea-1f62fc34a9ff','Q:\Historic_Images\GLO\Index\GLO_Port_Alto.tif','2018-04-04 18:13:48.116336+00','2018-04-04 18:13:48.116355+00','4b2fdf65-3b6c-44c9-a326-088c325a7bd5'
'a97b14f5-d7b3-4aa2-9f1f-080975bea219','Q:\Historic_Images\GLO\Index\GLO_1979_Copano_Village.tif','2018-04-04 18:13:48.119072+00','2018-04-04 18:13:48.119092+00','4b2fdf65-3b6c-44c9-a326-088c325a7bd5'
'63cba5c0-21de-46ad-851e-ecb54cef30aa','Q:\Historic_Images\GLO\Index\GLO_1979_Copano_Bay_North.tif','2018-04-04 18:21:52.889659+00','2018-04-04 18:21:52.889679+00','3c174858-2033-432c-8c4b-6e715cf9fde4'
'be1fd2c3-627f-4704-9442-5fdd0ca99cd7','Q:\Historic_Images\GLO\Index\GLO_1978_San_Luis_Pass.tif','2018-04-04 16:59:38.322496+00','2018-04-04 18:23:56.586496+00','bfd6b5c9-3daa-48f1-9aec-8e4b66969b3d'
'7cbc060a-9def-4df6-b8fd-a48479472044','Q:\Historic_Images\GLO\Index\GLO_1978_Galveston_Island.tif','2018-04-04 18:23:56.589626+00','2018-04-04 18:23:56.589647+00','bfd6b5c9-3daa-48f1-9aec-8e4b66969b3d'
'757e42b9-69d0-4ed9-bef3-5774619f4d75','Q:\Historic_Images\GLO\Index\GLO_1979_Rockport_to_Ingleside.tif','2018-04-04 18:28:09.97227+00','2018-04-04 18:28:09.97229+00','2bcc6b2c-fc85-478f-8fed-2611a8495b46'
'accff4c0-9878-4001-b384-bc581aa9113e','Q:\Historic_Images\GLO\Index\GLO_1979_CC_to_NuecesDelta.tif','2018-04-04 18:25:00.132431+00','2018-04-04 18:25:00.132451+00','5a1a2d7b-107b-400b-bbc3-946d7831e5ea'
'ac1b36af-d892-4c2d-8f21-2359f6816c10','Q:\Historic_Images\GLO\Index\GLO_1979_Nueces_Bay.tif','2018-04-04 18:25:00.135256+00','2018-04-04 18:25:00.135276+00','5a1a2d7b-107b-400b-bbc3-946d7831e5ea'
'27badac8-f342-4827-968e-4c550810eac7','Q:\Historic_Images\GLO\Index\GLO_1978_Galveston_Freeport','2018-04-04 18:29:53.501564+00','2018-04-04 18:29:53.501585+00','b4775378-3a6c-41b7-a2a1-99ec59cd0ca7'
'd7c66141-04cb-4a1a-97bf-66439160f6cc','Q:\Historic_Images\GLO\Index\GLO_1978_BryansBeach_SanLuisPass.tif','2018-04-05 17:16:49.382562+00','2018-04-05 17:16:49.382582+00','bfd6b5c9-3daa-48f1-9aec-8e4b66969b3d'
'abea593f-3121-4731-a4e1-ee0c6d1ee27f','Line Index for 1967 FF','2018-02-07 16:22:10.07463+00','2018-04-07 15:44:21.806522+00','ac9ec050-78ca-4796-b88b-62054a6c118f'
'bd423cab-3819-4003-8fa8-0746bfbc595a','Q:\Historic_Images\GLO\Index\GLO_1979_Hynes_Bay/tif','2018-04-05 19:17:29.037681+00','2018-04-05 19:17:29.037701+00','0de02770-eda4-4541-9743-30e64012bc62'
'59afc59d-a2c1-470f-928c-ab7aaf64ce0b','Q:\Historic_Images\GLO\Index\GLO_1979_Tres_Palacios.tif','2018-04-05 19:14:14.609855+00','2018-04-05 19:14:14.609875+00','0de02770-eda4-4541-9743-30e64012bc62'
'8486fac5-aed6-4258-897a-8531b270fee9','Q:\Historic_Images\GLO\Index\GLO_1979_Turtle_Bay.tif','2018-04-05 19:18:35.985078+00','2018-04-05 19:18:35.985099+00','0de02770-eda4-4541-9743-30e64012bc62'
'95bfe0c7-62d4-4e8f-baab-0491b82f7933','Q:\Historic_Images\GLO\Index\GLO_1979_Keller_Bay.tif','2018-04-05 19:25:17.06068+00','2018-04-05 19:25:17.0607+00','0de02770-eda4-4541-9743-30e64012bc62'
'8883af61-c5f2-4e13-8683-a8e2293236d6','Q:\Historic_Images\GLO\Index\GLO_1978_Cedar_Lakes.tif','2018-04-05 19:28:26.393738+00','2018-04-05 19:28:26.393759+00','acb6b1e7-9073-471f-8ab0-4757e7a2b3fd'
'3022ab1e-eb3e-4484-97b7-901830162bb8','Q:\Historic_Images\GLO\Index\GLO_1979_San_Antonio_Bay.tif','2018-04-05 19:59:27.178001+00','2018-04-05 19:59:27.178021+00','bcf74cb1-e5c6-479e-863a-e7d0673c32d9'
'8824f247-32fd-4e82-a782-17f1247847b1','Q:\Historic_Images\GLO\Index\GLO_1979_Carancahua_Bay.tif','2018-04-05 20:04:54.892058+00','2018-04-05 20:04:54.892078+00','4b2fdf65-3b6c-44c9-a326-088c325a7bd5'
'be1db6f4-a146-425d-8c47-a816da32b1e5','Q:\Historic_Images\GLO\Index\GLO_1979_San_Antonio_Bay_Austwell.tif','2018-04-05 20:30:18.120646+00','2018-04-05 20:30:18.120681+00','bcf74cb1-e5c6-479e-863a-e7d0673c32d9'
'20c14c3f-3ea4-4096-bc81-b953e04e02e3','Q:\Historic_Images\GLO\Index\GLO_1977_Baffin_Bay.tif','2018-04-05 20:33:13.296357+00','2018-04-05 20:33:13.296377+00','5c49a2ce-9667-4a37-afb4-4c4676693554'
'c404494a-04b6-4edf-975b-28ed4fbcf3ea','Q:\Historic_Images\GLO\Index\GLO_1975_Port_Mansfield_Marina.tif','2018-04-05 20:39:00.224952+00','2018-04-05 20:39:00.224972+00','373d12c6-9b4c-43bf-9757-a94ca2034ce7'
'4f5dde26-744a-4d01-8230-c26e07063ada','2 sheets','2018-02-07 16:10:57.086066+00','2018-04-07 13:24:04.854935+00','21c5bb65-eb6a-4df1-baa9-b1f27cf79331'
'29eb3fe8-8f36-4dac-9652-3b3c54b7bc7b','Fannin County General Highway Map 1969','2018-04-07 13:48:33.747736+00','2018-04-07 13:48:33.747757+00','f77b1764-8ff7-4374-ab86-a0cc9145ac0e'
'8a6c7622-76d0-4bd2-bfe2-ecc328aeec6e','1 line index for Kaufman 1990','2018-04-07 14:20:18.823572+00','2018-04-07 14:20:18.823592+00','f8b5149d-fd85-4ed2-a3f6-3a924f9bc1d4'
'061fb901-4ea1-44b5-a94a-301a0edf73b2','1 line index for Live Oak','2018-04-07 20:34:38.262982+00','2018-04-07 20:34:38.263002+00','19d5e4a7-ba00-4369-b79d-db9e025ce1af'
'9061808c-29ea-4266-8b96-e8c2377f10c1','1 line index for the City of Dallas and its immediate surrounding suburbs from 1972. (Large frames)','2018-02-07 16:11:36.214753+00','2018-04-07 14:40:11.659095+00','741d43cc-57e7-4128-89f6-4efde991fb0f'
'5cc8aded-aae1-4e96-b865-fa553606555f','1 line index for Ellis County 1990','2018-04-07 14:46:12.720018+00','2018-04-07 14:46:12.720039+00','f8b5149d-fd85-4ed2-a3f6-3a924f9bc1d4'
'192f188f-70d9-4234-ac1e-62d455894cef','Line Index for USDA 1962','2018-02-07 16:19:51.763219+00','2018-04-07 14:57:46.563922+00','5e64f249-ee86-484a-a248-17a7b30591a6'
'5a254642-1bfb-4827-ac01-8407b3ac0610','1 line index for Dallas 1990','2018-04-07 14:55:39.604252+00','2018-04-07 14:55:39.604273+00','f8b5149d-fd85-4ed2-a3f6-3a924f9bc1d4'
'12fe096a-4850-4a41-8a80-8a346f8f09de','1 line index for Denton 1990','2018-04-07 15:01:14.199423+00','2018-04-07 15:01:14.199443+00','f8b5149d-fd85-4ed2-a3f6-3a924f9bc1d4'
'6cbfea98-591a-42d9-8590-7a6017d837e0','2 line indexs from 1969','2018-04-07 14:06:02.96699+00','2018-04-07 15:32:43.60744+00','bbfcd124-7b7b-47b5-9ad1-86e3e6c5e082'
'21cfdcde-a4df-4a86-9a17-79868b36fd6f','1 line index for Dallas 1984','2018-02-07 16:10:41.784308+00','2018-04-07 15:46:24.778748+00','cebd7a60-1e9d-46e4-9a92-3942fa964db2'
'4b5aebfe-97b9-4356-abb4-fb5d5434c2b3','Line index for 1972 FF','2018-04-07 15:46:03.745909+00','2018-04-07 15:46:03.74593+00','e36a50c1-8bef-45fd-bd5e-15ec6e0cd9b6'
'38693007-51d1-4faf-a3b4-ef686b597d55','1 line index for Burleson 1976','2018-04-07 15:59:36.814454+00','2018-04-07 15:59:36.814475+00','9a1a5234-c1cb-4c1e-b481-cbfb24fba30a'
'c231e429-1b06-45ac-abc4-f91af76eb195','Line index for TxDOT 1990 
Line index for Midland included','2018-02-07 16:14:09.148059+00','2018-04-07 16:01:19.191001+00','bd64f1fa-b2a7-4f6e-a429-ea0922ccc133'
'ba7045af-9f57-42de-a658-9dd5627a6d77','1 line index for Tom Green 1979','2018-02-07 16:13:37.134797+00','2018-04-07 16:10:12.472109+00','fc42f497-35a6-43b9-b5fe-97a9f8e4be29'
'efef56bf-b3b2-4f9b-ade1-c7e043d04ebe','1 line index for Maverick 1964','2018-04-07 20:38:29.827264+00','2018-04-07 20:38:29.827285+00','19d5e4a7-ba00-4369-b79d-db9e025ce1af'
'ff2215c4-c8b5-4528-9c19-ecf6c41d399d','1 line index for Hays 1964
1 line index for Real 1964
1 line index for Val Verde 1964
1 line index for Webb 1964','2018-02-07 16:08:27.538372+00','2018-04-07 16:27:05.930933+00','19d5e4a7-ba00-4369-b79d-db9e025ce1af'
'8050558a-6518-4767-b18c-12162b6696d4','2 line indexes for Webb 1989','2018-02-07 16:21:00.35109+00','2018-04-07 16:26:41.574159+00','84740d3a-07b4-43b4-8acc-a07b2b77a294'
'42d73577-689e-4c9c-b930-8e3ac94b3439','1 line index for Terrell 1964','2018-04-07 16:32:52.62685+00','2018-04-07 16:32:52.62687+00','19d5e4a7-ba00-4369-b79d-db9e025ce1af'
'a49a3057-cbb1-4a79-975a-5325de086390','2 line indexes for Throckmorton 1964','2018-04-07 16:32:52.628871+00','2018-04-07 16:32:52.628891+00','19d5e4a7-ba00-4369-b79d-db9e025ce1af'
'bb363d9b-2527-4314-a725-81f0f266aa7a','1 line index for Taylor 1964','2018-04-07 16:34:49.088065+00','2018-04-07 16:34:49.088086+00','19d5e4a7-ba00-4369-b79d-db9e025ce1af'
'0887bc46-4d67-4931-8c5f-93d5533a9dfa','1 line index for Harris 1989
Line indexes for Brazoria 1990, sheets 1&2 of 2
1 line index for Montgomery 1989','2018-02-07 16:13:01.728267+00','2018-04-07 16:37:03.279248+00','e13f4ca0-d917-4e1b-ba2f-d1d73f9fd02e'
'30079c97-9086-457f-95c4-f87102581ec5','3 line indexes for Jefferson 1969','2018-02-07 16:08:23.740043+00','2018-04-07 16:45:36.271792+00','20959ee6-588e-4a38-9244-3aadd4bac568'
'7e7b56d1-3b25-4732-a58e-4215a6da7b5e','2 line indexes for Collin 1951','2018-04-07 16:55:10.687729+00','2018-04-07 16:55:10.687749+00','d7f0d537-dbdc-47a9-ab22-726be7a0b9ae'
'07e0778e-e11d-416b-abf4-1221d475cd14','1 line index for Witchita 1961','2018-04-07 17:17:53.841628+00','2018-04-07 17:17:53.841648+00','b9a76143-f2c5-493d-a72f-2fec9ee56ff6'
'905582f8-6c7f-4baa-bcfa-c385467ddd0c','1 line index for Montgomery 1992','2018-04-07 17:26:22.180431+00','2018-04-07 17:26:22.180451+00','744aa8a6-3f25-42fd-ac2b-6810b19ea5fa'
'3bc4f8ab-c018-4bb4-8944-dcf10648d4b6','1 line index for Tom Green 1991','2018-02-07 16:09:01.90938+00','2018-04-07 18:19:40.225634+00','06b3d5d5-7e9d-461e-b4aa-da1d3cb84590'
'c59d198a-1015-4a0e-b979-36c35561f3b6','1 line index for Jefferson 1987','2018-04-07 18:32:23.509021+00','2018-04-07 18:32:23.50904+00','404a3a6c-c3a9-48bf-8d5b-01d065c74b9e'
'17cc1bd7-74e1-4567-a5a3-1aa097309575','1 line index for Franklin 1949','2018-04-07 18:47:09.442716+00','2018-04-07 18:47:09.442736+00','201709a1-cc2a-4a14-a649-3107329762da'
'5a8e4916-9799-46d1-886a-78692c1ea25b','1 line index for Ochiltree 1967','2018-04-07 18:55:58.871684+00','2018-04-07 18:55:58.871705+00','4325d78f-245a-4df0-b025-3255456c41ae'
'b6074e38-03f4-40cd-9bf3-df5a7a5eb13d','1 line index for Irion 1955','2018-04-07 19:10:19.119132+00','2018-04-07 19:10:19.119168+00','c6a4b6a3-9a9b-4d68-bf06-a8c3ce2cc4f3'
'2640b36b-42a8-46ad-9a6b-e87e91766d90','1 line index for Liberty 1992','2018-04-07 19:19:53.133963+00','2018-04-07 19:19:53.134003+00','744aa8a6-3f25-42fd-ac2b-6810b19ea5fa'
'96933a75-93bb-4ce2-bf9b-10769f361d91','Line index for Starr 1964','2018-04-07 19:33:52.162104+00','2018-04-07 19:33:52.162125+00','19d5e4a7-ba00-4369-b79d-db9e025ce1af'
'be31f46d-98a0-4e70-a8ac-6c560f5c88ca','1 line index for Smith 1990','2018-02-07 16:12:33.430337+00','2018-04-07 19:49:41.570725+00','36b33dbd-0879-41aa-a87f-507542479eb1'
'50d9dc19-7cb9-4cc0-bf00-b7f7f02d28c5','1 line index for Montgomery 1968','2018-02-07 16:17:23.762269+00','2018-04-07 20:06:03.962205+00','83142708-bf96-4f72-a229-7329c17848f4'
'93998243-50aa-4590-9a77-30449d2202d6','1 line index for Hidalgo 1964','2018-04-07 20:14:24.180863+00','2018-04-07 20:14:24.180883+00','19d5e4a7-ba00-4369-b79d-db9e025ce1af'
'a63c7287-7c68-4bed-ace5-9f887ed19cf0','1 line index for McMullen 1963','2018-04-07 20:20:16.692789+00','2018-04-07 20:20:16.69281+00','19d5e4a7-ba00-4369-b79d-db9e025ce1af'
'17515a1a-d264-47c0-8eee-bfcf272bb234','Line Index for Ector 1982
Line Index for Midland 1982','2018-02-07 16:11:17.891375+00','2018-04-07 20:16:38.207289+00','f54fc4c1-f453-4e98-ba3f-3256f3630a71'
'da7dd7e8-4de4-4672-99da-a01b6e3c2560','1 line index for Lampassas 1964','2018-04-07 20:22:18.721422+00','2018-04-07 20:22:18.721442+00','19d5e4a7-ba00-4369-b79d-db9e025ce1af'
'98e450ed-03b5-43a0-b48d-29882c46195d','2 line indexes for Kerr 1963','2018-04-07 20:23:44.696437+00','2018-04-07 20:23:44.696458+00','19d5e4a7-ba00-4369-b79d-db9e025ce1af'
'a51e96d3-c656-4d65-b346-4d658dd2d24c','1 line index for La Salle 1964','2018-04-07 20:26:37.061916+00','2018-04-07 20:26:37.061936+00','19d5e4a7-ba00-4369-b79d-db9e025ce1af'
'5f424751-846c-43f6-b001-7e030e094a3c','1 line index for Kimble 1964','2018-04-07 20:31:41.036354+00','2018-04-07 20:31:41.036388+00','19d5e4a7-ba00-4369-b79d-db9e025ce1af'
'a87ad646-aed1-4a68-87cf-0849de169c77','2 line indexes for Matagorda 1968','2018-02-07 16:11:42.976636+00','2018-04-07 20:39:55.875833+00','0683ecd2-fd8c-43c7-9acb-817c9b9bb693'
'c7608843-9ad5-4b85-b892-bebaac882230','1 line index for Llano 1964','2018-04-07 20:45:46.620058+00','2018-04-07 20:45:46.620079+00','19d5e4a7-ba00-4369-b79d-db9e025ce1af'
'7b1c003c-b2c6-4fd7-bbfa-d0911e48c8cf','Line index for Harris 1957','2018-04-07 20:50:39.556416+00','2018-04-07 20:50:39.556436+00','93265fa2-6642-4e6f-8078-a2c6642c0554'
'8c4cd8c8-319e-4a5a-b037-53a6d48c6127','1 line index for Montgomery 1984','2018-04-07 20:56:59.796293+00','2018-04-07 20:56:59.796314+00','b50fc728-97f7-428d-b459-942b02a4199b'
'a300b439-8b20-4c91-a74f-385a9d5cf4ae','1 line index for Bell 1985','2018-02-07 16:16:30.220392+00','2018-04-07 20:55:41.206995+00','d726447f-5dbd-43a7-a3a2-89c40fcbeed1'
'd9e461be-9748-4260-9965-0123b055102c','1 line index for Atascosa 1963','2018-04-07 21:05:01.291617+00','2018-04-07 21:05:01.291638+00','19d5e4a7-ba00-4369-b79d-db9e025ce1af'
'b86c7f54-1944-4dba-a3ed-a10fc3bead1d','1 line index for Tarrant 1990','2018-04-07 21:32:11.937299+00','2018-04-07 21:32:11.937319+00','f8b5149d-fd85-4ed2-a3f6-3a924f9bc1d4'
'097edad9-3157-4a3c-9dee-950251adc093','1 line index for Burnet 1980','2018-04-07 21:37:47.921195+00','2018-04-07 21:37:47.921215+00','82bf0615-17ef-4579-a815-7236e859f83f'
'5c54fe81-03ca-471c-8e30-2913bcc50467','1 line index for Dallas 1973','2018-02-07 16:10:08.714166+00','2018-04-07 21:39:17.699406+00','a7862ce2-de5f-4e10-96da-ab6f9931374d'
'e3c07967-f524-41d1-8f72-01b540da1915','1 line index for Randall 1967','2018-04-07 21:50:42.755779+00','2018-04-07 21:50:42.755799+00','254739c9-2bd5-4ea2-926b-11ab08711d1d'
'e5e5844b-d5c5-42bd-8c69-f6fb2e46c284','2 indexes for Potter 1967','2018-04-07 21:51:31.548364+00','2018-04-07 21:51:31.548384+00','1493a4b6-a703-4d05-9439-309932b91d82'
'8f8744c3-e227-4962-a3d5-ff2ddc063f90','1 index that includes both Potter and Randall counties 1967','2018-04-07 21:51:57.730391+00','2018-04-07 21:51:57.730411+00','1493a4b6-a703-4d05-9439-309932b91d82'
'45af96d5-2246-47f6-b6e3-93256e102235','2 sheet line index for Burnet 1964','2018-04-07 21:59:01.033662+00','2018-04-07 21:59:01.033682+00','19d5e4a7-ba00-4369-b79d-db9e025ce1af'
'34939689-af02-495a-a0a3-33e5c9a4ed38','2 sheet line index for Jim Wells 1964','2018-04-07 22:03:09.976996+00','2018-04-07 22:03:09.977016+00','19d5e4a7-ba00-4369-b79d-db9e025ce1af'
'c92924ce-cbc5-4774-b2a1-6f0c7fc24692','1 line index for Fort Bend 1989','2018-04-07 22:35:09.313013+00','2018-04-07 22:35:09.313034+00','b50fc728-97f7-428d-b459-942b02a4199b'
'f3e0404a-d91e-43fe-b9be-66610dfad7ea','1 line index for Fort Bend 1992','2018-04-07 22:40:23.175925+00','2018-04-07 22:40:23.175945+00','744aa8a6-3f25-42fd-ac2b-6810b19ea5fa'
'c72ac016-7cff-46c9-b614-533a5594344e','1 line index for Comal 1987','2018-02-07 16:18:17.100253+00','2018-04-07 22:55:38.060318+00','c62670c4-0bb2-4646-8252-7597cbd760d7'
'dccec2a0-c4a1-4763-af4c-14c47bc6a863','1 line index for Coleman 1957','2018-04-07 22:52:52.024193+00','2018-04-07 22:52:52.024214+00','702c52a6-db8c-4605-8908-59bb1205b925'
'783ca9bd-6569-4dfe-9ebf-ae4fd8e36928','1 line index for Travis 1993','2018-02-07 16:15:27.541176+00','2018-04-07 23:00:49.369813+00','b7debd18-44c1-47d8-903f-203fa53edd5f'
'7cc62d08-e74d-4b22-829a-54fd3f30e91a','1 line index for Crockett 1964','2018-04-07 23:00:12.437057+00','2018-04-07 23:00:12.437077+00','19d5e4a7-ba00-4369-b79d-db9e025ce1af'
'1a6d161d-8e50-4966-b2b9-36dc179fdd39','1 line index for Concho 1964','2018-04-07 23:26:39.112377+00','2018-04-07 23:26:39.112397+00','19d5e4a7-ba00-4369-b79d-db9e025ce1af'
'f6ff6e9d-b890-42cb-b946-322fa373856f','1 line index for Bosque 1965','2018-04-07 23:30:01.37346+00','2018-04-07 23:30:01.37348+00','f4eb40ff-68ca-4ba2-83ca-323a2f7bf139'
'8c49cbfe-aafd-4c2d-88a7-c050afafc25a','1 Line index for Hidalgo 1990, includes portions of Starr, Cameron and Willacy counties','2018-02-07 16:09:24.820224+00','2018-04-07 23:38:36.340668+00','019a5d86-3ff1-44b9-a325-1d571be091a0'
'ed377caa-2487-4224-a000-8b4be9fd4f0d','1 line index for Cameron 1989','2018-04-07 23:44:21.155181+00','2018-04-07 23:44:21.155216+00','385c3590-8aa7-45f7-b32a-cb5dae59ccbf'
'4e955589-bbcd-40b7-ba16-a9732d5794d1','1 line index for Galveston 1987','2018-04-08 00:02:36.012981+00','2018-04-08 00:02:36.013002+00','b50fc728-97f7-428d-b459-942b02a4199b'
'3ae3b905-8c05-4d89-a0f3-677769c06574','1 line index Mason 1964','2018-04-08 00:05:06.455191+00','2018-04-08 00:05:06.455211+00','19d5e4a7-ba00-4369-b79d-db9e025ce1af'
'3b6dc1c5-6dd5-4e66-9b43-c807e6953145','1 line index for Liberty 1988','2018-04-09 20:30:21.069552+00','2018-04-09 20:30:21.069572+00','e13f4ca0-d917-4e1b-ba2f-d1d73f9fd02e'
'836d1ab3-91f4-456d-a2a5-a23370a54696','Line index included in binder','2018-04-19 13:00:44.746584+00','2018-04-19 13:00:44.746604+00','e5a6578d-5aba-4b0b-80b1-6cec1c933d68'
'8a0a6a4a-54c6-41c7-a83b-c182799d8324','Line index refers to written frame number, does not match up with printed frame number.
Q:\Historic_Images\Harris\Index\TXDOT_1944.tif','2018-02-07 16:17:16.396514+00','2018-05-11 14:23:08.22268+00','26ade398-5db6-41e7-afec-f09b8e3f0a07'
'9ab61926-367f-4d3f-9263-0f84e4fe0b18','Collection has line index, not yet scanned.','2018-02-07 16:20:40.74229+00','2018-06-27 18:11:24.684271+00','cc91cbbc-2765-455e-89bd-98f09ce4273f'
'abc86c6b-3f20-4a8c-9dd6-b27e8e351aab','Has line index, not yet scanned.','2018-02-07 16:21:50.170777+00','2018-06-27 19:17:36.197451+00','0dd724ee-5dbc-4115-861d-59da421def38'
'8223c813-3133-4d5d-9091-a4cce52d58b8','Q:\Historic_Images\ElPaso\Index','2018-02-07 16:14:19.524525+00','2018-08-09 18:46:05.28448+00','66bbc6a4-2ebf-4974-a0f4-f4449b8455fb'
