"id","remarks","created","last_modified","collection_id"
"263cc1a0-ed4d-4f94-adf5-2b9f180b09f0","","2018-02-07 16:07:33.140118+00","2018-02-07 16:07:33.1401+00","a0eb3875-e031-4b40-a927-69889271bcfd"
"35edc772-5e13-4f37-9996-bdd2374ef1f5","","2018-02-07 16:07:33.791765+00","2018-02-07 16:07:33.791747+00","7859dc69-8a81-4a58-811c-eca89682cebf"
"61fd488e-8e2a-4a43-a53e-ae40fb2ee8cf","","2018-02-07 16:07:34.598237+00","2018-02-07 16:07:34.598221+00","716b4928-cac4-416f-baa5-f754be93263d"
"185356c3-1e50-48f1-b215-3099918362ce","","2018-02-07 16:07:35.320575+00","2018-02-07 16:07:35.320558+00","0967524f-5636-483d-a4a5-4df20f959d91"
"48658c1d-5cbb-4aaa-8149-b55281a6fc3c","","2018-02-07 16:07:36.486871+00","2018-02-07 16:07:36.486853+00","cbc1ea98-fa46-4ad7-bda2-3f3169b43db3"
"08ab1d4c-7535-4756-951f-81cdb065b2ab","","2018-02-07 16:07:40.17867+00","2018-02-07 16:07:40.178654+00","b676f7c6-85d3-473c-8c1f-a492f71d7142"
"dcc38ef1-380e-4085-873c-57154fd874c8","","2018-02-07 16:07:41.952821+00","2018-02-07 16:07:41.952804+00","c1492725-56c9-411e-95c9-37f676e7f070"
"d3c7947d-5b5a-4feb-b6fc-9f06f449e94b","","2018-02-07 16:07:43.150451+00","2018-02-07 16:07:43.150434+00","24ea6d70-d18d-4b26-83ec-787ff73aa6cc"
"b75bd215-f359-4830-add3-fcc53c63a91c","","2018-02-07 16:07:44.397931+00","2018-02-07 16:07:44.397914+00","eaf601a4-1d14-4505-b555-1960443b0a86"
"833f65cf-b583-44f2-9603-fdaf38f1e7bb","","2018-02-07 16:07:47.63648+00","2018-02-07 16:07:47.636463+00","f86a55c6-30b7-4ff4-a4a5-80b335d24d00"
"fb5830f6-c249-4997-8031-b4edbdb6e65e","","2018-02-07 16:07:49.306211+00","2018-02-07 16:07:49.306194+00","2059848a-145c-445c-8f0f-f66658bd8b50"
"52f89f3e-6d5a-4377-a22a-370fbefdea74","","2018-02-07 16:07:53.60324+00","2018-02-07 16:07:53.603192+00","b2d114b8-0a05-4086-9b37-b1d6a406a1ef"
"b128d48f-9118-40dc-ba3b-44605ccf1a56","","2018-02-07 16:08:08.647029+00","2018-02-07 16:08:08.647021+00","b821f70c-a3d9-4ba8-a7c3-4faeeb2e19a9"
"685fd780-a8a4-4a67-b1bf-7498b7ce0cd3","","2018-02-07 16:08:18.683264+00","2018-02-07 16:08:18.683246+00","56333535-622a-4262-a4bc-3385d43e5781"
"b4a94088-6000-4cab-8b49-725937b8d238","","2018-02-07 16:08:19.575009+00","2018-02-07 16:08:19.574992+00","120d3d9d-b5d9-4e68-b3db-4d62f642557e"
"01f0edac-5f03-4d0a-b917-bb055b5328f7","","2018-02-07 16:08:20.423222+00","2018-02-07 16:08:20.423202+00","f6769c71-5576-4d6d-b0dc-6195ed5ae89a"
"11f86aa3-a386-47f0-a08a-3e494167e411","","2018-02-07 16:08:22.120769+00","2018-02-07 16:08:22.12076+00","c28695bc-b8d2-4f54-88ac-4505b9829607"
"a4b277b7-b06c-40e8-9937-3535cbea50c3","","2018-02-07 16:08:22.603929+00","2018-02-07 16:08:22.60392+00","284fa232-fd6a-4c40-915a-e19f4c54f758"
"cacf9a68-6712-44db-9a62-8ee9176482d4","","2018-02-07 16:08:24.713353+00","2018-02-07 16:08:24.713335+00","a5295216-5aa3-4c69-b875-6503bf970fc8"
"b4eb5f64-6191-47d6-a052-7c935705436e","","2018-02-07 16:08:36.458299+00","2018-02-07 16:08:36.45828+00","27b2bdd2-7772-4b2d-b5f0-bdd2e78dab00"
"f0cecfd4-4436-49da-9072-fb48428e74dc","","2018-02-07 16:08:38.157232+00","2018-02-07 16:08:38.157203+00","90e9cb3b-085c-4db0-aeab-ae92167b7d5e"
"49f0f8c1-8355-4f0e-b2fb-a48d6c831678","","2018-02-07 16:08:52.637314+00","2018-02-07 16:08:52.637296+00","742563a3-2cff-47e8-bd2b-781781547dda"
"ae516a63-2048-4b43-9781-653032023796","","2018-02-07 16:08:54.093268+00","2018-02-07 16:08:54.09325+00","bc78729c-1bb8-4021-8a73-53a5fd067bb3"
"32e73024-d896-48f8-9b67-09ec611f1f79","","2018-02-07 16:08:57.010098+00","2018-02-07 16:08:57.010081+00","c5eb892c-c3d8-4221-9aad-5cc37f81c74a"
"8e0a51f9-0c0e-4806-a2b3-f89bc67e273e","","2018-02-07 16:08:58.300239+00","2018-02-07 16:08:58.300209+00","6c2a90de-bd06-404c-bfe9-65b0773f633e"
"474939f2-40cd-4f93-a979-42d43dd2aec1","","2018-02-07 16:08:59.441206+00","2018-02-07 16:08:59.441189+00","5c78697c-728a-472e-8195-2be1efaeabaa"
"5b22b565-213d-40b7-9dc7-c0d72beb171e","","2018-02-07 16:09:08.504356+00","2018-02-07 16:09:08.504339+00","f3ad3531-f9e8-47fa-b614-2bad25b24f64"
"b8634490-df3d-42b4-a651-8c25fdcdfbfb","","2018-02-07 16:09:10.042598+00","2018-02-07 16:09:10.04258+00","7fe9feb6-e028-425f-aae5-40cc57bf1574"
"08da2de1-bd33-49af-a2b4-6d2a2a579f0c","","2018-02-07 16:09:12.909029+00","2018-02-07 16:09:12.909011+00","b7e4db85-a5c4-4c08-94cb-3df88aeedcb6"
"a4f79192-8d7c-4527-8fa5-895d78443178","","2018-02-07 16:09:16.779797+00","2018-02-07 16:09:16.779779+00","cb6cf40b-343c-4882-8e6e-3ddcfd4b2851"
"36a6292f-2ef8-42c9-b2c8-d4a45954b6b1","","2018-02-07 16:09:17.22798+00","2018-02-07 16:09:17.227953+00","3dbd2170-d53a-4634-8092-9577edc3b3ef"
"7b710ef4-11bc-41c0-a845-33aee3ac2cf8","","2018-02-07 16:09:18.382504+00","2018-02-07 16:09:18.382487+00","f8f9844a-c94b-48e2-91d1-d00b0d6d6c73"
"bb68708f-bbb4-43d6-a7aa-df927a5c7450","","2018-02-07 16:09:18.836857+00","2018-02-07 16:09:18.836812+00","c6ef735e-69ab-4a9a-a042-eab5ce072918"
"5c53eba6-2988-4b5b-962e-aba93c369257","","2018-02-07 16:09:21.27242+00","2018-02-07 16:09:21.272401+00","9bb748bb-e8b5-468f-9afa-b335eb7906f9"
"38eebdf6-d57f-42f5-8af2-6f630ba23b0d","","2018-02-07 16:09:21.676597+00","2018-02-07 16:09:21.676589+00","0973e20d-fe45-4397-ac52-5018fefdee27"
"fa849021-0d7c-4c6e-b929-fd218027fbc4","","2018-02-07 16:09:22.453982+00","2018-02-07 16:09:22.453965+00","cf211204-4f93-4295-b85d-4e3a9abc556c"
"7edc4e6e-1220-4faf-b3ef-3881f40f391c","","2018-02-07 16:09:24.820336+00","2018-02-07 16:09:24.820328+00","019a5d86-3ff1-44b9-a325-1d571be091a0"
"a1d9050d-d53e-4ce4-8960-a5c63541e94e","","2018-02-07 16:09:28.096256+00","2018-02-07 16:09:28.096238+00","c3916a94-1214-4b2e-8e2e-b2ccff1b73ae"
"81406f35-cf06-4cf5-8243-ebba149f2c73","","2018-02-07 16:09:28.745599+00","2018-02-07 16:09:28.745591+00","a2e0f770-0f9d-4460-bc0b-2226b60a6aa3"
"b7938824-162d-4baa-9600-34ef4d009618","","2018-02-07 16:09:29.399026+00","2018-02-07 16:09:29.399013+00","f165b12f-3413-4921-ab2e-c37adb07ec3f"
"c377c5d2-7bad-4583-a2d9-39c1cce8848e","","2018-02-07 16:09:30.291004+00","2018-02-07 16:09:30.290996+00","d1309c13-cb1a-4c4f-b091-1ef9b9b5d6a2"
"75402dc6-a0fe-4103-98b5-9b8b727e45d8","","2018-02-07 16:09:32.518762+00","2018-02-07 16:09:32.518754+00","f81027de-49c9-4f54-b7e1-cc18a235a44f"
"1837c33c-dd16-4dac-b86e-e5561ee2ae6b","","2018-02-07 16:09:34.056806+00","2018-02-07 16:09:34.056789+00","0e1c9abe-1a60-43de-9edf-ad6e10d01773"
"773e9581-19e1-4660-bf61-0ce5e5b83ec3","","2018-02-07 16:09:35.352538+00","2018-02-07 16:09:35.352521+00","007018a3-d1ec-4f07-88ad-342e63d61ec3"
"36b9b57f-bed4-4119-aea0-e565931981ce","","2018-02-07 16:09:37.837211+00","2018-02-07 16:09:37.837194+00","318d9447-71a7-4540-906d-ac2a66c0517d"
"3883e4c6-b1c7-4f62-a06f-78cb8b4cf6ab","","2018-02-07 16:09:38.684918+00","2018-02-07 16:09:38.684901+00","388ce263-6604-488c-b7d4-a3cf46d22003"
"a0ca3e84-d408-4aa4-a4f5-95bc5f5fa63c","","2018-02-07 16:09:39.770785+00","2018-02-07 16:09:39.770768+00","add0f93d-7635-47a3-a4b7-b7b823d087a8"
"b0993e6b-b252-4f18-aab1-354faef02442","","2018-02-07 16:09:42.51868+00","2018-02-07 16:09:42.518662+00","4603fd25-f206-457f-9017-ef83642a2f09"
"eaecb9ac-cddd-46a3-a485-ed171289c59f","","2018-02-07 16:09:42.921793+00","2018-02-07 16:09:42.921781+00","2a3d35e9-ceb5-49f7-ba98-29dd0b763b95"
"b98d98ac-6af1-444f-9cd7-2988a7e821dc","","2018-02-07 16:09:45.505628+00","2018-02-07 16:09:45.50561+00","6298f7e5-86ba-45a4-acb0-935ef20d2d0d"
"fbf9aedd-d7b7-470c-ad38-7388a18ca507","","2018-02-07 16:09:47.672596+00","2018-02-07 16:09:47.672588+00","eba1df7e-a7ab-48d9-8a38-82fa81bc58e0"
"02d11253-9ccb-4296-b01e-39234e63fd61","","2018-02-07 16:09:52.007591+00","2018-02-07 16:09:52.007583+00","6a0bf738-808c-4416-a0c4-edbe882243e5"
"f7af92c8-75fd-431a-8e87-11102da96da0","","2018-02-07 16:09:56.047843+00","2018-02-07 16:09:56.047826+00","805de48c-f54f-4f8a-bbe4-4b48c3022745"
"315ee7f3-ecb9-4610-ac66-6b87ee8883e2","","2018-02-07 16:09:56.451034+00","2018-02-07 16:09:56.451017+00","7423b65a-d6bd-4d08-bb64-58f35665ec07"
"4a54702e-2e29-44d1-a22e-eb1efe9f0b51","","2018-02-07 16:09:56.934687+00","2018-02-07 16:09:56.93467+00","f565ff92-ec25-490f-9560-406995b47be1"
"5b4176b8-ff41-4f1d-8d7d-c98c14fb3b19","","2018-02-07 16:09:59.655865+00","2018-02-07 16:09:59.655849+00","e6b7d2e7-5940-417a-883e-5e5afb8790cf"
"b38b7682-203a-40d0-82d4-d55b40858169","","2018-02-07 16:10:03.10871+00","2018-02-07 16:10:03.108702+00","c9b9f1f2-7dc9-4c8f-899c-5365648433df"
"bf1f354c-d31a-4081-b670-68540e7d9f26","","2018-02-07 16:10:04.035329+00","2018-02-07 16:10:04.035321+00","9eced273-2440-406b-b0e0-8f14309f6da0"
"2fb56ba0-ce22-4ce6-8049-ecbae34b106b","","2018-02-07 16:10:04.723763+00","2018-02-07 16:10:04.723746+00","b9263579-1303-4319-8365-e3c5c1177432"
"1f707852-1f71-472e-864a-be64ec56bd41","","2018-02-07 16:10:09.987981+00","2018-02-07 16:10:09.987974+00","660df63e-3568-4a9d-b826-a1a173e76c4a"
"2a066995-1369-4c65-b38f-e7786d741ad3","","2018-02-07 16:10:11.363802+00","2018-02-07 16:10:11.363783+00","bf0b9d99-7824-43cd-b7d5-3bc37f32f2ff"
"2dcdeb37-d4ea-43e6-b00b-9d19d9a32ae9","","2018-02-07 16:10:12.128141+00","2018-02-07 16:10:12.128132+00","0e0adb1c-1def-493d-8a53-04ce04e40350"
"ffed91ae-a363-4ec3-a945-33f0c78b40e9","","2018-02-07 16:10:12.615747+00","2018-02-07 16:10:12.615738+00","d527afe4-54e0-4819-8483-3e87531f68be"
"ba04e100-0713-44c3-b4e8-df5355372bec","","2018-02-07 16:10:13.320278+00","2018-02-07 16:10:13.320261+00","803021ea-fa55-4f31-a546-d7525b4a463c"
"f60114fd-3e3d-4f1f-9ffb-8ff36e43d39b","","2018-02-07 16:10:13.936175+00","2018-02-07 16:10:13.936154+00","d7b3a7b7-c0a9-40b5-b643-2694ae820856"
"87152f30-878f-4615-acbd-a2c0bcdaa25e","","2018-02-07 16:10:15.330229+00","2018-02-07 16:10:15.330212+00","2174949f-a622-4bd7-9127-68c9d7d560a0"
"bbd879b1-5b15-4037-9a78-defbcf3cae40","","2018-02-07 16:10:16.339388+00","2018-02-07 16:10:16.339371+00","b9f0263f-a38d-4ec3-afe3-e3b05be4e426"
"017b5eaf-6556-4b0b-92fd-30bc1014cb03","","2018-02-07 16:10:17.313098+00","2018-02-07 16:10:17.31308+00","22f1ade2-dd35-4f41-af1d-8af7fc4b4288"
"9b2f75d5-354f-4415-871b-a2b0d2dadc64","","2018-02-07 16:10:18.165342+00","2018-02-07 16:10:18.165325+00","f7aac3cb-fe4c-42b6-a6a4-1c641ce5c4a5"
"e75a85c9-4e73-409d-b709-67c8ec46a7d3","","2018-02-07 16:10:19.299851+00","2018-02-07 16:10:19.299835+00","acb9eaa1-5e31-4265-858b-19ab8b5ad22a"
"65d85268-061f-4d56-86ea-1b39b0a29b7f","","2018-02-07 16:10:20.206523+00","2018-02-07 16:10:20.206506+00","bf17d9c5-b97b-4579-a80c-4e637e0f8f45"
"815daf3d-526c-42a8-8262-d2fdd2220cb7","","2018-02-07 16:10:28.057371+00","2018-02-07 16:10:28.057354+00","1281138b-c45a-4ed4-b586-67cbb0dbd8de"
"6f30b7c8-02f0-4eed-ae44-965e7b7816c5","","2018-02-07 16:10:29.455888+00","2018-02-07 16:10:29.45588+00","ffffb463-cc27-4c4d-8797-2b12b9e8d005"
"81a0f241-04f6-4102-9122-b6f791b76e3f","","2018-02-07 16:10:30.501941+00","2018-02-07 16:10:30.501933+00","9b66ed1e-c707-4c4b-94b9-2affe9807859"
"f3229c2a-6687-462f-9483-16a86029c703","","2018-02-07 16:10:31.763025+00","2018-02-07 16:10:31.763016+00","18c7e3a5-8759-492c-a051-9c9764257ecd"
"657a8f39-39f5-4257-865c-86663bd4fa0f","","2018-02-07 16:10:33.773183+00","2018-02-07 16:10:33.773152+00","c116062b-dd3a-4a3b-ae22-d48d8d2c87f3"
"7e868986-a47a-4a17-89fc-a9c4e2ece216","","2018-02-07 16:10:37.399862+00","2018-02-07 16:10:37.399854+00","6678ff6f-93d9-487a-88d8-537cb787d52b"
"fe92f746-0ed7-4283-9913-10fa8432db6b","","2018-02-07 16:10:39.336495+00","2018-02-07 16:10:39.336487+00","91f8ec06-505e-4aad-a9e4-6347083cfd68"
"52aa28bd-04e1-40c0-b8c1-214740d98568","","2018-02-07 16:10:40.313461+00","2018-02-07 16:10:40.313444+00","0f842247-0338-4b74-9488-7ee144ae44ef"
"ef65523c-cf01-46e2-866d-7c2b589c74d2","","2018-02-07 16:10:46.46438+00","2018-02-07 16:10:46.464364+00","16640dd4-902a-409f-99c6-3478c346c2f4"
"41487aa5-40d3-4391-9532-72280fa61e03","","2018-02-07 16:10:50.673359+00","2018-02-07 16:10:50.673278+00","a91d00e2-ef39-4b5f-9c3e-6eb7f43a23d4"
"4da4e30c-5694-4995-8221-d7530a642884","","2018-02-07 16:10:53.036212+00","2018-02-07 16:10:53.036195+00","7913de7c-077e-4cf5-98f4-42ce957a1a47"
"09797a94-d3ff-4b6f-bb8a-6bd37d996deb","","2018-02-07 16:10:53.691781+00","2018-02-07 16:10:53.691772+00","4b59d2e4-b695-433d-801f-ea544c7d6a12"
"be9eb322-3d51-40da-bce5-1826b1ea9421","","2018-02-07 16:10:54.24126+00","2018-02-07 16:10:54.241243+00","c3e71c99-487f-44b9-aca1-631eefe299e3"
"f9d9fd4f-e584-4211-9a6e-533db0bdf110","","2018-02-07 16:10:54.804974+00","2018-02-07 16:10:54.804957+00","cbf60fb8-32d4-463c-85f6-b5998e9cf83c"
"6b9e140f-2088-4c42-89cb-b25c2868e125","","2018-02-07 16:10:55.897116+00","2018-02-07 16:10:55.897099+00","5cc095c4-b178-4807-a2e4-250ba3df6059"
"c0605637-2c43-4b30-a157-3d41f50b043d","","2018-02-07 16:10:58.179183+00","2018-02-07 16:10:58.179166+00","88eb014a-c428-40db-bce1-9033e953dffb"
"3d693da0-4311-4ac0-a2fb-ceb908abf99b","","2018-02-07 16:10:58.744299+00","2018-02-07 16:10:58.744281+00","634505c3-d2a1-42db-a5d9-da5a78d795ee"
"ba9efe12-8020-4b60-8269-44a9facbb676","","2018-02-07 16:11:00.616098+00","2018-02-07 16:11:00.616081+00","34b5205e-fe80-47f7-878f-306c5d603194"
"193597db-e409-4d95-8489-9a583ed79cc0","","2018-02-07 16:11:01.261855+00","2018-02-07 16:11:01.261838+00","cd556fbb-26ba-44ed-9497-935c923c975b"
"05f8fc75-ce4d-49a8-b915-a5d18bbfdd34","","2018-02-07 16:11:02.423704+00","2018-02-07 16:11:02.423695+00","62d914a4-9e07-42b0-97ea-13f64730b617"
"22074f70-b42c-45cc-93b2-e95b450bb09f","","2018-02-07 16:11:04.150408+00","2018-02-07 16:11:04.150391+00","6f2f882d-f7e4-42f8-986d-f8289d36d2ef"
"9a1aa39a-4450-4277-ba35-2a88da1f63a5","","2018-02-07 16:11:05.360556+00","2018-02-07 16:11:05.360537+00","121c62a6-3070-4a98-aa33-d43f7d546dce"
"d2ab5335-a957-4545-b691-d6b461eee162","","2018-02-07 16:11:08.872513+00","2018-02-07 16:11:08.872481+00","6df326d1-f460-40c6-919c-5bc5c7b70cd2"
"15fe5c0b-ec83-4200-a753-978a390e7573","","2018-02-07 16:11:11.735802+00","2018-02-07 16:11:11.735783+00","13904429-46f5-445b-b93a-e371ac5a8b2a"
"aacce88b-75cd-42ed-bd96-ee3477edce3f","","2018-02-07 16:11:12.965847+00","2018-02-07 16:11:12.96583+00","404a04c5-e0a9-4f11-90a4-17db0ed27dc8"
"01e81d05-ef26-4fda-b3b0-f40e4351970a","","2018-02-07 16:11:13.893639+00","2018-02-07 16:11:13.893631+00","97983084-bfe2-4c35-afa6-68790fd71f46"
"fb410c47-fadf-4b39-9ae3-cdfac40b35a4","","2018-02-07 16:11:14.378061+00","2018-02-07 16:11:14.378053+00","1c26a932-7de3-4835-bf81-7eb1bd1a1c87"
"33f45ea8-0fc7-4aac-9b1d-cbfe17086329","","2018-02-07 16:11:15.633004+00","2018-02-07 16:11:15.632986+00","94dd598c-faf4-4b8e-a004-bc93c3e82965"
"d4c3cb94-1ce7-470b-a315-9ddb8a2bb8c9","","2018-02-07 16:11:16.398526+00","2018-02-07 16:11:16.398518+00","3ab20909-3e77-4fcb-baa0-42c9e4f670e7"
"536249d9-f58f-48f3-b65f-6d41208a1f10","","2018-02-07 16:11:17.043049+00","2018-02-07 16:11:17.043032+00","1fab7a8f-ed3e-43de-90a4-352ad364f280"
"e59aad5a-f6c4-4e46-ac02-0c3604ea1c75","","2018-02-07 16:11:18.978051+00","2018-02-07 16:11:18.978043+00","090fc78c-dbde-4d8d-9de4-ae201f214456"
"f2ed4c14-648f-49cd-8f82-d5145242b76c","","2018-02-07 16:11:20.715958+00","2018-02-07 16:11:20.715939+00","ed42e08b-60c0-4e74-92b9-8063833fedb1"
"5e027e1e-c752-417d-9d42-c15862c69ce4","","2018-02-07 16:11:26.669988+00","2018-02-07 16:11:26.669969+00","a4ec29c7-2d30-48f2-bf23-6bd817eff8e7"
"4df402da-51b2-445f-8885-0100814e2614","","2018-02-07 16:11:28.792072+00","2018-02-07 16:11:28.792055+00","ec79cca4-9b01-478d-961c-3c73db4ee8a3"
"c764624d-f661-4fa1-a72b-dffbdb7cdbdb","","2018-02-07 16:11:30.183779+00","2018-02-07 16:11:30.18377+00","f9222979-18cc-4e6d-8f2b-92c3315bdeb8"
"65e16608-9b14-4fa3-806d-d2417690ecea","","2018-02-07 16:11:30.999673+00","2018-02-07 16:11:30.999656+00","52323cf3-682c-429d-a2b9-ab96e7efaa31"
"c1c62b15-3aad-4af7-a156-ceae2a867ef8","","2018-02-07 16:11:32.25096+00","2018-02-07 16:11:32.250952+00","52b2745c-d834-4bed-87a7-684a31769e4f"
"1284c525-2c20-48c2-bcd5-89e171d11fea","","2018-02-07 16:11:32.967438+00","2018-02-07 16:11:32.967404+00","9458e9dc-d94b-4cee-ac83-72909d0fe454"
"3eb75da4-6572-408a-9a0b-ee169bc24c9b","","2018-02-07 16:11:34.10659+00","2018-02-07 16:11:34.106572+00","2cba2d54-40eb-4267-90f4-5cc9028ddf31"
"f25b5ea1-144a-4a8d-a798-63386436de5f","","2018-02-07 16:11:35.796804+00","2018-02-07 16:11:35.796786+00","1a54a269-9f4d-4586-ab43-2fbd66ecc2b0"
"9d0d4326-11e8-41bc-9563-fc2ffa139b50","","2018-02-07 16:11:36.215064+00","2018-02-07 16:11:36.215044+00","741d43cc-57e7-4128-89f6-4efde991fb0f"
"2acb2420-6912-44cd-aac8-070f628170cc","","2018-02-07 16:11:36.921018+00","2018-02-07 16:11:36.921+00","b6203036-69be-4092-9890-090cce6098fd"
"15493c3a-fbd6-4656-82f1-1105b3235326","","2018-02-07 16:11:38.004831+00","2018-02-07 16:11:38.004801+00","a4f405b9-14dd-43d3-a46e-91a84813f60c"
"b65d9c17-7b97-4e6d-8687-85261af6a477","","2018-02-07 16:11:39.377422+00","2018-02-07 16:11:39.377404+00","5637f4d9-36d9-4e2b-9494-8be0321996ae"
"b2c69d66-a3be-4c11-8812-11bd1c6d6b62","","2018-02-07 16:11:42.976745+00","2018-02-07 16:11:42.976732+00","0683ecd2-fd8c-43c7-9acb-817c9b9bb693"
"d210126b-560a-43e4-9731-fd163506f286","","2018-02-07 16:11:44.015094+00","2018-02-07 16:11:44.015086+00","c0018de6-4300-46aa-a541-96c0a8bfc032"
"7371132a-52b0-4b02-bfd8-2db44c725e66","","2018-02-07 16:11:45.847515+00","2018-02-07 16:11:45.847507+00","d6377f92-2f74-4354-8bd9-1916abf86e46"
"a0e4ca1b-b21a-4107-a86a-6d363481fd89","","2018-02-07 16:11:46.760597+00","2018-02-07 16:11:46.760566+00","7f8815b1-89f8-499b-8f86-8453aeb66bf0"
"b8a773b3-795d-46b2-9c13-f81b3e4caac6","","2018-02-07 16:11:47.39133+00","2018-02-07 16:11:47.391311+00","cb69419d-33d5-4ee6-b07e-45bf08a9dfa2"
"28d129e9-bf25-469f-baa0-7a83e25b9fab","","2018-02-07 16:11:48.85438+00","2018-02-07 16:11:48.854347+00","770d02bc-353c-41c8-b614-80dfa496dfab"
"e265bd5a-f1f3-4e12-8397-c1682167500a","","2018-02-07 16:11:51.170433+00","2018-02-07 16:11:51.170415+00","dd8c0526-5fa1-4d5a-93d7-bc63a11d8758"
"7ced6c0e-4f2e-4bff-8e21-5dd856800273","","2018-02-07 16:11:52.883301+00","2018-02-07 16:11:52.883283+00","088ebd0f-8fc6-4bda-9747-c40a0f43df22"
"2aaacdad-73ad-4178-857d-ca7fb2ee8a99","","2018-02-07 16:11:53.635222+00","2018-02-07 16:11:53.635205+00","4c39409a-b49c-41e0-b697-91881c1896ee"
"c2b8265f-8795-420e-ab61-e0b03c4c2423","","2018-02-07 16:11:54.645865+00","2018-02-07 16:11:54.645856+00","29cbe7c8-5905-4baa-b0b3-1397c1c72779"
"3c8ea694-65b4-4c88-a1e6-8949345e7f05","","2018-02-07 16:11:55.223669+00","2018-02-07 16:11:55.223651+00","269e2314-936f-4fa1-9487-a26defec2506"
"871dde40-84bc-4b17-9711-9e8cb1691efd","","2018-02-07 16:11:56.67982+00","2018-02-07 16:11:56.679803+00","3252b542-a68e-419b-b900-af4c4a3e5147"
"b5c16101-ddca-41f1-97f4-934021f8a13d","","2018-02-07 16:11:57.218969+00","2018-02-07 16:11:57.218952+00","085de0cd-7a0d-40bd-aef1-bcf4391ef2fe"
"ffe3a21e-2adf-48b7-b8e5-e09f95176c3a","","2018-02-07 16:11:58.139054+00","2018-02-07 16:11:58.139037+00","6512e345-c4a7-4c3a-9ef2-0aedefee3b30"
"ed26fe9f-7993-47ff-a01e-162999a3cec2","","2018-02-07 16:11:59.055325+00","2018-02-07 16:11:59.055307+00","497ef5dc-6dc6-445a-b29f-cf8c1f717125"
"983f8444-f6d0-49e8-8fe7-c4e99e4f9fe4","","2018-02-07 16:11:59.846909+00","2018-02-07 16:11:59.846893+00","baf95b60-ffe5-461f-9bae-51e381e7b3d5"
"106e4b02-6716-4a3a-a232-9d2218e510ed","","2018-02-07 16:12:01.463219+00","2018-02-07 16:12:01.463202+00","459e3a69-16df-46f1-a251-a72278c99977"
"12024475-0a15-4fde-9fd8-01ccafa50826","","2018-02-07 16:12:02.458969+00","2018-02-07 16:12:02.458939+00","f8fe938b-b859-409d-a6e2-1551ab678630"
"6b9de8fa-3915-484c-b6eb-ba974913985c","","2018-02-07 16:12:03.959758+00","2018-02-07 16:12:03.959741+00","d8d14a17-c24f-4b48-8505-e18fb0401b5d"
"4fce5591-3fcd-4c1e-83ba-820ad1eb6c81","","2018-02-07 16:12:06.504757+00","2018-02-07 16:12:06.504749+00","f0a339ff-55a8-4b8f-aa1a-f4099ac8587f"
"da84a8f4-ef4d-4962-946e-98de2dbfc8d2","","2018-02-07 16:12:08.049218+00","2018-02-07 16:12:08.049201+00","2bf5062e-9b2c-4047-a49a-8110d82b473b"
"742af542-8f23-47c1-a28d-f6d953128eab","","2018-02-07 16:12:08.921587+00","2018-02-07 16:12:08.921579+00","37282345-d7f6-4f7d-8262-1fc4d80cf158"
"8059cfa5-4b0f-497c-80da-fc296237b8d9","","2018-02-07 16:12:10.713828+00","2018-02-07 16:12:10.713811+00","d5049655-3c7e-454d-a098-edb27b1e3cb1"
"7729d105-fd41-4dc7-b535-df49bc43a451","","2018-02-07 16:12:11.694991+00","2018-02-07 16:12:11.694982+00","f3036923-8fc4-429b-b7d1-535bff467791"
"c171adb1-b763-41e5-b9e7-279e924069da","","2018-02-07 16:12:13.534136+00","2018-02-07 16:12:13.534118+00","9b7d7c83-c1c8-46b8-9ba5-47313b54568d"
"99ccddf5-968c-4596-94ab-8b29727589fc","","2018-02-07 16:12:14.370482+00","2018-02-07 16:12:14.370465+00","48b80538-28b3-4fc0-a576-aea0e2fd222d"
"d50a2736-18ac-427d-9ced-b8633fc8cac8","","2018-02-07 16:12:15.986136+00","2018-02-07 16:12:15.986117+00","e8d9b8ad-d8a0-4608-bba2-5193220f8cf4"
"e5b9a137-a942-4f8a-9ff2-d059e9d18468","","2018-02-07 16:12:16.997876+00","2018-02-07 16:12:16.997856+00","78167c4c-e6dd-4c3c-aa6c-6f7a69d57b4b"
"55501819-1b73-422b-b51a-48e3931efb27","","2018-02-07 16:12:17.670197+00","2018-02-07 16:12:17.670163+00","5553b6be-5bc1-4377-82fe-2ee89038e355"
"52ec664a-d5ad-40d1-bd7a-bd4e5c78bf6e","","2018-02-07 16:12:18.526466+00","2018-02-07 16:12:18.526449+00","d73ce4e0-5faf-4b39-aa3e-0c525e6beb1e"
"27bb8d75-dc6f-42f6-8399-0a2f7505a12f","","2018-02-07 16:12:19.526728+00","2018-02-07 16:12:19.52672+00","89aa5447-e3c0-43ec-8598-4ac5eacbac31"
"90c8b7ff-fcd9-420f-b98e-7802d2e8c4f1","","2018-02-07 16:12:21.648069+00","2018-02-07 16:12:21.648052+00","3c30c4a0-b6ac-4606-92b9-4027b782118e"
"f8c6c210-dd07-4b32-b213-73b490ed2fe9","","2018-02-07 16:12:23.056987+00","2018-02-07 16:12:23.056971+00","fc063bcd-a05c-431b-92c3-c43201f93939"
"ef3cbb41-0a9b-47c1-9490-60e526dc2dc9","","2018-02-07 16:12:23.597473+00","2018-02-07 16:12:23.597464+00","2c60c37f-a165-43d0-8c34-25182a3f54ec"
"2c4151f3-c584-4266-b7c9-80a267ffe35b","","2018-02-07 16:12:24.136834+00","2018-02-07 16:12:24.136816+00","8eca52f8-57a5-43d3-bac2-5ffa8c68b428"
"e69d601c-051f-4916-9ff8-c5bd5ae04880","","2018-02-07 16:12:28.725597+00","2018-02-07 16:12:28.72558+00","68beb8a9-3fbc-49a8-ae15-0466c27c0497"
"d94c4468-5c72-4d8f-9a10-cf449e59e5a9","","2018-02-07 16:12:29.559229+00","2018-02-07 16:12:29.559211+00","3ad116f6-4408-4bf5-b57f-386a6ead7828"
"9c06817b-73cd-4e32-b165-1541ae5f1863","","2018-02-07 16:12:30.556548+00","2018-02-07 16:12:30.556531+00","e801c4db-7e68-43e3-aebb-04157cf2568e"
"d13544b1-12d3-469c-b607-4b4a56fd39af","","2018-02-07 16:12:32.137392+00","2018-02-07 16:12:32.137369+00","f98fbdc2-c47e-412a-bc23-4bc078ad43e5"
"41bedbb6-1d0e-489a-994b-b5e4571c8663","","2018-02-07 16:12:32.929375+00","2018-02-07 16:12:32.929366+00","caa6d95e-acfa-4e26-878b-76e8ef14ec89"
"4c171843-ba7a-47f7-a7a4-ccd50cf3fce7","","2018-02-07 16:12:35.185045+00","2018-02-07 16:12:35.185028+00","e6e44921-8ef8-4828-9302-a7207d3d80aa"
"56b41cdf-1c51-470c-b789-c52953fe4598","","2018-02-07 16:12:37.015796+00","2018-02-07 16:12:37.015779+00","7b2f7f65-2cff-401c-9fd5-d162c8aa5a22"
"f531b53e-1437-413c-94f2-e2adf9f0fc52","","2018-02-07 16:12:38.69557+00","2018-02-07 16:12:38.695551+00","41eda0ad-d5ab-4941-a802-ee839b47997a"
"bab4cc7a-a7fd-4dd0-836c-2686aefd0ea8","","2018-02-07 16:12:39.611238+00","2018-02-07 16:12:39.61122+00","40fd6f1f-7991-488f-9364-86232601e70d"
"7bcbcc67-2daa-4f2c-b606-84314a395d9e","","2018-02-07 16:12:41.114077+00","2018-02-07 16:12:41.114059+00","f423387a-c0a3-40ae-99f9-2ee20edfce21"
"d71d975d-c66a-4d54-a58f-7b2b9a85fca5","","2018-02-07 16:12:43.0603+00","2018-02-07 16:12:43.060291+00","9863f932-4a14-40ab-9288-50c4ffa7ea0f"
"aab4baf9-841c-434d-8bed-78cc334864b2","","2018-02-07 16:12:43.72878+00","2018-02-07 16:12:43.728763+00","fd3c3d18-2f98-479a-b149-72fc2a3fd221"
"cc6c1943-071c-4d9f-8982-0816a061848d","","2018-02-07 16:12:46.062718+00","2018-02-07 16:12:46.06271+00","690c173e-a7fc-4f0b-a6ba-71589597245f"
"de49b888-ad9d-432d-92bc-5e16c915dc3e","","2018-02-07 16:12:47.433093+00","2018-02-07 16:12:47.433085+00","910b7bd9-6c93-4d3c-9b31-bd8fcad29387"
"1d306a09-b7e7-470c-a0c8-f68356f7c326","","2018-02-07 16:12:48.251148+00","2018-02-07 16:12:48.251131+00","91a9d3e2-952f-4db2-9cc1-93a977740ea7"
"9ca51c70-4468-4567-8023-7229ba6a5d79","","2018-02-07 16:12:48.909687+00","2018-02-07 16:12:48.90967+00","1a1e1f71-7992-4c8f-b42d-813f0698316a"
"c902c854-15b7-4bd2-ac26-43ff755fa685","","2018-02-07 16:12:50.738839+00","2018-02-07 16:12:50.738815+00","1d001cc0-4566-416f-a1a1-3e7e871a984f"
"e94e9b34-3dbf-4988-b7b4-b6bfb3ef3e01","","2018-02-07 16:12:51.428485+00","2018-02-07 16:12:51.428468+00","af73d6fd-31da-4732-82f7-879d7616c114"
"ce55363d-9682-4c7e-abe7-202b9dd03743","","2018-02-07 16:12:52.33899+00","2018-02-07 16:12:52.338973+00","5fb884a3-8baa-4b27-8591-3bb52431e62c"
"2390f9fb-0ebb-4de9-bc0f-c0fd10760a14","","2018-02-07 16:12:53.589855+00","2018-02-07 16:12:53.589835+00","c40d5776-2581-42e0-963a-7d3fa336aa81"
"c9c41441-8c2b-486a-bf6c-c013d4a4392a","","2018-02-07 16:12:56.093749+00","2018-02-07 16:12:56.093731+00","f0a07c18-28c1-42a8-85f8-cb5f91234be9"
"b57ce0d0-d9ba-4a07-b888-27e5071491d4","","2018-02-07 16:12:56.508851+00","2018-02-07 16:12:56.508843+00","71c923cb-64e3-4b0d-ba78-6b927d05d28a"
"03a0d3a7-538a-48f7-a108-218a7f4cb9a8","","2018-02-07 16:12:57.131313+00","2018-02-07 16:12:57.131304+00","8a0bb422-06f0-4294-acfb-332e3890e2d0"
"0b03fa28-7243-48d7-b2f5-313d2523da84","","2018-02-07 16:12:58.567737+00","2018-02-07 16:12:58.56772+00","d43a0ac4-9343-4428-9f02-9f27eb099b21"
"77b4a8f7-a93c-43fd-b347-d14502e754a4","","2018-02-07 16:12:59.353969+00","2018-02-07 16:12:59.353951+00","3dfe9e98-ad62-46b4-96dd-b1cc96c3ad19"
"049d4b1d-6b6c-4869-aac6-47dc12f70e56","","2018-02-07 16:12:59.769154+00","2018-02-07 16:12:59.769146+00","5f03b135-ce59-4a3a-a6ae-6aecc4818559"
"f780ee54-2a79-4480-aaea-e38b9d72f6cc","","2018-02-07 16:13:00.393092+00","2018-02-07 16:13:00.393084+00","c32b22b8-b2af-40a3-9347-55342ebed231"
"7e0af1ea-7239-4a0e-8071-975f4996666e","","2018-02-07 16:13:00.933274+00","2018-02-07 16:13:00.933256+00","7d7157bd-786a-43bc-982a-0c105b85220a"
"916ed0fa-f38c-435f-bfec-e6f2eb6c560a","","2018-02-07 16:13:04.362949+00","2018-02-07 16:13:04.36294+00","0c9b04b0-94a9-4251-956d-629eadadd164"
"5e4be14d-2489-4af8-8663-f0e81d4193b0","","2018-02-07 16:13:08.540107+00","2018-02-07 16:13:08.540091+00","d3e23997-f33b-48c5-beda-278cdcc6136e"
"3f32c91c-a490-48a6-a0e8-36c9562d8975","","2018-02-07 16:13:09.29016+00","2018-02-07 16:13:09.290142+00","8102de4f-d882-446c-ad32-852f2a9abbbf"
"5bc0a370-504c-4fe6-bc8e-050f17c0c612","","2018-02-07 16:13:12.209716+00","2018-02-07 16:13:12.209686+00","926e432e-c140-43af-8f50-8c8a77067f85"
"cf6461f1-f075-4863-a047-cb28d255678e","","2018-02-07 16:13:13.831813+00","2018-02-07 16:13:13.831796+00","028118ef-fcab-45b4-a1dc-211dc955b32b"
"c2551aff-9d5a-4210-bd95-eed845a88315","","2018-02-07 16:13:15.203565+00","2018-02-07 16:13:15.203548+00","e3f584a0-15fe-4e70-bb2c-07223b1eaffd"
"fb058093-5188-461b-99b9-a9eb94b9d6e8","","2018-02-07 16:13:17.475191+00","2018-02-07 16:13:17.475173+00","000e71ad-3360-4615-a4de-3d2090876053"
"972ddc5a-4c64-45af-98d3-eb60a8c9c673","","2018-02-07 16:13:20.059856+00","2018-02-07 16:13:20.05984+00","70635e7e-4cd2-462a-a422-03e2f21a0201"
"2dd2a8f8-1bf4-448f-801b-c2dec36828d9","","2018-02-07 16:13:20.973234+00","2018-02-07 16:13:20.973225+00","305f4263-8888-4fe6-a5da-33765c94a023"
"60dcb9d6-febb-4c4b-b86b-9d221b44ad54","","2018-02-07 16:13:22.061202+00","2018-02-07 16:13:22.061184+00","f807548e-0fcb-49d1-871d-4a02354306df"
"414ebaae-f7b2-47dc-92d3-cd3f0e779dbb","","2018-02-07 16:13:22.855184+00","2018-02-07 16:13:22.855174+00","58e607e3-cc45-44be-b57e-1e3ae4145077"
"cb60e7a4-b34d-44b0-9225-994f3ea3b9f6","","2018-02-07 16:13:23.394555+00","2018-02-07 16:13:23.394538+00","d77b6ace-eb81-449d-9a2a-406e702dd245"
"d8cfcaaa-ad0b-4031-86cc-32fdd58b1760","","2018-02-07 16:13:24.767242+00","2018-02-07 16:13:24.767234+00","8cebf100-565d-4299-bbe0-6b4e097d6ef2"
"bb9001e6-784d-4a8d-b5f5-244498ca8e88","","2018-02-07 16:13:28.569457+00","2018-02-07 16:13:28.569449+00","5b63208b-a89d-49e6-bd09-37bd177daa68"
"dc6f9336-850f-46aa-9948-6300a6f46cc3","","2018-02-07 16:13:30.692054+00","2018-02-07 16:13:30.692042+00","fac285f1-5192-42e7-a2ac-a97a6e4e2b2e"
"e8451c1c-d1a4-487c-b4f2-aca11dc6c0c0","","2018-02-07 16:13:31.857088+00","2018-02-07 16:13:31.857071+00","0ab2245e-3fef-42c9-ab53-59b5b251f13b"
"067c672d-406e-499c-a7ad-19a67b7fb591","","2018-02-07 16:13:32.524622+00","2018-02-07 16:13:32.524614+00","0f9bef51-46de-4be8-8679-8bafb1c123f3"
"42df245b-200e-4b07-a9b4-a2d765204cea","","2018-02-07 16:13:33.523045+00","2018-02-07 16:13:33.523036+00","545c39c0-6815-4a5b-8bed-b1fd3a084b14"
"20ae5dd1-2465-4507-b4d7-ca9f4d3b7bef","","2018-02-07 16:13:34.062927+00","2018-02-07 16:13:34.06291+00","3ccdfc34-79f3-4ef7-9dfb-a58ffb4cb723"
"d2acde43-3faf-449b-87e3-45f346b6d31c","","2018-02-07 16:13:35.901203+00","2018-02-07 16:13:35.901185+00","5295feb1-9d55-4061-9fe6-e46466c96b42"
"abed217c-77e4-4279-804f-420364d74ef2","","2018-02-07 16:13:37.682962+00","2018-02-07 16:13:37.682954+00","1ca43106-8b45-4e56-8544-0c6e380c3c31"
"60d4e59a-dcc1-4456-b7c3-be9504f48825","","2018-02-07 16:13:38.311936+00","2018-02-07 16:13:38.311928+00","44e769e2-5137-470f-af58-43291f488ac9"
"7ce4f3a2-36de-42e7-8ea0-eaaefd1063a3","","2018-02-07 16:13:39.969046+00","2018-02-07 16:13:39.969028+00","94cb1a74-f98e-4d5c-9b0e-33649461b7ab"
"b159c3fc-5b69-406c-b1e1-7e0a6f72e07f","","2018-02-07 16:13:43.19438+00","2018-02-07 16:13:43.194372+00","631e32b5-7402-4263-8691-595c7d119e90"
"13b0c5e5-0bd6-4925-9bab-435e62025c9e","","2018-02-07 16:13:43.819958+00","2018-02-07 16:13:43.819951+00","8ae4fcc8-4c5e-4a24-8ed0-ccb6fc034ce6"
"fa7a1e38-b75e-4237-a930-7dcefe5ec349","No line index for Haskell County","2018-02-07 16:11:55.971+00","2019-01-09 20:03:07.082589+00","16e7a54f-40f9-4243-a7b9-64596737807d"
"6db0c429-5e29-46e8-8a82-da7366795edc","","2018-02-07 16:13:44.612735+00","2018-02-07 16:13:44.612716+00","35dbda0c-2a89-480e-ae6c-b4517819fa6e"
"7aa91699-4d0f-4716-a909-f4a09a16a127","","2018-02-07 16:13:46.842965+00","2018-02-07 16:13:46.842942+00","ac235c90-5901-4e28-af63-3af7c763d51d"
"764a22a6-b9b2-4a2b-961e-09bc1cb18a34","","2018-02-07 16:13:48.800073+00","2018-02-07 16:13:48.800042+00","4a36a3eb-f168-44b3-89e6-51fbbd986c76"
"5e235aea-871b-4716-b86c-4ec57e4eefed","","2018-02-07 16:13:49.630553+00","2018-02-07 16:13:49.630535+00","f29bf109-e1a4-4443-96d5-2bec5b1c7373"
"c203c20d-63a5-4d56-b2fc-68ae031b6bfd","","2018-02-07 16:13:50.418342+00","2018-02-07 16:13:50.418334+00","1d6e81a5-1e19-4f5f-a10c-6c4b8c6bfd22"
"20e40c8b-08dd-459c-889c-6d93a1c7ad6b","","2018-02-07 16:13:51.123944+00","2018-02-07 16:13:51.123927+00","fef63072-3a86-410a-a89d-382b1a6945ff"
"5f5950d1-659b-42fc-a056-2cc08a3322cb","","2018-02-07 16:13:51.870401+00","2018-02-07 16:13:51.870384+00","10e7f935-4883-46b3-a554-2978efac1c73"
"e84a4476-8223-4dd7-bcf1-e0b4775dcfa8","","2018-02-07 16:13:53.033742+00","2018-02-07 16:13:53.033723+00","8572cb44-3451-459c-9343-14fadcf7b0c6"
"e0dc88d4-f980-4ff4-aed2-e8b1f74a40c5","","2018-02-07 16:13:53.948607+00","2018-02-07 16:13:53.948599+00","f44ec0aa-afa4-41fc-a71d-9ccd8caee476"
"731176bb-fb1f-4fa5-ab74-170d16074837","","2018-02-07 16:13:54.616894+00","2018-02-07 16:13:54.616864+00","361587af-b808-4623-9346-d752ec1c2de4"
"5c87912e-1e4b-4772-80fb-0f83fc751de7","","2018-02-07 16:13:55.16761+00","2018-02-07 16:13:55.167602+00","b38ecaec-d5e7-471a-a6e3-b42484b9c941"
"dd71db67-9beb-485c-b948-d1d15df18066","","2018-02-07 16:13:55.832291+00","2018-02-07 16:13:55.832282+00","3e97cbf2-bbbd-4bfe-b928-b47233be218f"
"2527c0ab-f9ab-4129-a39b-8687fa6efafe","","2018-02-07 16:13:56.891716+00","2018-02-07 16:13:56.891698+00","066ac050-aafe-4441-880e-2f0bf4d59d31"
"c9900ec4-af93-4b2a-8ba1-7134ce6f6fb1","","2018-02-07 16:13:57.555257+00","2018-02-07 16:13:57.555247+00","c1db24ae-92c1-4557-a834-f834aa9a56ec"
"a82d3bd4-f4c2-47ec-ab13-63f2fc524940","","2018-02-07 16:13:59.090048+00","2018-02-07 16:13:59.090039+00","5b4a8827-d700-48f6-b288-169c2de8a018"
"c11e6148-652e-4a74-a1ca-7a9cd9b523b9","","2018-02-07 16:14:00.086889+00","2018-02-07 16:14:00.086861+00","2ae28a93-111d-434d-b1d8-1b050f980582"
"84683f75-f120-4a80-b054-76310cd666b3","","2018-02-07 16:14:00.627037+00","2018-02-07 16:14:00.626992+00","c4888926-e333-436c-95fa-643a08b90bf2"
"890759d8-06e7-4558-9898-6dc3f3c48e70","","2018-02-07 16:14:01.62383+00","2018-02-07 16:14:01.623812+00","ab9bffc9-822c-41ab-bf03-b5c36657e80b"
"0f0ff6ad-df36-458a-b57d-4563f56202e9","","2018-02-07 16:14:03.213399+00","2018-02-07 16:14:03.213382+00","f8a12d6a-0a02-4263-8c5e-06fe0f413d12"
"534f2ace-c8df-474d-9de3-439a95a52925","","2018-02-07 16:14:03.669356+00","2018-02-07 16:14:03.669347+00","440be49c-a915-4c82-baf9-04edced92d08"
"f59df030-3cd4-4d35-bfa6-6d463b772be7","","2018-02-07 16:14:04.575761+00","2018-02-07 16:14:04.575744+00","f548f1d6-4e8e-4a44-ad67-61978d310096"
"0b7ab620-fc9f-43f1-aea9-a5db0f8ae326","","2018-02-07 16:14:05.303435+00","2018-02-07 16:14:05.303417+00","8deb7751-9c25-4eb7-9610-bb6fc38e4f41"
"0d49b824-c6ac-47a3-9177-af06eb2f9976","","2018-02-07 16:14:06.471177+00","2018-02-07 16:14:06.471158+00","c239f167-2e04-487a-92f3-2961aeaffc6e"
"1ae1b05b-ef37-401e-93a0-581116efbe3d","","2018-02-07 16:14:07.433701+00","2018-02-07 16:14:07.433683+00","f6f64ca0-0165-4185-8f2e-6eddf5c4f981"
"57f32d82-8a31-4d3e-9e60-288b84ce51b6","","2018-02-07 16:14:08.183636+00","2018-02-07 16:14:08.183619+00","2ffe64ff-b733-4b3c-a3e6-ff5719b71264"
"19ebf2b9-3869-42fe-81be-58dc7aa69a80","","2018-02-07 16:14:10.937522+00","2018-02-07 16:14:10.937513+00","1a101028-6189-444a-831e-498bfc639d42"
"93ca173c-9196-4a48-b5a1-d40e6dfd38b1","","2018-02-07 16:14:11.438857+00","2018-02-07 16:14:11.438847+00","f255df79-cddf-4ac4-8375-96c237e75d10"
"22917fe6-c32e-4e2a-8ae8-8a56d1a8615d","","2018-02-07 16:14:12.822332+00","2018-02-07 16:14:12.822301+00","95dac20e-cf5f-430c-a33c-8677108bee75"
"9741af81-3727-4024-981f-864dde9a173e","","2018-02-07 16:14:13.963542+00","2018-02-07 16:14:13.963525+00","db325e42-e3b2-4ae5-b32a-cec1cc5f918d"
"149f4e34-d643-40ba-8cbf-eca66dcd2a24","","2018-02-07 16:14:14.632635+00","2018-02-07 16:14:14.632605+00","a982cdb2-9e5a-4f4f-9944-f0f378afa148"
"d47069bf-cf33-41d4-a30f-d703403945be","","2018-02-07 16:14:15.385904+00","2018-02-07 16:14:15.385894+00","ef04f718-887d-4756-b96e-8a32b9c81874"
"6a4b32ab-26be-47d6-972d-a5698c5f7be5","","2018-02-07 16:14:15.886053+00","2018-02-07 16:14:15.886045+00","874fecef-19bd-4815-b95c-55e08140c82c"
"4ac3338d-4946-4dd3-af8a-362aea62eeda","","2018-02-07 16:14:17.861192+00","2018-02-07 16:14:17.861183+00","86422342-854b-4cb8-91cf-f013c0d03f6d"
"6ea5f510-8931-4720-8e21-7a9f6f795266","","2018-02-07 16:14:18.358062+00","2018-02-07 16:14:18.358054+00","6579f04a-e0ef-4523-ac1e-8d9d25a0343f"
"6ee0cfde-4d5d-46b8-b4d5-8ec0447dc6e1","","2018-02-07 16:14:21.185857+00","2018-02-07 16:14:21.185849+00","1bf46e19-d6f7-42ac-8ca2-408723a2a9cf"
"9d199d27-bb15-4d0b-89b0-197570aec9c2","","2018-02-07 16:14:22.146538+00","2018-02-07 16:14:22.146497+00","d14a5a1d-7d7a-445a-ac0c-5b983afb16e6"
"29f95c1e-456c-49d0-95b6-7a7de3aad218","","2018-02-07 16:14:22.809937+00","2018-02-07 16:14:22.809929+00","6b83a5ca-2a64-4fd2-8435-bb222cd8e5c3"
"a8fe5fc1-7703-46df-9cdf-8440f1d8929f","","2018-02-07 16:14:23.35101+00","2018-02-07 16:14:23.350993+00","5af43baf-2a9d-4a2a-9494-020fa2f71889"
"8723c4bd-9296-4334-aa6b-50eec1762371","","2018-02-07 16:14:24.057841+00","2018-02-07 16:14:24.057824+00","10253b31-99b1-4b85-92fb-77b45890222e"
"0329186a-d237-45cd-9ca1-74f33a640896","","2018-02-07 16:14:24.600597+00","2018-02-07 16:14:24.600589+00","33476a77-d598-4a6d-8bef-6af641d2d72e"
"cdf9a999-bb78-47d9-91ae-7aaeb4a75a03","","2018-02-07 16:14:25.223082+00","2018-02-07 16:14:25.223065+00","05c850d5-998a-48c8-9479-41ef08f0a08c"
"46d99e5b-e073-4866-adf2-669ad24c3821","","2018-02-07 16:14:27.20908+00","2018-02-07 16:14:27.209072+00","eb009273-eacc-442c-98c1-be5c8367e274"
"0bf9d8d4-dc9a-4429-a599-6b7d5d1bca7e","","2018-02-07 16:14:28.209422+00","2018-02-07 16:14:28.209413+00","3bd477e3-39c7-49eb-9fa2-9b97c3bf066e"
"7454f677-8913-4d41-b412-df3b2abdeb97","","2018-02-07 16:14:28.809619+00","2018-02-07 16:14:28.80961+00","f1483a33-01e9-4bef-95d2-8b7c738bddf1"
"a0f0bf8a-02c2-452c-856e-bb0e4623ac13","","2018-02-07 16:14:29.727824+00","2018-02-07 16:14:29.727806+00","841ac4f6-bf46-478d-8aca-15ff7741b013"
"026f6300-30f5-4209-8588-400eb8f98fba","","2018-02-07 16:14:31.020438+00","2018-02-07 16:14:31.020421+00","e5d1802b-a696-46f2-9cb0-4dcd964c8f1e"
"9940e6a2-62b0-474b-9d45-de28a49fdfd1","","2018-02-07 16:14:32.666713+00","2018-02-07 16:14:32.666653+00","3076ffd0-475d-4d57-a9d2-52ead8f00680"
"72f80864-daa2-4cb5-b623-968c8ee6eff6","","2018-02-07 16:14:33.206853+00","2018-02-07 16:14:33.206844+00","68fdbb04-b17f-4b6c-98be-b9d061e120ee"
"5183f0ee-1bed-444b-a177-a1f00f07bd2c","","2018-02-07 16:14:34.424635+00","2018-02-07 16:14:34.424618+00","03de9180-472f-4297-ab20-5979197864f1"
"56280b84-234a-441d-81f7-13402d10bf79","","2018-02-07 16:14:37.132942+00","2018-02-07 16:14:37.132923+00","62086f70-f090-4cc3-9826-c2dfd9ae16db"
"f9990dce-46d0-43b8-b74e-e4d7dfebc1a0","","2018-02-07 16:14:40.995009+00","2018-02-07 16:14:40.995001+00","e457e4ec-9d31-4efd-85fb-55c4b6c5b65f"
"2d7d4998-462c-4083-9530-38f75c06d4ac","","2018-02-07 16:14:41.661785+00","2018-02-07 16:14:41.661776+00","f263e975-91c6-410a-bbed-4f0dac69c482"
"7073835d-87a7-403b-9692-ea37c13e0ae1","","2018-02-07 16:14:47.695+00","2018-02-07 16:14:47.694982+00","2b575528-e908-49d5-80d8-6921754a3a55"
"121d451a-e855-40b6-9ae7-9ae085ed809e","","2018-02-07 16:14:49.27732+00","2018-02-07 16:14:49.277302+00","2ca4e8e6-33e9-4ea9-ab70-dfe54a78d9c9"
"4299d715-127d-4285-8e87-f50c94b05bcb","","2018-02-07 16:14:49.693339+00","2018-02-07 16:14:49.693321+00","495ca63b-6c26-49e6-96b3-0779add20f95"
"43f777de-43ba-4739-93b6-1dc01f39f2cf","","2018-02-07 16:14:50.14916+00","2018-02-07 16:14:50.149142+00","1b344b35-2e67-4c98-b3bf-ce2209e3a590"
"34e3dcb0-ac5d-4dd9-8061-4ecbf4ffb1d8","","2018-02-07 16:14:52.144316+00","2018-02-07 16:14:52.144285+00","25ce2ad6-ef5f-40a1-ac18-6b92fbee16a9"
"8ff72fb7-c76a-4d0f-bc40-e0975ed7f81f","","2018-02-07 16:14:52.817723+00","2018-02-07 16:14:52.817707+00","36096d89-7b44-45ca-9ad5-46276ac732e9"
"a9606b7c-72c2-4975-ba71-6fb04a52fcff","","2018-02-07 16:14:53.60555+00","2018-02-07 16:14:53.605541+00","1e1c05d6-b8f2-4c70-917e-0bd13cf2d875"
"d9e76637-6576-4efe-9f58-893c3b4a57df","","2018-02-07 16:14:54.483015+00","2018-02-07 16:14:54.482998+00","cf31d21e-dd45-4675-b5a9-19c3ded3c3c9"
"7690c1b1-c95a-44a6-bcb9-1ffa6908b048","","2018-02-07 16:14:55.024651+00","2018-02-07 16:14:55.024642+00","763846e6-35df-4347-bfe3-8951a0e6067e"
"11d63d89-aaae-4268-aa83-3fefa48e19c3","","2018-02-07 16:14:55.532437+00","2018-02-07 16:14:55.532429+00","393f9cf8-e535-4da3-ba0a-cae7ba2caf8a"
"c6ffcfc3-b370-4b01-9479-22c4c26b7d98","","2018-02-07 16:14:56.351534+00","2018-02-07 16:14:56.351518+00","7670eb12-9063-4ac5-89e1-832c2d3056bc"
"7e94efb7-5f06-496b-a446-119b7089ad82","","2018-02-07 16:15:00.501245+00","2018-02-07 16:15:00.501236+00","6f0c286c-c670-4ef6-9a09-15514c0aae0b"
"7f9db0b3-5fcd-4011-a34b-72599cb74671","","2018-02-07 16:15:00.99925+00","2018-02-07 16:15:00.999218+00","327cdbdd-8cea-4b92-a014-b5f78d353587"
"8f260347-9b42-4559-9f0c-dfe85c4b8f13","","2018-02-07 16:15:02.294155+00","2018-02-07 16:15:02.294146+00","1ee70f57-3b21-43c5-978c-f296db900e80"
"e1331f17-b5fe-487b-937c-8dcda3feeb41","","2018-02-07 16:15:02.872416+00","2018-02-07 16:15:02.872398+00","43b530f2-70cf-4405-a817-e2ada127e867"
"a4d5cfba-ac04-4e88-95e4-d06c30de66f8","","2018-02-07 16:15:03.585398+00","2018-02-07 16:15:03.585365+00","4736bd16-b113-4eb9-91ff-1a23a5f64ee1"
"0bfa1a34-c07f-4495-a07a-cf7bb9a87466","","2018-02-07 16:15:04.14074+00","2018-02-07 16:15:04.140726+00","b7db8739-4f38-49e8-8f8e-4255fe5e4c88"
"1921ad4c-a925-43c3-b8e0-846675bab36d","","2018-02-07 16:15:05.139173+00","2018-02-07 16:15:05.139146+00","448995ac-059c-432a-a279-54e93de2a3d4"
"4f9e15e7-eee0-439e-8c7e-02a474522a44","","2018-02-07 16:15:06.070442+00","2018-02-07 16:15:06.07043+00","8753ce62-f61f-48f4-a9b1-7618e9455c0b"
"58e5345c-91fe-4b28-9009-2c76b84dfe22","","2018-02-07 16:15:06.841065+00","2018-02-07 16:15:06.841047+00","cf06da2e-72ea-43ae-ab5e-c03a942eddea"
"ba0e6f55-e078-4ca5-ad30-1153f4558e13","","2018-02-07 16:15:07.510368+00","2018-02-07 16:15:07.51036+00","6c510eca-68e0-46b7-8346-ea522baf2d1a"
"b3231141-8c27-4548-bd14-68c6ce49f051","","2018-02-07 16:15:08.765773+00","2018-02-07 16:15:08.765764+00","3df2dcaf-3e8d-42f9-9235-3287515f8cd4"
"86825dfb-0eab-43c0-8781-d9770967f93c","","2018-02-07 16:15:11.306108+00","2018-02-07 16:15:11.306075+00","8b0e8fc9-c660-4015-8c1a-1c96039cb0df"
"ac1d36aa-c3cf-4eca-9863-fdd96b3119cd","","2018-02-07 16:15:12.34471+00","2018-02-07 16:15:12.344701+00","d37bd6a9-6711-43cd-893a-ee48cacded3e"
"c6f1a00e-ac31-41aa-ad0c-1bccdcb29deb","","2018-02-07 16:15:15.55041+00","2018-02-07 16:15:15.550402+00","a62d2f26-c754-4331-92c0-5f878fd61b1b"
"02b3b2b3-35f7-4382-a87f-73623bc5f694","","2018-02-07 16:15:16.488038+00","2018-02-07 16:15:16.488029+00","a523b25c-a4a8-477f-abf1-873aec1bfbd9"
"72aaface-632f-43c3-9fdc-fc7e57ee5e19","","2018-02-07 16:15:18.564033+00","2018-02-07 16:15:18.564025+00","da7c19d9-29ad-42c5-9316-c52efed89b79"
"6f8c862c-f733-464f-b02b-6d2218f829b2","","2018-02-07 16:15:19.436444+00","2018-02-07 16:15:19.436427+00","fe78d13d-2f78-45bc-af2c-3dc078f0c5bb"
"209aed11-1b9e-4ba5-818c-ddf0220c7300","","2018-02-07 16:15:19.89452+00","2018-02-07 16:15:19.894503+00","66f881f9-a611-450b-a887-0154a6540e8a"
"229fe8ed-c227-4984-8ba9-e076579828d2","","2018-02-07 16:15:20.601936+00","2018-02-07 16:15:20.601927+00","f77b1764-8ff7-4374-ab86-a0cc9145ac0e"
"b5345e38-ac1d-4105-b400-fb1d95500bbf","","2018-02-07 16:15:21.228341+00","2018-02-07 16:15:21.228332+00","54fe4ab5-53b8-4fde-8e4f-f46797c7f4bd"
"5ac2b3a5-46ac-450b-a561-448f89249af6","","2018-02-07 16:15:21.895267+00","2018-02-07 16:15:21.895246+00","dd0fae69-37db-4add-8631-ed65e5ffb20e"
"dfcf76f8-c3b0-4ea6-befe-538c4bcbdbd2","","2018-02-07 16:15:22.812973+00","2018-02-07 16:15:22.812955+00","718f241e-4348-4e62-af2c-5ad5aec47246"
"d47ad32a-8562-4905-ad62-d4674da44237","","2018-02-07 16:15:24.725622+00","2018-02-07 16:15:24.725605+00","fab3ad9f-5e1c-4339-b97d-574d8f417b90"
"fbbdb7c2-7176-4dad-9a8f-5b675585eb4c","","2018-02-07 16:15:26.338501+00","2018-02-07 16:15:26.338492+00","ae6f678a-97f5-40c2-9cef-0c47194dee43"
"b5175a86-eb4e-4245-901a-10c73e1715d3","","2018-02-07 16:15:26.954166+00","2018-02-07 16:15:26.954149+00","02fe7dee-9119-458d-b318-4f0648146089"
"6f4309c8-17cd-456e-9a56-18de8de4d4d1","","2018-02-07 16:15:28.723437+00","2018-02-07 16:15:28.72342+00","4ff8ec50-aa79-40be-872e-7ac5a5242fe4"
"03a8442a-3cba-42d5-b372-5fc61c22407f","","2018-02-07 16:15:30.100066+00","2018-02-07 16:15:30.100044+00","84889700-ef71-4aa5-94e1-c9766771b47b"
"8bd0780c-eec0-4da2-8a13-a28bef6c9a19","","2018-02-07 16:15:31.937067+00","2018-02-07 16:15:31.937059+00","e7ca58d0-e724-4b4b-84e8-f883c6c850ae"
"7b9bc101-92c3-4d00-85fd-87bf68e1cbfe","","2018-02-07 16:15:32.435519+00","2018-02-07 16:15:32.435511+00","2930f4f2-44c3-417c-b16d-bfad1e26b2dd"
"a83c01aa-508d-4e74-9cc2-455f505cde60","","2018-02-07 16:15:32.97756+00","2018-02-07 16:15:32.977543+00","2e6c08f8-d1e3-4124-971d-6698fab3babe"
"2cb47109-b6a3-4d97-8a1e-7dfd743e3180","","2018-02-07 16:15:33.601596+00","2018-02-07 16:15:33.601579+00","f70109da-54c2-4025-82cd-284b79aa04f7"
"71a7f84e-80e6-4b7b-929a-0c0257580aae","","2018-02-07 16:15:35.635214+00","2018-02-07 16:15:35.635198+00","2717b81c-54a4-4c1c-a587-d06dd579c4de"
"6c3bfc83-fe13-4d86-b0eb-50f8e20cdc38","","2018-02-07 16:15:36.138524+00","2018-02-07 16:15:36.138515+00","04fd22f4-5bf6-400d-97a4-f5760fa30f53"
"08c5a0c2-0cd5-4a04-b561-3f38bb950698","","2018-02-07 16:15:36.951735+00","2018-02-07 16:15:36.951716+00","925e8153-aaff-4ec7-babf-30f5ae32f4e4"
"b68156cd-28af-4a9b-b5e5-9afd00703089","","2018-02-07 16:15:37.368325+00","2018-02-07 16:15:37.368316+00","4a94fc3c-ade2-4090-9e9b-daab0f348bec"
"d79484c8-0ec4-4c87-a26c-11a93c3966a2","","2018-02-07 16:15:38.013003+00","2018-02-07 16:15:38.012995+00","59aca20a-de4b-4f78-b3a5-ce22e9fd0a58"
"f2072a45-a440-4409-a3a7-d52213967ae5","","2018-02-07 16:15:38.554856+00","2018-02-07 16:15:38.554839+00","25b21e39-2a6b-42fe-8a2e-9ae9e8c7d96a"
"ed4be6e0-8e60-4c88-92e8-4cb481c64fae","","2018-02-07 16:15:39.179193+00","2018-02-07 16:15:39.179175+00","3e503143-8962-4046-98a7-03d2007c01b2"
"544cab9f-1042-472f-aac7-fa73f4e4e75d","","2018-02-07 16:15:40.800519+00","2018-02-07 16:15:40.800511+00","254739c9-2bd5-4ea2-926b-11ab08711d1d"
"4414ddf6-6b14-437e-9585-6c51893889c9","","2018-02-07 16:15:41.801229+00","2018-02-07 16:15:41.801212+00","c05fb082-6e92-43b6-88ad-06d9c5e96d64"
"bf90609c-952f-4b19-a4eb-8d51e050b0d7","","2018-02-07 16:15:42.842354+00","2018-02-07 16:15:42.842332+00","056c1e67-2381-4e80-bd54-64366d440439"
"b3f5ebac-ca63-4b4b-8f7f-c1c929847241","","2018-02-07 16:15:43.340919+00","2018-02-07 16:15:43.3409+00","479b14da-7e92-4fdb-92de-c25e4094d054"
"a0c41ea9-5ea3-417f-b3df-5165f50ce77c","","2018-02-07 16:15:44.959055+00","2018-02-07 16:15:44.959046+00","105a3b48-8db8-44a4-99e4-1df1aa6c4d64"
"ddb48d0c-359d-413c-a662-4ccf5fec6736","","2018-02-07 16:15:46.852301+00","2018-02-07 16:15:46.852293+00","f9ce282a-bff7-4789-bcb1-7e1f5028cb5f"
"e19e8bf9-25b4-43d9-be64-cc070de0ef99","","2018-02-07 16:15:47.55865+00","2018-02-07 16:15:47.558633+00","69d10e17-8b1a-43de-9435-9e5326c687e8"
"aa9d1773-cc62-498f-9995-609511b450b3","","2018-02-07 16:15:48.637967+00","2018-02-07 16:15:48.637934+00","c3b4ee9b-8b9f-4c35-a163-244ef2c1ec67"
"0f7c2d12-42d0-49e7-a7f1-5e842528a3ec","","2018-02-07 16:15:49.178756+00","2018-02-07 16:15:49.178747+00","e36a50c1-8bef-45fd-bd5e-15ec6e0cd9b6"
"60de92db-5f53-44a4-abac-0ae237248454","","2018-02-07 16:15:49.803322+00","2018-02-07 16:15:49.803305+00","eecc8b00-223b-4203-82a0-ee0aaa36b5ff"
"6a2b72f6-5704-48ec-a9b4-f3f144af8883","","2018-02-07 16:15:50.673894+00","2018-02-07 16:15:50.673879+00","dedc926a-2530-4af7-b296-db66d311ec67"
"785d1923-2375-4d32-bee8-451126cd50a7","","2018-02-07 16:15:51.878797+00","2018-02-07 16:15:51.878789+00","3f237b58-692a-4b1d-8f7b-5e6054714486"
"fe61ce77-24f2-495d-b525-8b758ab46def","","2018-02-07 16:15:52.37606+00","2018-02-07 16:15:52.376052+00","b852e1fe-8734-4a50-bd7e-1d08633dcea7"
"e3504ad5-a24c-4c9a-981a-0d7aad5c2d9f","","2018-02-07 16:15:54.496979+00","2018-02-07 16:15:54.49697+00","80345d7f-b654-4b26-9618-f9b39fbed37a"
"f731e746-5aa3-4ca0-87fb-a9eb67c0abda","","2018-02-07 16:15:55.366756+00","2018-02-07 16:15:55.366725+00","90c7a70a-2cc8-44f4-bcac-a8652a54e0d5"
"414cd5f6-7f01-4037-8b69-5193e4f07146","","2018-02-07 16:15:56.037701+00","2018-02-07 16:15:56.037683+00","daedab91-4a54-4246-abc2-7532351799ab"
"0fabb888-acc5-4b36-931d-b6c0edd05949","","2018-02-07 16:15:57.803466+00","2018-02-07 16:15:57.803458+00","551d2bfe-9528-4cc9-8dc5-8b70d0595bf4"
"cb3b7b05-2608-43e2-aff9-28a750fa829c","","2018-02-07 16:15:59.841031+00","2018-02-07 16:15:59.841022+00","4b2fdf65-3b6c-44c9-a326-088c325a7bd5"
"760a1790-564a-4159-a75d-f07f13ec7a57","","2018-02-07 16:16:02.003521+00","2018-02-07 16:16:02.003513+00","722d9082-2b2a-4700-b812-52a6bc1acc95"
"975cfe39-9116-4896-8145-71e0c5c90286","","2018-02-07 16:16:02.629807+00","2018-02-07 16:16:02.629799+00","0f6892b8-1a95-4d77-9a95-97dc54feb972"
"d5b77aec-537e-4859-817d-5edecf51da24","","2018-02-07 16:16:03.38023+00","2018-02-07 16:16:03.380212+00","c06c91e1-5d8f-4127-b333-c99fd454f3d3"
"3dddad98-bd2f-4e16-a997-fa9ead082032","","2018-02-07 16:16:04.17368+00","2018-02-07 16:16:04.173671+00","8ed62cfc-2a04-44a2-921d-acc19991a423"
"ac085a2f-2100-4137-a94b-b4044408e977","","2018-02-07 16:16:04.75826+00","2018-02-07 16:16:04.758241+00","c1f02510-9955-45dd-84d2-00766202a3b7"
"38655823-17ce-4b01-a253-9694c994c762","","2018-02-07 16:16:05.923949+00","2018-02-07 16:16:05.923918+00","7587c64b-ce5a-4600-bf33-0d7abf25ee3e"
"c40bb494-fe71-4fdb-af71-54e66c4ed65b","","2018-02-07 16:16:07.730948+00","2018-02-07 16:16:07.730931+00","6f7b0c0f-83a0-433c-8ac8-11335a23b296"
"d11ed04e-de89-45a8-9ccf-7b40b317039d","","2018-02-07 16:16:09.144487+00","2018-02-07 16:16:09.144471+00","cc78a088-ac9a-4741-8748-279a86f10293"
"47fd7e75-847f-4660-a73d-a43daa51b112","","2018-02-07 16:16:10.432694+00","2018-02-07 16:16:10.432686+00","27ddd6ab-9bbe-41de-b209-40ba46795066"
"55e8bb08-f114-4e9f-8f96-e1bee05bb52b","","2018-02-07 16:16:11.389372+00","2018-02-07 16:16:11.389328+00","0c69fe43-2b52-486d-9b12-00a5e37693da"
"da689e5a-4361-4c76-aaa4-41d1ecd9cca5","","2018-02-07 16:16:11.931166+00","2018-02-07 16:16:11.931149+00","f36308c7-020f-479c-9556-60389c65bd88"
"38b07616-3073-4540-84c9-5f7eeb3a5501","","2018-02-07 16:16:13.385324+00","2018-02-07 16:16:13.385316+00","e9a1993d-4ad5-443a-b0fd-7c981be2a8aa"
"da4ac4d7-8d30-44f8-a213-b06b52ff6ccd","","2018-02-07 16:16:14.4231+00","2018-02-07 16:16:14.423083+00","01515e41-7330-49aa-9974-ec39d3eca619"
"a3ad8efe-40b6-4ed9-bd2e-b766e162efd2","","2018-02-07 16:16:17.640453+00","2018-02-07 16:16:17.640445+00","2930f1eb-bac8-44e1-a040-d962bf12f33c"
"24772100-bb4d-48f7-915b-e920c1e377e0","","2018-02-07 16:16:18.26691+00","2018-02-07 16:16:18.266901+00","891404e7-e5d8-4f3c-9111-a49e495e3e5d"
"452b1646-747a-431d-b90f-02808ac3b6fb","","2018-02-07 16:16:20.0238+00","2018-02-07 16:16:20.023791+00","25c27e5c-6cd6-4629-8197-f3b70abf675e"
"4a4f2aa2-9776-48d9-9037-41fddacc7c73","","2018-02-07 16:16:23.365639+00","2018-02-07 16:16:23.365631+00","60e45fb1-32ac-4840-9fea-75beec91f12b"
"b32c6439-7d47-4084-944c-86a978115e80","","2018-02-07 16:16:24.364405+00","2018-02-07 16:16:24.364387+00","5420668d-bf9e-4760-907f-80b0bca39756"
"cf1309f3-450c-4e0b-9d7f-795d6c4bbd3e","","2018-02-07 16:16:25.321347+00","2018-02-07 16:16:25.321329+00","97d10541-ba5c-48fd-8118-d993ad6900dd"
"904d1e10-d95f-4f1e-9d45-5e76f6a7000e","","2018-02-07 16:16:25.735689+00","2018-02-07 16:16:25.73568+00","2eac4f6b-7272-4127-b247-3db4c84a5fbf"
"31a6fd5c-ef46-43ed-b8fe-1c809f111e0b","","2018-02-07 16:16:30.890124+00","2018-02-07 16:16:30.890115+00","d3d1a2ef-b6e4-4b00-9160-ee82a6d3e327"
"4594f031-d329-47ac-b67c-0ce7173434f3","","2018-02-07 16:16:31.865886+00","2018-02-07 16:16:31.865868+00","6d10322d-70f0-42d9-94b2-3c7d006a7604"
"10c429f0-0831-44a9-ad0e-9c304c543c2a","","2018-02-07 16:16:33.821624+00","2018-02-07 16:16:33.821606+00","5790270a-75fd-480b-a484-aa3081e0c36e"
"477616fa-8817-4c95-9a80-7176281a416e","","2018-02-07 16:16:36.476864+00","2018-02-07 16:16:36.476847+00","6c39b5b1-b111-4f17-9745-3677561e4b1a"
"7757d723-9720-45f3-962a-54d76cdf275b","","2018-02-07 16:16:37.51394+00","2018-02-07 16:16:37.51393+00","0d959fb9-637f-4fed-8ba0-6fa6c36f8c35"
"03d72055-faea-452c-a838-93bb0dc084af","","2018-02-07 16:16:38.270805+00","2018-02-07 16:16:38.270787+00","ed9f45d3-f07a-4044-a84b-96f39fbebaed"
"114311e1-5e4d-41d0-8c1f-8e42a5c33490","","2018-02-07 16:16:40.149933+00","2018-02-07 16:16:40.149924+00","10e9883c-08c1-4e54-9ca4-111a00c0ebb7"
"14c7b5fc-0de4-4dd2-add5-fc640e879977","","2018-02-07 16:16:41.164607+00","2018-02-07 16:16:41.164598+00","ac21af35-e896-427a-8ae3-96b19a192040"
"35ad8913-ffea-43bd-be44-0422d13ee4fa","","2018-02-07 16:16:41.713294+00","2018-02-07 16:16:41.713286+00","626d29b0-5b06-4bae-914b-32769c72b345"
"df42143e-fbf8-464d-949e-db7e4e9bd7f8","","2018-02-07 16:16:42.22013+00","2018-02-07 16:16:42.220122+00","e02bdfc8-0fec-447f-b50b-ed20b119e2d2"
"592150ad-4183-46c0-8928-d38f81c190dc","","2018-02-07 16:16:44.929164+00","2018-02-07 16:16:44.929148+00","d50fe5c7-0f15-461e-b132-4e132cf5e9b7"
"6e4bcc95-b302-4c69-a01b-5968e66ab528","","2018-02-07 16:16:45.98043+00","2018-02-07 16:16:45.98041+00","8ba34271-16ee-4114-9357-78d31387976d"
"5f331ca5-6bcb-481b-a0cb-9fb69f2aa39f","","2018-02-07 16:16:46.625473+00","2018-02-07 16:16:46.625455+00","4008cb71-8aea-4cd9-9afa-d007fba17048"
"0d3fa701-eec4-45cd-9d25-7fa689f41854","","2018-02-07 16:16:47.249368+00","2018-02-07 16:16:47.249351+00","26038e13-0175-41ec-9326-aa989cd9fda2"
"3e111489-2b39-4fc2-a3e4-ed3f03257b3c","","2018-02-07 16:16:47.790459+00","2018-02-07 16:16:47.79045+00","fa0d6d84-692d-48fa-a62e-7e2793cf5554"
"593f21c1-958c-4bad-b2fe-454d463a0867","","2018-02-07 16:16:50.63064+00","2018-02-07 16:16:50.630617+00","d8715bcf-5806-4132-b18f-1ef9aa3ac8d2"
"0bcf7e42-3605-4d55-bba5-f8dd27cf1b76","","2018-02-07 16:16:53.461074+00","2018-02-07 16:16:53.461026+00","2c79828f-3fe8-47bc-8285-87649988a168"
"a6a90f36-5339-4d92-a613-f9cbd4c33aea","","2018-02-07 16:16:54.169987+00","2018-02-07 16:16:54.169978+00","43fe918d-886b-4574-999b-8af88b98b9c8"
"76034e46-22d3-48ba-8a24-790ca74611e6","","2018-02-07 16:16:54.753853+00","2018-02-07 16:16:54.753835+00","589ab2f6-bbbb-4687-913f-bfdbc4cf227b"
"3fa6d4de-2608-4523-8ea9-30df7487e2b7","","2018-02-07 16:16:55.805273+00","2018-02-07 16:16:55.805255+00","15ebb059-5c9e-4822-938b-b3aab9b65e21"
"0ed54b16-ecab-4715-814b-064eb2a07a9d","","2018-02-07 16:16:56.227583+00","2018-02-07 16:16:56.227574+00","b501e131-c04e-4d39-ba5e-fd12ce2899cb"
"138a45a9-0299-4240-9282-b63e6c539769","","2018-02-07 16:16:56.916811+00","2018-02-07 16:16:56.916802+00","30f16dcf-7049-43d8-913b-c6b5ebb6f16f"
"5998437f-1adc-48e7-9116-3b27f59f62d7","","2018-02-07 16:16:59.705235+00","2018-02-07 16:16:59.705218+00","4903e31b-ac3e-49b9-8295-93d5d42ef1c6"
"5ed9992e-c8eb-4ee1-a53f-1ac73465666a","","2018-02-07 16:17:00.371597+00","2018-02-07 16:17:00.371589+00","4fc5097b-6ab6-400f-b8ea-f05ba8dd6da8"
"b729ab8e-e901-4a10-b89f-861a57d525b1","","2018-02-07 16:17:00.871798+00","2018-02-07 16:17:00.871774+00","0673568e-24c8-4c06-a0a2-1b96808cc21d"
"fe0a4429-4abe-4a4c-8112-71ce40a48591","","2018-02-07 16:17:02.477756+00","2018-02-07 16:17:02.477737+00","0931c22a-67b2-4d5b-b667-5839c85d4c25"
"546f37b8-f797-434d-9683-bfe96a7507bf","","2018-02-07 16:17:03.436483+00","2018-02-07 16:17:03.436465+00","107666d9-e65c-4566-a531-5ce2418d3426"
"83b0859b-8f2a-40e0-b9d3-532f3ba74e0f","","2018-02-07 16:17:03.853507+00","2018-02-07 16:17:03.853498+00","ba595484-6583-42fd-9676-5859f00effdd"
"6913e5e8-dbcf-4149-a4d4-43ec7441ea33","","2018-02-07 16:17:08.093493+00","2018-02-07 16:17:08.093484+00","931a2b5c-d5a5-44a1-8fac-43b944be23ae"
"69b664f7-452e-4004-b96a-dbb68a58dc49","","2018-02-07 16:17:08.717531+00","2018-02-07 16:17:08.717513+00","8997220f-7c93-4799-bef5-2bcb197eddc7"
"aa620825-782b-4ae0-8a72-e2276e51d126","","2018-02-07 16:17:11.194504+00","2018-02-07 16:17:11.194495+00","ac196b3a-9383-44cf-9e75-5afbe0fce85b"
"2aac9e5d-3284-4736-845c-191787587e66","","2018-02-07 16:17:17.343034+00","2018-02-07 16:17:17.343016+00","47a3a00f-f068-4f8a-a51e-5ad2a0566c3a"
"d6bb1120-6c20-46dd-a0f9-ef7e516127aa","","2018-02-07 16:17:18.425161+00","2018-02-07 16:17:18.425153+00","ea817ff6-52a9-4173-8da7-af8ee09c60e1"
"e21064eb-6e08-4c6d-a116-d5c3a76e8573","","2018-02-07 16:17:22.090185+00","2018-02-07 16:17:22.090177+00","5fc75e23-8d8f-41b4-b01a-57c65f1c5d10"
"6ce3d65d-1253-4cd0-85b3-6ad4abbe965f","","2018-02-07 16:17:22.634554+00","2018-02-07 16:17:22.634545+00","5d1c7b5c-7cf9-482a-bf77-75ef5ce0b47c"
"9f11210d-91b6-4871-9cb9-1585db96e053","","2018-02-07 16:17:23.261996+00","2018-02-07 16:17:23.261988+00","68318b5f-e93b-4d0f-95d8-2a359e6ef932"
"1c1f880c-04eb-473b-bfe0-2ffbe3b5f71f","","2018-02-07 16:17:23.762393+00","2018-02-07 16:17:23.762384+00","83142708-bf96-4f72-a229-7329c17848f4"
"36f7684e-08ac-4c47-af04-ce490e039388","","2018-02-07 16:17:24.479396+00","2018-02-07 16:17:24.479388+00","e7b12eda-c9c2-4d42-9868-4776992d628d"
"e077c620-939e-4195-a808-f599e4d42498","","2018-02-07 16:17:25.863442+00","2018-02-07 16:17:25.863425+00","e157be4d-335c-4e42-8462-f54c2295e154"
"27f7abcd-5870-41b4-a5f3-2ac1bf73526a","","2018-02-07 16:17:28.092837+00","2018-02-07 16:17:28.092806+00","415dcf33-a083-4f92-8dea-7a3325b19661"
"3667b2cd-9fa1-4a41-8a67-f515f15bf7bc","","2018-02-07 16:17:29.347536+00","2018-02-07 16:17:29.347521+00","b3577691-e021-4234-9a68-94dc32c5512e"
"33bcbfb0-c52a-48c1-90b5-fd18ecf7f794","","2018-02-07 16:17:29.974944+00","2018-02-07 16:17:29.974925+00","9899be83-5314-4b72-bc32-ccbe32eb8a10"
"58245039-24da-4ee7-ab7a-2dc2547f5f6d","","2018-02-07 16:17:30.390703+00","2018-02-07 16:17:30.390693+00","1a9c3204-018e-4035-816f-bccbaef95442"
"797f31e9-f4be-4789-8426-7bd4dd0bbc54","","2018-02-07 16:17:31.266585+00","2018-02-07 16:17:31.266567+00","e6bbeadb-9d4e-476d-a5fb-da61a6525a90"
"456ce05f-36fd-44be-b0f1-92ae1aaabc49","","2018-02-07 16:17:31.81243+00","2018-02-07 16:17:31.812421+00","2e7271bc-68cf-48ee-b86c-8c8d01ba0033"
"c3c8d27e-978e-4dc4-907d-799ac174e971","","2018-02-07 16:17:32.314465+00","2018-02-07 16:17:32.314457+00","d6703932-4d8d-4c65-83a7-ff0b7a184bb1"
"abeb31a1-3f5c-4662-bbe0-75db394f9b9f","","2018-02-07 16:17:33.685114+00","2018-02-07 16:17:33.685096+00","a7fb01be-9974-404e-9b60-dd3f3259c22c"
"d6143023-79d0-462f-999e-672584fa6324","","2018-02-07 16:17:35.637159+00","2018-02-07 16:17:35.637151+00","fcafe2c8-678a-4bd6-87dc-ccfe26ba4900"
"c25d6a1b-dfe6-4e81-a017-0c694f1aa633","","2018-02-07 16:17:37.993076+00","2018-02-07 16:17:37.993041+00","406725b3-7f8b-49e4-a5cc-57dc0d678638"
"48a02cdc-da47-45ad-be26-3156c53829c2","","2018-02-07 16:17:38.452261+00","2018-02-07 16:17:38.452244+00","8ce389b8-d09f-4c87-8843-f79f0d9a6c3f"
"c8ebdb58-96b4-47da-9072-ee4444b30596","","2018-02-07 16:17:40.067768+00","2018-02-07 16:17:40.067751+00","6e3dfaa8-8447-4496-9a9b-54cfdf05af7b"
"513ba0ce-54cd-4656-a99a-ac691c2a4e5f","","2018-02-07 16:17:43.824093+00","2018-02-07 16:17:43.824078+00","f8bfdd34-f34d-4de2-ba1a-f6622a5cc0e2"
"65185cc3-8966-4949-a55e-c57ba5168b95","","2018-02-07 16:17:44.452923+00","2018-02-07 16:17:44.452903+00","605ffa0e-4e0f-46dc-a059-83f2f3edf0b2"
"670abf28-cde3-44ba-bf3f-5037807fe956","","2018-02-07 16:17:47.178278+00","2018-02-07 16:17:47.17827+00","1493a4b6-a703-4d05-9439-309932b91d82"
"561d3319-6399-4ddd-8ef6-697e3f0fb3b1","","2018-02-07 16:17:49.880003+00","2018-02-07 16:17:49.879972+00","f23b34e9-9270-40d8-9ead-b6df209ec468"
"040cd7e1-64cb-4ddd-9c1d-6343d96c9f37","","2018-02-07 16:17:51.498296+00","2018-02-07 16:17:51.498288+00","80c7c635-1b73-4b92-98fd-e81bf43e902b"
"a9e57c64-2ee9-4390-8867-1294ecb2f46a","","2018-02-07 16:17:52.871236+00","2018-02-07 16:17:52.871228+00","4325d78f-245a-4df0-b025-3255456c41ae"
"efd35648-f9a5-42fa-bbb0-0cee04a3802d","","2018-02-07 16:17:54.822246+00","2018-02-07 16:17:54.822236+00","067c72d8-e046-44a7-8881-7bb5f20b3654"
"e87ce39f-5424-4fe1-b6a2-888893aa1493","","2018-02-07 16:17:56.203001+00","2018-02-07 16:17:56.202984+00","bd1d1139-7b0e-404a-95a4-bc290279c8a4"
"0188930c-dda8-4090-912c-290f6b392b34","","2018-02-07 16:17:58.34067+00","2018-02-07 16:17:58.340662+00","6d9f0311-9d2f-495d-b1fe-9f1037b22396"
"2d0052a7-8d23-45bd-b43b-416cdd1b94be","","2018-02-07 16:17:59.296047+00","2018-02-07 16:17:59.296038+00","0ef0995f-554a-42ff-b511-9bd0df083805"
"e2efcb11-f918-4d52-a5b7-6cc5ac13346e","","2018-02-07 16:18:01.422056+00","2018-02-07 16:18:01.422047+00","7b6786f3-fb93-492e-85bc-667fee5ba869"
"c5a02005-8aa0-4ea1-95b3-92093481d5ba","","2018-02-07 16:18:01.923877+00","2018-02-07 16:18:01.92386+00","73c4294f-22ca-4a89-9816-041f4842291e"
"27df8b07-c416-4537-8a42-a70756ac88f0","","2018-02-07 16:18:03.349022+00","2018-02-07 16:18:03.349014+00","93ad554e-8859-4fe0-9fbc-f692ced2cc58"
"62cace9f-065a-4753-ab5f-5f171db19955","","2018-02-07 16:18:10.252556+00","2018-02-07 16:18:10.252547+00","a6a59839-a98e-4ade-858e-fb2f917e930a"
"1e4ca8c6-ef55-4f2c-a4a2-5562fce68efc","","2018-02-07 16:18:11.087367+00","2018-02-07 16:18:11.087339+00","8509880f-a758-4ada-83f2-cc90b6e129fb"
"98c6e338-a94d-4383-ba02-1c9b18cac779","","2018-02-07 16:18:12.681705+00","2018-02-07 16:18:12.681697+00","ebf06b0a-a793-40e7-a107-44bc45e2804f"
"df04eb10-2d31-4b08-b126-a22f488144bb","","2018-02-07 16:18:13.220429+00","2018-02-07 16:18:13.220421+00","0dde22c4-2d09-4b6d-a0d9-baa698a32c09"
"a60c7fd1-1873-4661-a90b-9ce7146ce2bf","","2018-02-07 16:18:13.845319+00","2018-02-07 16:18:13.845309+00","33293fb7-8b9f-43e8-90dd-2f3df41cc98a"
"c7b02a93-1a39-4d15-83e6-0bcc26c264f0","","2018-02-07 16:18:14.349884+00","2018-02-07 16:18:14.349876+00","db5e913b-5b01-43ba-acfc-ca589155e4ce"
"2d589e9f-b904-4fe5-851b-1828370c53b7","","2018-02-07 16:18:15.321184+00","2018-02-07 16:18:15.32117+00","bb302a0c-38a1-4cf4-b3d2-2e0980d035fe"
"b8f2dea9-a6d2-4c84-a33b-c41d71d738aa","","2018-02-07 16:18:16.681757+00","2018-02-07 16:18:16.681738+00","51531b7f-8f75-41b2-8e7c-0c3d00c59a9c"
"df046cd0-e7ee-4f04-aa2c-46b9349556ee","","2018-02-07 16:18:17.766582+00","2018-02-07 16:18:17.766574+00","e2fffc69-3dde-41d8-a647-2d66392b8b2e"
"06ed7ed8-c2f2-4003-95cd-196a5a017321","","2018-02-07 16:18:18.273291+00","2018-02-07 16:18:18.273283+00","c365ca32-abed-4433-9f21-0f4c1a96bff6"
"224c5ee8-d629-4e9c-be79-c2cf7fcfd62a","","2018-02-07 16:18:19.051257+00","2018-02-07 16:18:19.051249+00","c13f9ab9-00f1-4217-967d-ac56ef2bf2a1"
"1d1b0a63-d556-4c6c-8eb7-e657b63b27e9","","2018-02-07 16:18:20.344224+00","2018-02-07 16:18:20.344216+00","12bd346a-5779-4fc3-876a-7d0a3dfe4c20"
"ee5bbb68-b88d-4280-a064-e5ba2b08eb85","","2018-02-07 16:18:22.13694+00","2018-02-07 16:18:22.136931+00","20782d0b-9466-45cb-ab4f-13a9fe7f6c29"
"ee1ddc12-6cba-4e1b-81f5-3552a502faac","","2018-02-07 16:18:23.551758+00","2018-02-07 16:18:23.551749+00","defe0ea4-93a0-4a33-bb74-f1ec6d2d130a"
"4b2ac4c4-58ae-4df8-a475-4b1feb86154f","","2018-02-07 16:18:24.635735+00","2018-02-07 16:18:24.635727+00","dca3b4f1-439b-4494-b285-945fcba5a5b1"
"dc6035f0-b90b-42d0-844a-7f219ba25e6b","","2018-02-07 16:18:29.191435+00","2018-02-07 16:18:29.191417+00","374197ed-66e4-47cc-8fcf-5c1b968f760a"
"38a93c77-8346-4d0c-9fd7-06dc14a6eea4","","2018-02-07 16:18:30.073695+00","2018-02-07 16:18:30.073686+00","8769037e-201c-4dcc-8982-fbc42dfba3dc"
"2c8cccc2-aa87-42d8-b65c-ab9ad6853d07","","2018-02-07 16:18:30.912978+00","2018-02-07 16:18:30.912969+00","2a0876ef-c681-492d-93aa-52878947ac99"
"982ea93e-2859-4ecf-8d99-9e99dcf9d0c3","","2018-02-07 16:18:31.581642+00","2018-02-07 16:18:31.581633+00","52e9e136-2dbe-4c76-89f2-1cdab70c0cae"
"7b288845-b1db-4949-b10c-7f00a939e0b2","","2018-02-07 16:18:32.082853+00","2018-02-07 16:18:32.082846+00","a8d36d53-28c9-48be-a19a-37531575de4d"
"e871153d-fe07-4c93-a162-a65bc6ae0a64","","2018-02-07 16:18:33.167303+00","2018-02-07 16:18:33.167295+00","4e68f066-bad3-4722-8e5b-608977e917f1"
"74ec2cf7-3392-491d-8a33-aef36ec9ef99","","2018-02-07 16:18:33.668631+00","2018-02-07 16:18:33.668622+00","19e7cbe5-fdda-47e2-9ab6-2872ed704ae2"
"72863eeb-9a43-4e3f-91f3-74b9bdad9aca","","2018-02-07 16:18:35.044231+00","2018-02-07 16:18:35.044208+00","177538d4-98cc-41d2-ac70-dfa2ba7f06d9"
"de7f99f7-d4d6-4640-bedc-f9bcb0570c5a","","2018-02-07 16:18:35.5466+00","2018-02-07 16:18:35.546592+00","703f3927-f583-4970-a58e-6966542976fc"
"f71181de-55f8-45c4-9fca-4adf713fb096","","2018-02-07 16:18:37.231029+00","2018-02-07 16:18:37.231021+00","477d5465-301a-4df9-955d-22acab9efd03"
"8826d69d-6199-4801-b2ea-064e04676735","","2018-02-07 16:18:38.158311+00","2018-02-07 16:18:38.158302+00","757b23ed-783c-4721-947a-37a1f51b3c5c"
"2813ea85-cf47-497d-9239-324d93742cb6","","2018-02-07 16:18:38.999098+00","2018-02-07 16:18:38.999089+00","c9fe24d2-20f2-4700-ba59-239dd9442a3d"
"305bbaa5-5f0d-4506-bd3c-68e795a4642b","","2018-02-07 16:18:39.839404+00","2018-02-07 16:18:39.839395+00","d1052ee9-8422-417f-a436-1f2fbd33b171"
"6c750fc5-e086-43c2-acdd-1e5979ac9549","","2018-02-07 16:18:41.18449+00","2018-02-07 16:18:41.184481+00","ae80340a-990f-4a82-a351-a7ee534d86dd"
"fce8b7b9-596c-4531-8ce7-d4268ea8dfb3","","2018-02-07 16:18:42.145156+00","2018-02-07 16:18:42.145148+00","f4dd3b51-f071-47c6-974e-fbe0c1559d11"
"49d1a861-4745-4097-99b7-e15a0fe51b05","","2018-02-07 16:18:44.351909+00","2018-02-07 16:18:44.351901+00","59bab0f2-915a-4c85-b890-bad6c85dd659"
"9d74bf8e-0b7d-424b-abbe-900b1b382427","","2018-02-07 16:18:44.851417+00","2018-02-07 16:18:44.851408+00","ab277b8a-be91-4185-833a-5ab2cd381294"
"9db02106-1ae5-42c0-8910-297e53e1238e","","2018-02-07 16:18:45.481155+00","2018-02-07 16:18:45.481147+00","b9a76143-f2c5-493d-a72f-2fec9ee56ff6"
"dbfba8f4-ab17-4eea-bdb0-bbe5ec63ce85","","2018-02-07 16:18:52.553121+00","2018-02-07 16:18:52.553105+00","0937d24a-a7ed-4b9a-bd92-9774459a4073"
"872f61a9-36e7-43c0-a0c9-06dca27ce79c","","2018-02-07 16:18:53.845994+00","2018-02-07 16:18:53.845985+00","727bf4c6-63b8-447f-8299-c07b72903735"
"d1eb4990-09b0-4a12-9b44-8e11b04dc504","","2018-02-07 16:18:54.352709+00","2018-02-07 16:18:54.3527+00","607ff46f-89c0-4e80-9e2e-341f29c34e65"
"82e2a275-6bb7-40f4-8405-ade5fb192d62","","2018-02-07 16:18:55.609303+00","2018-02-07 16:18:55.609286+00","35b295a4-5091-4664-8ef4-b3a0de1cd355"
"c70fa881-87ad-4af1-b89e-89e781feea9e","","2018-02-07 16:18:57.375509+00","2018-02-07 16:18:57.375491+00","891d197f-6836-429d-9c2d-bafc6db24854"
"198e7909-b4ca-4258-b26f-23fc6c8fef26","","2018-02-07 16:18:58.254612+00","2018-02-07 16:18:58.254594+00","392a4f1d-70c6-4de4-8905-3932e96d8b8f"
"7280e432-e254-4437-909d-f078d300e4e3","","2018-02-07 16:18:59.126671+00","2018-02-07 16:18:59.126662+00","a75d0a68-a4ca-4680-a6ca-ad452a64b8f5"
"1de133fe-cbc4-4e02-bdf0-75b378c4795a","","2018-02-07 16:19:04.627961+00","2018-02-07 16:19:04.627953+00","ece88a89-90e1-43d9-8fc9-eb5004f07c6f"
"945dd94c-e158-408a-8def-286308da380b","","2018-02-07 16:19:06.05251+00","2018-02-07 16:19:06.052501+00","b307d457-f32a-450e-96f7-64b179ca1a46"
"bd933989-58c9-4f1e-afcb-8aec69c1e669","","2018-02-07 16:19:07.199164+00","2018-02-07 16:19:07.199146+00","5bfb0568-78bc-4db5-8c4a-b47f30f80c75"
"22d6209d-4caf-43e6-8c7f-c65d69a6bd39","","2018-02-07 16:19:08.452834+00","2018-02-07 16:19:08.452826+00","f087b213-aad0-4872-afc8-87a132d1e179"
"62da89cb-1856-4a7a-9491-c26a426b081b","","2018-02-07 16:19:12.03357+00","2018-02-07 16:19:12.033561+00","f66d076f-77a2-4c46-bceb-1805cf0a86bf"
"12a1018a-83c5-4231-9ca9-3875bdb9279f","","2018-02-07 16:19:14.327723+00","2018-02-07 16:19:14.327714+00","9ce6ab51-7780-459c-ab82-255c9c386f2d"
"b36f10c3-6f8b-490a-b793-313a37f4bc11","","2018-02-07 16:19:15.075813+00","2018-02-07 16:19:15.075805+00","d739be58-29ac-4647-8a6a-25382a4a4051"
"033fbf64-d7fe-4127-93f2-8103535e7d05","","2018-02-07 16:19:15.987199+00","2018-02-07 16:19:15.987189+00","8422cb7f-be36-4839-bf47-36de8ac0a6fe"
"9437cfea-8ac5-4932-a593-3fc4637cbf17","","2018-02-07 16:19:17.066335+00","2018-02-07 16:19:17.066319+00","583e2ccb-5af6-4e1d-9cf8-2eaf56fd2f7e"
"da1dbcb3-283e-4e3a-8181-2b73729b2f11","","2018-02-07 16:19:17.482442+00","2018-02-07 16:19:17.482433+00","e8ccd60b-1bb7-4a01-93a9-fb64fdaf351a"
"d2b610d6-33d9-4e6b-8704-5bdd59a0e87a","","2018-02-07 16:19:18.564571+00","2018-02-07 16:19:18.564562+00","74f5eddd-14cc-4c9b-9fc7-123071c7aa80"
"a363657b-d312-4f6a-b024-a64af43b3279","","2018-02-07 16:19:19.187237+00","2018-02-07 16:19:19.187227+00","0cf0f9a5-1ec9-4470-ae25-a8ad10a86b61"
"5ae3d6d5-d0bf-4aaf-961e-b15b51719003","","2018-02-07 16:19:19.870846+00","2018-02-07 16:19:19.870838+00","d7a51784-a51f-4f13-9be7-b99bd3f5c43a"
"224d5c9c-fa9e-4267-a854-03211021cf2a","","2018-02-07 16:19:21.963896+00","2018-02-07 16:19:21.963886+00","fc9bab8e-1657-4b8a-8ddf-de395ecd1724"
"a79697a8-d05b-454a-812d-9820200190bb","","2018-02-07 16:19:23.668074+00","2018-02-07 16:19:23.668065+00","5b2819cb-77e3-4906-9c3a-14c79289178d"
"0a65b0a0-eb3e-4569-ad30-729d87720c0e","","2018-02-07 16:19:25.180062+00","2018-02-07 16:19:25.180054+00","b99696a2-6509-4fbe-8f65-3d30779d3d2d"
"5af48526-cba9-489a-a173-e8c78add1e62","","2018-02-07 16:19:26.781954+00","2018-02-07 16:19:26.781946+00","252721a6-0040-44c1-97f5-9e32c824dba9"
"997c3d0c-fe2b-4258-b4a7-0c9ab3c2178f","","2018-02-07 16:19:27.267144+00","2018-02-07 16:19:27.267136+00","999cb314-8d05-4988-83f6-b4ed932094a8"
"72e5994a-173b-42c7-8657-1e4bd69dc4c8","","2018-02-07 16:19:28.922765+00","2018-02-07 16:19:28.922757+00","f4eb40ff-68ca-4ba2-83ca-323a2f7bf139"
"07f00333-a140-4a01-8c6c-776c5306e601","","2018-02-07 16:19:29.528424+00","2018-02-07 16:19:29.528407+00","99b50f62-630c-4846-9295-758b87bd6905"
"569e1461-5cb2-48e9-a98b-bf575f1d7dfe","","2018-02-07 16:19:30.943007+00","2018-02-07 16:19:30.942998+00","df941142-2e1e-455a-9f69-6782e2135792"
"5dcb606a-d20e-405a-a8e5-a22a15dc25a4","","2018-02-07 16:19:31.79547+00","2018-02-07 16:19:31.795462+00","6215d500-3643-404f-ba63-e1f2a400719a"
"d661d448-23bd-42e3-9dc4-7150fd6fece4","","2018-02-07 16:19:32.317003+00","2018-02-07 16:19:32.316994+00","f99d5e67-76a7-444a-a647-eadd6f34342c"
"a407204a-b0a0-47b1-b851-0b1ac7408053","","2018-02-07 16:19:33.405036+00","2018-02-07 16:19:33.405029+00","f210e2e2-6b87-45ee-ae32-cc9b4a76921f"
"cf2f9b71-f886-481a-a642-9a2064e6ec16","","2018-02-07 16:19:35.551096+00","2018-02-07 16:19:35.551081+00","1d88fb9e-4d33-42b7-9c4c-7c8d60d2afa7"
"b9617c70-c28e-4746-a04b-14afdaf6cc07","","2018-02-07 16:19:36.032907+00","2018-02-07 16:19:36.032899+00","d27901dd-1e67-4fb6-9e1a-eecd1217a552"
"97588779-4f51-430f-a1a3-2b42e7d23ebe","","2018-02-07 16:19:37.157043+00","2018-02-07 16:19:37.157034+00","e444e538-a2ed-4747-814c-a285905ee946"
"ce77b1af-bcab-43aa-8001-c7a72bec97f0","","2018-02-07 16:19:39.230416+00","2018-02-07 16:19:39.230408+00","158ab8ab-5539-4f8d-9963-7ff18aa7c3c4"
"4220a5c0-d598-4acc-abce-be9e0356c4cf","","2018-02-07 16:19:41.150028+00","2018-02-07 16:19:41.15001+00","4f96e434-e3cc-4dcf-827a-65b1299d52e3"
"b06e381c-275f-4ef9-a857-99a33bc83723","","2018-02-07 16:19:41.884173+00","2018-02-07 16:19:41.884165+00","9b8f3f6b-5a31-41c0-a388-e379f74a8321"
"072b5abb-8248-49ff-9d5d-aa9c4d911e86","","2018-02-07 16:19:44.444046+00","2018-02-07 16:19:44.444028+00","3c7e76ca-831e-4443-a05b-92480e40cc8b"
"d8e1e90f-97bf-4316-ae72-69e1e89df5e9","","2018-02-07 16:19:45.564824+00","2018-02-07 16:19:45.564814+00","2ba6262a-de3e-446d-bbfe-2861db75e429"
"2f5edeba-b41b-4607-950c-b993811cc7f0","","2018-02-07 16:19:47.451403+00","2018-02-07 16:19:47.451385+00","78010491-e3b7-4560-abc6-cd3cb06e8d18"
"02fc2162-3d53-4519-a483-f25b90109a68","","2018-02-07 16:19:48.275155+00","2018-02-07 16:19:48.275146+00","bec1154b-935e-435b-8173-3552a6b5b802"
"73c1655d-f300-42e4-93d3-1a13d8af1fb4","","2018-02-07 16:19:49.540616+00","2018-02-07 16:19:49.540598+00","5a85a8fc-c91b-4039-b83c-fc84250406b1"
"9878f8b7-5b87-49df-9329-6feeb01d88df","","2018-02-07 16:19:49.953315+00","2018-02-07 16:19:49.953307+00","ff1a24fc-5d60-4396-a697-19b03d30a330"
"e146bb23-9992-46fa-bacb-263cf207f451","","2018-02-07 16:19:50.525755+00","2018-02-07 16:19:50.525736+00","ba90faa8-dac7-4a86-a305-b415b6d06de9"
"13475716-f267-4460-911f-5ab6f1fd21f0","","2018-02-07 16:19:51.220944+00","2018-02-07 16:19:51.220927+00","065d2202-67fa-4dd2-9dfd-9c09f7abf701"
"8bb314f9-7bab-42df-9cde-ead944487b31","","2018-02-07 16:19:52.863492+00","2018-02-07 16:19:52.863484+00","db617511-649c-44bc-9440-cb2c26de5f04"
"bc997c6f-2532-4b71-8eb4-083df044aba9","","2018-02-07 16:19:57.370627+00","2018-02-07 16:19:57.370618+00","3bfa1b00-93a6-48c7-a033-97ba85259872"
"5c970700-5636-4d72-b518-0f7d3ed87d2d","","2018-02-07 16:19:57.895253+00","2018-02-07 16:19:57.895244+00","e492e2f5-f205-4708-a8b3-0e35e2d7e81b"
"3c9f48f8-253b-4937-a096-7bde1c1d101a","","2018-02-07 16:20:00.776749+00","2018-02-07 16:20:00.77674+00","be975cf1-b77c-449c-80c4-9df4d4d69cdf"
"4fac0766-991f-4099-921b-9a0aeef75f21","","2018-02-07 16:20:01.259158+00","2018-02-07 16:20:01.25915+00","38ababd8-47dc-4ec1-8191-0106c8ce133f"
"964769a9-4914-48b9-8647-afc76902891c","","2018-02-07 16:20:06.899937+00","2018-02-07 16:20:06.899914+00","d8d87b29-22f7-4f73-b14c-8d29eaea897d"
"d0f71d61-066c-4128-b8a3-29dec3b1ce6d","","2018-02-07 16:20:07.382879+00","2018-02-07 16:20:07.382872+00","c41de225-919f-4a0c-b685-5abfbdb40352"
"3b491339-fbaa-4577-b0d5-a0023b993987","","2018-02-07 16:20:07.985616+00","2018-02-07 16:20:07.985597+00","f6d3071a-f203-4583-bece-e511723f7b99"
"4d6a4f5e-f262-4e7e-b0bb-04264da5ab93","","2018-02-07 16:20:08.389568+00","2018-02-07 16:20:08.38955+00","e5034f3e-32d2-4cb9-8f36-0d87054b268a"
"4c64c0e0-9e56-4d3c-af9f-77622ded3981","","2018-02-07 16:20:08.790628+00","2018-02-07 16:20:08.79061+00","0fd2f26e-262e-4eb0-8884-d0d8fde8a5b7"
"93cf2a62-4cdd-49dd-a3e0-347460b7974b","","2018-02-07 16:20:09.596559+00","2018-02-07 16:20:09.59655+00","389b55f6-c30c-4823-a3ea-e8f38125b104"
"978dd1f3-f2e6-4c9b-a331-38a869a97cd5","","2018-02-07 16:20:10.66129+00","2018-02-07 16:20:10.661281+00","34d3aa90-e927-4d1c-b76e-97f04304da27"
"5cd62b11-5c1c-4ee1-80f4-7cdaf23c6897","","2018-02-07 16:20:13.985489+00","2018-02-07 16:20:13.985471+00","df49b264-a6cf-44aa-be8b-f24a39d9381c"
"678c45ab-81cf-45b6-a7bd-21c1e93c61f1","","2018-02-07 16:20:17.994927+00","2018-02-07 16:20:17.994918+00","6a239eef-6c0e-4396-947e-ba46329b8de1"
"98743b0d-ccd7-47ce-b62f-e11beb573dd2","","2018-02-07 16:20:18.606+00","2018-02-07 16:20:18.605968+00","36d9045f-31e4-484d-82fd-ed9de163eb5f"
"ee2ec498-942a-4b78-a43b-b1dee0f457bb","","2018-02-07 16:20:20.351486+00","2018-02-07 16:20:20.351469+00","7002c276-ad4a-4e6e-bfa4-03fa462ee0d9"
"a92880cc-58e1-4460-ae81-262ca4fe4424","","2018-02-07 16:20:20.879484+00","2018-02-07 16:20:20.879475+00","5dbedd15-2ddb-45f0-a17c-ad0aa7edcd3c"
"09fa360b-21c6-4451-8615-4315edd1339d","","2018-02-07 16:20:21.368352+00","2018-02-07 16:20:21.368343+00","2db9c11d-7a0a-4858-856c-04eda4a2fdc8"
"611fc4c7-5334-4bc6-9eb2-06f9ed3bf2ed","","2018-02-07 16:20:21.85913+00","2018-02-07 16:20:21.859123+00","4ee16647-7dcd-4fd6-a913-2a1e9f424675"
"c00779ea-0cb8-43bd-b7f3-bb977623f8e2","","2018-02-07 16:20:24.401101+00","2018-02-07 16:20:24.401083+00","90ef315d-0ee4-411e-bf9e-45913a871840"
"99d1c4e4-f51f-4caf-89d0-096d3b95a317","","2018-02-07 16:20:27.685141+00","2018-02-07 16:20:27.685122+00","05f32830-7941-4881-9a56-782dd10ae12c"
"6ad33c4d-70de-46e0-8811-667be21d7764","","2018-02-07 16:20:30.300867+00","2018-02-07 16:20:30.300859+00","da012604-2326-415b-b342-faaa5d7e19dc"
"6667a8a7-8600-4a02-b325-9b7108363e76","","2018-02-07 16:20:31.24995+00","2018-02-07 16:20:31.249932+00","82044fc1-8a95-46ca-8c4f-054bbc0fe720"
"1538a9dc-a590-4f31-83b2-f682bf78958c","","2018-02-07 16:20:32.224562+00","2018-02-07 16:20:32.224552+00","656cc8b0-9411-4411-be52-11c1482b5ef0"
"53ab6e4f-fe8e-4832-b5db-5ea6d83f8bb8","","2018-02-07 16:20:33.280053+00","2018-02-07 16:20:33.280036+00","7956ebf7-98ff-44fd-839b-1a484fcc8f32"
"1b13b12c-17e0-4e89-9d91-3d5a4220a302","","2018-02-07 16:20:35.555279+00","2018-02-07 16:20:35.555262+00","e4af3c9e-ec58-43a2-b397-c7fdba57d416"
"747bd47b-bb89-493d-bc48-a70501e2edca","","2018-02-07 16:20:36.366982+00","2018-02-07 16:20:36.366972+00","31b1dd85-15f4-425d-8a6c-b9457ecc9c1f"
"18875e18-a0f1-47d2-a06c-db10cf4ae856","","2018-02-07 16:20:37.88111+00","2018-02-07 16:20:37.881101+00","3aadec2a-417a-40f1-8a0e-926f9c10289c"
"4867bc47-077f-403f-b7c1-8a69bfdaa54c","","2018-02-07 16:20:39.251441+00","2018-02-07 16:20:39.251422+00","52eadf3f-0df4-4076-9a53-b69151bbf746"
"5a74abb1-7d5e-4a57-b086-f943da4d2925","","2018-02-07 16:20:42.727519+00","2018-02-07 16:20:42.727502+00","9df627d9-f68b-4d4a-8628-1e46246ca8cf"
"e61101a7-4efc-41a3-8c2d-98b09958b7b2","","2018-02-07 16:20:43.133313+00","2018-02-07 16:20:43.133289+00","c8c55316-4f27-4430-8fbc-3907285b4f32"
"3838cc40-7375-4c7a-8ec2-60f538540df6","","2018-02-07 16:20:43.986806+00","2018-02-07 16:20:43.986797+00","46b1f35e-14b0-4936-9645-f1736eced476"
"d48e2757-a200-4741-9bb9-e1ec0f27a704","","2018-02-07 16:20:45.290544+00","2018-02-07 16:20:45.290526+00","6077023f-cc0a-4778-860b-03b6b1475b45"
"251f7714-716f-40ee-8875-d407d7c433ab","","2018-02-07 16:20:47.556693+00","2018-02-07 16:20:47.556685+00","83316505-f26a-48ab-b09b-a0eec9f5e7d0"
"e1301043-a303-4d50-9f62-bd6d5c46f11f","","2018-02-07 16:20:48.777009+00","2018-02-07 16:20:48.777001+00","14715eae-d94b-4b64-baac-81bf69d16642"
"641a30ab-5183-46f6-b127-a5923bf748b5","","2018-02-07 16:20:49.387744+00","2018-02-07 16:20:49.387721+00","36558f2e-14a6-4175-968d-f2954aa07e54"
"e10f8037-88ff-434a-96ce-7266c46552b0","","2018-02-07 16:20:51.812019+00","2018-02-07 16:20:51.812002+00","7e67b124-48e2-410c-a163-67e70ba31ef4"
"04bd56b0-a006-41f4-ac63-05b0c3131604","","2018-02-07 16:20:52.252754+00","2018-02-07 16:20:52.252745+00","1e200582-f365-4be1-98f1-fc0300e5f178"
"7136081f-51e7-4f90-bac2-b3e5f4a3cb25","","2018-02-07 16:20:52.738121+00","2018-02-07 16:20:52.738102+00","9cf64494-4051-4919-b253-9f03eb736b92"
"922093a2-0274-4107-afb0-3422532938ba","","2018-02-07 16:20:54.523627+00","2018-02-07 16:20:54.523618+00","9764557b-0ffe-43ef-b353-9e3f7b349613"
"1f23423f-96d6-4d54-bce2-b79084f93370","","2018-02-07 16:20:55.656307+00","2018-02-07 16:20:55.656285+00","8595bdac-b2c1-487f-ac60-193439635d0a"
"1d9c3136-077d-4d16-8579-c802620829ac","","2018-02-07 16:20:57.22409+00","2018-02-07 16:20:57.224071+00","59cb9997-2c6b-429f-a25f-c426bdcb4e30"
"93e8c699-8ee2-4f35-a4b8-2b3f4bd0d7a4","","2018-02-07 16:20:57.749549+00","2018-02-07 16:20:57.74954+00","d8425821-f407-4221-bc10-16f669e2495a"
"9088ff50-d5d9-4ab1-b8c0-323d203e6f4b","","2018-02-07 16:20:59.500752+00","2018-02-07 16:20:59.500742+00","f436ab72-d153-40b8-b332-c0f57d444791"
"30945194-c68b-49aa-a5b2-70c6dcd62855","","2018-02-07 16:21:01.56148+00","2018-02-07 16:21:01.561471+00","fd789544-85fb-4bdc-9528-60fe1cb84017"
"fcba1199-97df-4901-88f6-87166406b639","","2018-02-07 16:21:05.6103+00","2018-02-07 16:21:05.610276+00","9bc092f4-0617-4d20-abff-24daee3e7b15"
"4436a310-194f-4d32-95a1-857f04c11aad","","2018-02-07 16:21:08.793971+00","2018-02-07 16:21:08.793963+00","27ce0494-d269-42db-86e5-de56fe6b8374"
"caeafd67-3dda-42ed-9121-365567683960","","2018-02-07 16:21:09.278043+00","2018-02-07 16:21:09.27802+00","0c6666ae-5953-4cad-ba2e-b9712785d6d7"
"5955a843-0feb-49ae-86c5-4cc3fb0e2c39","","2018-02-07 16:21:09.924405+00","2018-02-07 16:21:09.924397+00","0effe2b1-2c79-4f4b-b912-2fd3028829d8"
"837ac013-0498-4c75-9999-16bcf71917a3","","2018-02-07 16:21:10.446729+00","2018-02-07 16:21:10.446711+00","197634ee-b312-431f-afa8-efdc677bb139"
"7d6f1688-1277-44c6-b848-4e578c8983ba","","2018-02-07 16:21:10.968556+00","2018-02-07 16:21:10.968539+00","75d76867-31c8-41ce-a57d-5a6b2bea30bf"
"55188185-da10-42c9-a5c3-c7d09145a9a9","","2018-02-07 16:21:12.33736+00","2018-02-07 16:21:12.337352+00","f2b8e26d-c54a-4004-97ea-3e0bf5c45b8c"
"45102eec-4247-43c7-858b-31151176d175","","2018-02-07 16:21:13.291317+00","2018-02-07 16:21:13.291309+00","3ccac84c-009e-4179-81fb-4e27a51bac00"
"8b9a0d9a-afe0-4564-885a-8825f645fd7c","","2018-02-07 16:21:16.418119+00","2018-02-07 16:21:16.41811+00","04193828-2668-4999-8108-6091c92e41b8"
"29269578-3021-46ae-80f1-2882fa680861","","2018-02-07 16:21:17.851352+00","2018-02-07 16:21:17.851343+00","7c25ad5b-c890-414c-8b1b-530a951e023a"
"78918f66-e928-47b5-ace1-d452690da43e","","2018-02-07 16:21:18.374939+00","2018-02-07 16:21:18.374921+00","1be89bd5-5af5-46e0-afdb-f5c7d52f1bbd"
"47e2f7b1-2825-4564-b640-2672e5e8e9e6","","2018-02-07 16:21:21.047851+00","2018-02-07 16:21:21.047842+00","c348fad0-e070-4206-bf4a-75ac8c965682"
"cb3dc0d9-b12f-452c-8a00-450f380ac044","","2018-02-07 16:21:21.538746+00","2018-02-07 16:21:21.538724+00","11529def-8c98-4720-9326-48b8ad0642ba"
"5486c842-8825-44ff-9658-5595b93c10fd","","2018-02-07 16:21:22.838313+00","2018-02-07 16:21:22.838304+00","3ba22b7c-ab1b-4cd6-94c8-76df9e0f66d4"
"0e30b05e-9c74-4a36-b0f5-eaac74a859d7","","2018-02-07 16:21:24.178407+00","2018-02-07 16:21:24.178389+00","eb52d1a3-6736-4b3f-b3f7-73108b7effb8"
"226f7881-1439-4043-9f08-4d6d2c8a6bee","","2018-02-07 16:21:26.08707+00","2018-02-07 16:21:26.087062+00","c4bf43cd-1feb-4b06-8172-4165e82d04d7"
"d7440848-41c0-4d36-a426-7e2091070cca","","2018-02-07 16:21:29.973087+00","2018-02-07 16:21:29.97307+00","c256c3fd-836f-4145-b36e-ecc0d5ae1db9"
"39fc02f2-2d2a-4579-b5b4-fb16d6bcca7b","","2018-02-07 16:21:30.378495+00","2018-02-07 16:21:30.378487+00","ae658cc2-2816-4387-a4e7-160cb25d69a5"
"27d18e07-86e8-4e0d-a88a-58004d034767","","2018-02-07 16:21:31.024799+00","2018-02-07 16:21:31.024782+00","dc045050-7875-4f1b-a652-f45d8363a4d0"
"9eaa3189-f17d-45d4-9d2e-2bfa1e9de5d4","","2018-02-07 16:21:31.549281+00","2018-02-07 16:21:31.549263+00","7df85bcd-1301-49f6-82f4-4b6515cc6ccf"
"2b55eb98-8d43-4c1b-b26b-66fe20b5a119","","2018-02-07 16:21:32.724118+00","2018-02-07 16:21:32.724109+00","455bd0ba-d979-40a1-8ae9-edabeaf7cc74"
"fc05e988-21b9-401f-ba89-9d5e7a95aafc","","2018-02-07 16:21:34.065895+00","2018-02-07 16:21:34.065877+00","ce8d1b6f-eeba-40aa-87ff-9e87aa4e50be"
"0f6bd974-74c7-43b8-aac4-0156de3e69e2","","2018-02-07 16:21:36.71779+00","2018-02-07 16:21:36.717782+00","cfcf6147-51e9-477d-8162-7a5e40c820d8"
"88ce274a-c8d0-440a-aa9e-d1fb40a5c3a0","","2018-02-07 16:22:04.605502+00","2018-02-07 16:22:04.605494+00","148dbdb0-f645-4b7f-9d33-a344da03b3e3"
"ef37a90d-a45e-4237-84ea-9a431469a966","","2018-02-07 16:22:10.074895+00","2018-02-07 16:22:10.074868+00","ac9ec050-78ca-4796-b88b-62054a6c118f"
"dd24c656-43cf-497e-aa37-b792392dc3cc","","2018-02-07 16:22:10.720398+00","2018-02-07 16:22:10.72038+00","2e540bf2-d474-48d4-8fd2-15701e42b45b"
"b4b885d2-6676-48b4-a309-7fd29b9c313c","","2018-02-07 16:22:11.122475+00","2018-02-07 16:22:11.122467+00","793f6583-6e6a-407c-b3ab-2526834a6394"
"7a1ec57e-f517-4164-8139-ffabc8988493","","2018-02-07 16:22:11.77122+00","2018-02-07 16:22:11.771211+00","4aa2278d-d0aa-4479-a465-5610e59d4675"
"b283a931-f91f-4df0-bbef-79521e2243e5","","2018-02-07 16:22:12.296521+00","2018-02-07 16:22:12.296513+00","45520f04-1530-4313-8f5b-bce895cf24fa"
"28174d25-bb0f-4c32-b7c4-5e6e3c113b54","","2018-02-07 16:22:13.758696+00","2018-02-07 16:22:13.758688+00","a263d5f4-3057-46a9-af88-2d86cc2183d2"
"8e55929c-ecbc-40c3-a57c-6e51b18cd045","","2018-02-07 16:22:16.113304+00","2018-02-07 16:22:16.113281+00","d0125d04-8bca-4a4c-af28-9a5c24910787"
"3b11c3fe-2a2e-4339-8a9d-1d5dd3d804e6","","2018-02-07 16:22:17.047347+00","2018-02-07 16:22:17.047339+00","4bf02940-94f2-412c-9352-6aa4885991b2"
"5f884b57-2e7d-439e-86c8-9422fe76ccb5","","2018-02-07 16:22:17.532959+00","2018-02-07 16:22:17.53295+00","c02d503b-e91d-449a-ac24-885daf92975c"
"c373d54e-29da-4da1-8e19-9984bd54b3ed","","2018-02-07 16:22:18.558212+00","2018-02-07 16:22:18.558194+00","c901951f-5bc0-4cc6-9132-4abd914c73d5"
"e51032b5-a617-4e98-b7c0-c04237e3fbe4","","2018-02-07 16:22:18.960789+00","2018-02-07 16:22:18.96078+00","ba23d8da-68ac-4f09-a762-f316acee2cc0"
"02a8aeac-8882-4151-a220-c5cafb01478b","","2018-02-07 16:22:20.301092+00","2018-02-07 16:22:20.30107+00","443d600b-e42e-4a4c-b1fc-a59664c3cf8f"
"3560b489-6aac-4fc0-9e0d-c52632aa734d","","2018-02-07 16:22:21.692485+00","2018-02-07 16:22:21.692468+00","8e7839a5-9c5f-4570-a3ee-6f2646b03142"
"b5eb5e9f-45ca-4296-9299-59de4448ede1","","2018-02-07 16:22:22.102328+00","2018-02-07 16:22:22.102319+00","902c848a-6918-4c75-8d84-62a6ec4d4993"
"9064f847-575a-4feb-8782-cfa5bce082cd","","2018-02-07 16:22:22.584901+00","2018-02-07 16:22:22.584893+00","f62b87ec-fffe-4ebe-817e-dcc57d1d7216"
"02cdde87-b6ab-494e-994b-c5ad74e6424f","","2018-02-07 16:22:23.395456+00","2018-02-07 16:22:23.395447+00","b251b5c0-dfd3-4541-859c-10c843ea94d9"
"5d3d528f-7bd9-45bc-a074-6e9497f431d6","","2018-02-07 16:22:24.650311+00","2018-02-07 16:22:24.650302+00","9b108b2b-53a2-4519-949b-93e62e589a47"
"241ac6fc-98c6-4278-8864-4518ccd5301b","","2018-02-07 16:22:26.831909+00","2018-02-07 16:22:26.831901+00","19c0a996-3834-4c41-8afb-0c673f9b252b"
"7c1aeb80-5ab0-4212-8e52-33a5ade8316c","","2018-02-07 16:22:28.290928+00","2018-02-07 16:22:28.290911+00","c4ffe54d-bd12-4d83-89c3-c432b3142f90"
"77b51a7e-e5d1-4dd3-b127-ed4cc2c3f4a7","","2018-02-07 16:22:29.015863+00","2018-02-07 16:22:29.015854+00","c6de4188-14c1-417e-9ea4-db05e5797812"
"3a90c64d-e2f2-4099-a2b1-5a38dd7fa7e8","","2018-02-07 16:22:30.344438+00","2018-02-07 16:22:30.344417+00","34d64c4f-7375-4b10-bcdc-5d9d5732d6b3"
"0945f986-37a5-418c-8dc9-8ede943dd562","","2018-02-07 16:22:31.330199+00","2018-02-07 16:22:31.330187+00","d2bcd849-35a9-43a4-8562-08332633919b"
"eb9ebad5-85f7-4c44-91f1-7cef90ca2747","","2018-02-07 16:22:33.638179+00","2018-02-07 16:22:33.638171+00","95b5cfc1-9340-4f26-af44-8dddc65a2a7b"
"426c8196-496d-4da4-ab6d-870063a00744","","2018-02-07 16:22:34.564377+00","2018-02-07 16:22:34.564368+00","013001b8-ec57-44aa-be5f-ccdd4ac37788"
"d32092fa-6e86-4fd1-bdff-d8445dd73dc5","","2018-02-07 16:22:35.051276+00","2018-02-07 16:22:35.051268+00","511bb1ee-ea66-44d9-bdd6-e5972a82ad63"
"45ee33d5-a9e4-4e96-aa78-dbb94bcdb637","","2018-02-07 16:22:39.456742+00","2018-02-07 16:22:39.456734+00","098449d3-0009-44df-845e-bb92ed444e15"
"30fe7161-aa15-4e5a-a5eb-031a6e425444","","2018-02-07 16:22:40.063177+00","2018-02-07 16:22:40.06316+00","e474c523-a1ed-4932-ad49-f40db6818d80"
"d5d10a28-19aa-4544-bc8d-db77ae518e77","","2018-02-07 16:22:40.927867+00","2018-02-07 16:22:40.927858+00","74d54d6d-9e46-4542-b977-89347a991cb5"
"119b0a4d-516c-43e6-8fd8-d4f0fcdf6b4b","","2018-02-07 16:22:41.411855+00","2018-02-07 16:22:41.411847+00","33a4b7a1-1dfb-4f53-8a00-5d1893904e18"
"c56bc2cf-8277-4612-b2db-9ac6b1664f1d","","2018-02-07 16:22:42.464607+00","2018-02-07 16:22:42.464597+00","2df94c50-3235-4414-a6ea-4e641a75f2d7"
"6b24f005-c977-4d5f-8015-331cd7357def","","2018-02-07 16:22:45.262886+00","2018-02-07 16:22:45.262878+00","e668e38e-aea1-4a64-a842-b84e4eba64a0"
"5416a50c-51fd-499f-bc52-013234d3f574","","2018-02-07 16:22:47.406814+00","2018-02-07 16:22:47.406806+00","49a6c1ff-dca3-4a73-8121-45af5f431679"
"ac5ce527-7978-4b9a-9d45-5dbb01f58739","","2018-02-07 16:22:51.769812+00","2018-02-07 16:22:51.769794+00","034df4c4-23c2-42dc-87c6-14738b789a01"
"9331f05d-1340-4fc1-aef1-6d1354ca2629","","2018-02-07 16:22:52.179904+00","2018-02-07 16:22:52.179895+00","275a0e89-d36f-47c7-8853-74090a1b1091"
"2998e01f-603d-4c9f-bafa-56a0de69a709","","2018-02-07 16:22:56.085289+00","2018-02-07 16:22:56.08528+00","c72cbaef-db55-4b5c-a3aa-306cb935b3e9"
"7cf55c77-60b0-49e3-bd75-c1f44377df25","","2018-02-07 16:22:56.569452+00","2018-02-07 16:22:56.569442+00","7b242374-ce69-49b3-a974-ed17c30e4528"
"a72b6ad2-d9de-42c6-ac34-1260e8dc207e","","2018-02-07 16:22:57.537875+00","2018-02-07 16:22:57.537866+00","aeba86f0-1a71-470f-bc49-180bc54eba62"
"38252ffa-dccf-44f0-9952-d39a42464d34","","2018-02-07 16:22:58.504778+00","2018-02-07 16:22:58.504708+00","02b3dcee-b90e-42c7-ac35-82f1f76f2e29"
"ab192942-fba8-4583-b15f-fb60f58735fd","","2018-02-07 16:22:59.271675+00","2018-02-07 16:22:59.271659+00","02e348a1-f3df-4757-991e-8a2ae77cf9b5"
"303a5121-271a-46f3-a5d9-2479ea413b86","","2018-02-07 16:23:01.346481+00","2018-02-07 16:23:01.346473+00","dfd41d1d-fdbe-4854-8c81-cda6b5015956"
"7d380195-5fda-4c45-bb38-d08f064d8f77","","2018-02-07 16:23:02.359437+00","2018-02-07 16:23:02.359429+00","d9a37f5f-df9d-4d21-b52c-9efba9267b40"
"394fe235-d8e3-4b1f-acb0-d6c6fc382d63","","2018-02-07 16:23:03.576207+00","2018-02-07 16:23:03.576198+00","58653812-56ca-420c-98ac-864a255dd06e"
"a09b8ec8-97bd-4a82-9dea-d2080cf6a648","","2018-02-07 16:23:04.180987+00","2018-02-07 16:23:04.180977+00","2043c20d-c63b-4b49-b312-470af5584656"
"bd91295e-95bf-4d2b-a9fd-a5abaaa4948a","","2018-02-07 16:23:05.960879+00","2018-02-07 16:23:05.960855+00","607f2c49-3dc5-4eef-8e5b-dd358500ab21"
"e5f4445f-91d0-4d5b-bd50-a9e5a7823ed4","","2018-02-07 16:23:07.252031+00","2018-02-07 16:23:07.252022+00","4e1c31c4-5d13-4a6f-8672-8da77c825dea"
"c94d84d6-8058-490c-b95e-0fd7c5db0e09","","2018-02-07 16:23:08.076189+00","2018-02-07 16:23:08.07618+00","6f885721-f396-49e2-b4e7-e66ea5b57fad"
"aafdbaac-107f-4a74-bbae-df9194f8f279","","2018-02-07 16:23:09.203582+00","2018-02-07 16:23:09.203564+00","415d9172-f513-4287-a4fe-4478eb9848b1"
"7d53aff4-29b5-486f-b5a1-50743ebab5eb","","2018-02-07 16:23:09.927743+00","2018-02-07 16:23:09.927734+00","62501f7a-1632-47f4-94f0-969a7f013a51"
"da667015-74cd-42fb-b735-08e1279a486e","","2018-02-07 16:23:14.403024+00","2018-02-07 16:23:14.403014+00","c4555227-31c2-47d4-b7d2-2470254c1755"
"8d0606e9-2dfa-4b28-82af-50aab48534f5","","2018-02-07 16:23:15.249204+00","2018-02-07 16:23:15.249186+00","a7b81840-cbdb-420f-8125-fbd0304f58f2"
"95801294-678e-4808-a954-3c2328459a92","","2018-02-07 16:23:15.652631+00","2018-02-07 16:23:15.652607+00","452ee1c4-8814-4145-9aad-3e308a6995bc"
"aebb64e2-3562-4265-9c44-ad0482cbf578","","2018-02-07 16:23:17.093316+00","2018-02-07 16:23:17.093299+00","db9ac157-6788-4bb1-bd40-e825bc0141f8"
"d334a2a5-b6c1-406f-8bd6-9409891b7fa8","","2018-02-07 16:23:17.942525+00","2018-02-07 16:23:17.942516+00","53d05fc3-dcf6-4668-a3fd-42fa6b900c7b"
"1f5cc547-4eef-4ae9-914b-c31bcc605ad7","","2018-02-07 16:23:18.952981+00","2018-02-07 16:23:18.952972+00","1cc3867c-d8ee-4b6a-a416-50a850c3c35e"
"9e2f8fe7-5941-4de5-8e58-b1bcd69bef2b","","2018-02-07 16:23:20.682307+00","2018-02-07 16:23:20.682298+00","f658fee6-9daa-46f4-82f0-02e385687180"
"2cecad0f-cdf1-4484-89af-33bd02c54f15","","2018-02-07 16:23:22.813326+00","2018-02-07 16:23:22.813318+00","c4415728-ce1a-4431-bd46-c4923cb311e8"
"3d4a1a66-bdb8-4622-92c6-aa21612d9430","","2018-02-07 16:23:24.603864+00","2018-02-07 16:23:24.603846+00","295543e8-fb1d-4351-a972-1668c8a1631d"
"0c3ffea7-888f-49a8-bb66-b718319f9d82","","2018-02-07 16:23:25.451271+00","2018-02-07 16:23:25.451252+00","3d71d22e-209e-4cd5-9ebb-336db2129ea3"
"248974e9-704e-4fc4-af2e-9afe62b9b1ac","","2018-02-07 16:23:28.876731+00","2018-02-07 16:23:28.876723+00","057dad51-5936-480a-b13d-167fa532237d"
"a00afa8d-e807-40c4-b23c-74a812454265","","2018-02-07 16:23:32.139888+00","2018-02-07 16:23:32.139871+00","0ffa6de6-b180-48e6-a8b9-ba7d9e2f73f8"
"b2196e18-669f-403a-a79a-d4aa175df25c","","2018-02-07 16:23:37.383855+00","2018-02-07 16:23:37.383847+00","a7d1b2aa-d2c2-4375-84ae-11b76def0ad9"
"57951097-dca9-4ae0-a369-56e634106e4d","","2018-02-07 16:23:38.39482+00","2018-02-07 16:23:38.394811+00","e87ca1e1-129e-4005-9fd0-4f6dd9851fb9"
"fc5e1bf3-7b68-41b9-97be-bf4910658cdb","","2018-02-07 16:23:38.877731+00","2018-02-07 16:23:38.877723+00","50cc8bb0-8a15-4958-8e2b-8ceb401c9dcc"
"528eb016-4b43-4990-95d9-49529c6fb490","","2018-02-07 16:23:39.928079+00","2018-02-07 16:23:39.92807+00","07287d48-e02f-4ebe-8b73-67891bd0a734"
"936af344-7dcb-49a5-af4a-47fa6c96edf2","","2018-02-07 16:23:43.309799+00","2018-02-07 16:23:43.309789+00","e9e189ef-e844-4282-8b7b-b246781053c7"
"f15dc88e-08dd-4dda-a353-0fed15c6b3a6","","2018-02-07 16:23:44.11999+00","2018-02-07 16:23:44.119982+00","fc7e5a36-91b7-49b3-8835-4f128c827792"
"084b1511-4c07-4e51-925c-02481280618a","","2018-02-07 16:23:45.138904+00","2018-02-07 16:23:45.138824+00","fb360362-3434-4c62-9ec4-dbc2df8857b9"
"36557132-2f58-47ff-a224-5bb07844a3f3","","2018-02-07 16:23:46.066035+00","2018-02-07 16:23:46.066026+00","2df5b7ad-230d-4026-b965-f8c92ab7af5d"
"dd0c7ac7-7fba-4cd4-a253-580598bb06f6","","2018-02-07 16:23:47.203123+00","2018-02-07 16:23:47.203106+00","1bcd4f28-ab76-4873-a386-15289ce5b4b4"
"3f0d54e6-256e-4828-9971-c1d5e03763b4","","2018-02-07 16:23:51.226263+00","2018-02-07 16:23:51.22625+00","530ddf0c-7850-474d-8d03-862c650dfca6"
"0ff2967e-7e5d-49f3-ae72-cae2fcd537c0","","2018-02-07 16:23:52.660759+00","2018-02-07 16:23:52.660742+00","f96295cc-ff7d-4e53-9b9d-6d5e295ef88d"
"54f7e05e-8a55-4878-bb9b-c203056a35f4","","2018-02-07 16:23:53.02615+00","2018-02-07 16:23:53.026136+00","531401f3-a091-4c4c-b198-1f2479be9181"
"746d0790-5ce6-4394-9697-962381cdf2e9","","2018-02-07 16:23:53.882741+00","2018-02-07 16:23:53.882732+00","4fe46265-d553-44fc-b4d9-b830c3f76ba8"
"f7fcdf91-3220-4ca2-8a8e-ad99d865ed17","","2018-02-07 16:23:54.421547+00","2018-02-07 16:23:54.421538+00","cd62f4f4-d2b5-4d4e-b125-5a441cf6f1bd"
"03a432a2-05dd-46b6-b0ac-5a3df3923af3","","2018-02-07 16:23:54.914646+00","2018-02-07 16:23:54.914628+00","6a1208d2-8261-462b-845b-8986dab00fd7"
"2c99b7bb-f735-423a-8901-1cf89b7e4bc1","","2018-02-07 16:23:56.531374+00","2018-02-07 16:23:56.531365+00","537f2b64-20b1-41ea-8351-b3d96e47b56b"
"a0fa9813-2efa-424d-a262-def4ac4b2453","","2018-02-07 16:23:59.609025+00","2018-02-07 16:23:59.609017+00","61109905-98c0-43d9-9429-08f6efd42e0e"
"26685257-150e-4c99-a05a-3d8cfad30ee8","","2018-02-07 16:24:00.133512+00","2018-02-07 16:24:00.133503+00","31bbcc0a-cdd4-43b4-948e-5ac750fe86ba"
"da266e95-6037-4135-a57a-a374e2dbae61","","2018-02-07 16:24:00.6995+00","2018-02-07 16:24:00.699491+00","a9d60615-ac95-4f9f-9466-763d15379f6d"
"0bc9a956-1708-4d3a-99f7-b399b44e1f20","","2018-02-07 16:24:02.90322+00","2018-02-07 16:24:02.903202+00","cf548d4c-4546-4b55-bb9a-15b6a101e7dc"
"9703f87b-3012-426a-97b0-455aa17c0fef","","2018-02-07 16:24:07.012584+00","2018-02-07 16:24:07.012567+00","87de2164-bdc3-4d3a-87d6-e2acd67a7fcc"
"00ff188b-b808-4c18-ab6d-1f0499e63b36","","2018-02-07 16:24:08.193218+00","2018-02-07 16:24:08.193201+00","8ae46332-7bf2-4626-91b0-56eaadb4c201"
"ac252db4-8557-4825-ae89-cee9b64b89dd","","2018-02-07 16:24:08.998615+00","2018-02-07 16:24:08.998605+00","ceae6574-d1ba-4943-94ed-35d62c09ca05"
"b9a24065-fbc7-4a44-a3d6-61b6e9af256b","","2018-02-07 16:24:11.727+00","2018-02-07 16:24:11.726992+00","a9707160-f6cd-479e-8d53-142ece750cbb"
"97e3011f-e92d-48d8-85e4-9ee90c58b951","","2018-02-07 16:24:14.079009+00","2018-02-07 16:24:14.078991+00","d25b8f3c-ac64-49ab-8df7-821275edda6d"
"d8201721-5960-4df7-9e00-932b1ea04c02","","2018-02-07 16:24:17.610656+00","2018-02-07 16:24:17.610646+00","2d80c619-a5d3-4534-b88a-28f17671ca3f"
"de977056-ac11-4361-93d3-3e00b05e956a","","2018-02-07 16:24:20.870977+00","2018-02-07 16:24:20.870958+00","d5d6bf06-1f19-4233-9b2f-9f3e488db4c2"
"def1875e-0b3c-4bd2-8a54-7bd829ef01aa","","2018-02-07 16:24:27.964378+00","2018-02-07 16:24:27.964361+00","92a3e808-b71e-4e6d-b118-410dbb634fd0"
"f5b7ee49-5e03-484c-9192-727413e7d980","","2018-02-07 16:24:29.283226+00","2018-02-07 16:24:29.283208+00","c8421a79-a40e-4187-af82-f7f20b2db60e"
"e13f9872-4a7a-4c87-ba8e-a4745a12fa10","","2018-02-07 16:24:31.481831+00","2018-02-07 16:24:31.481823+00","a42f19a2-1d14-4234-91b4-d66e95a79713"
"c2af1c7f-fe6a-4d40-afba-77533e637fb2","","2018-02-07 16:24:33.072883+00","2018-02-07 16:24:33.072872+00","6f7227a5-0979-46e6-b08f-c15f9244251b"
"163a4e4e-8d7e-4b69-9024-bfbd8c1d16d0","","2018-02-07 16:24:33.620975+00","2018-02-07 16:24:33.620966+00","a5f3eedf-14fb-4920-8e07-91ca8922cd75"
"60eafd17-82fe-4c34-8bb5-683cf2c30aaa","","2018-02-07 16:24:34.15053+00","2018-02-07 16:24:34.150512+00","19ce30d4-c980-411c-b0ac-39baa88ab07d"
"7721c236-adf8-42f5-9938-03880579be19","","2018-02-07 16:25:03.202959+00","2018-02-07 16:25:03.202941+00","e31cbfa7-4834-4328-a94f-fb62a74e6801"
